tournament,date,series,court,surface,round,best of,player_1,player_2,winner,rank_1,rank_2,pts_1,pts_2,odd_1,odd_2,score
Australian Open,1/20/2020,Grand Slam,Outdoor,Hard,1st Round,5,Harris A.,Berrettini M.,Berrettini M.,162,8,316,2870,7,1.1,3-6 1-6 3-6
Australian Open,1/20/2020,Grand Slam,Outdoor,Hard,1st Round,5,Berankis R.,Carballes Baena R.,Berankis R.,69,83,804,664,1.66,2.2,6-4 6-2 6-2
Australian Open,1/20/2020,Grand Slam,Outdoor,Hard,1st Round,5,Mcdonald M.,Evans D.,Evans D.,129,32,419,1349,5,1.16,6-3 6-4 1-6 2-6 3-6
Australian Open,1/20/2020,Grand Slam,Outdoor,Hard,1st Round,5,Nishioka Y.,Djere L.,Nishioka Y.,71,40,797,1185,1.57,2.37,6-4 3-6 6-2 7-6
Australian Open,1/20/2020,Grand Slam,Outdoor,Hard,1st Round,5,Smith J.P.,Pella G.,Pella G.,308,25,130,1585,4,1.25,3-6 5-7 4-6
Australian Open,1/20/2020,Grand Slam,Outdoor,Hard,1st Round,5,Querrey S.,Coric B.,Querrey S.,45,28,1100,1490,2.2,1.66,6-3 6-4 6-4
Australian Open,1/20/2020,Grand Slam,Outdoor,Hard,1st Round,5,Safwat M.,Barrere G.,Barrere G.,173,84,291,649,2.75,1.44,7-6 6-7 4-6 6-7
Australian Open,1/20/2020,Grand Slam,Outdoor,Hard,1st Round,5,Fucsovics M.,Shapovalov D.,Fucsovics M.,67,13,827,2200,5,1.16,6-3 6-7 6-1 7-6
Australian Open,1/20/2020,Grand Slam,Outdoor,Hard,1st Round,5,Johnson S.,Federer R.,Federer R.,75,3,720,6590,15,1.03,3-6 2-6 2-6
Australian Open,1/20/2020,Grand Slam,Outdoor,Hard,1st Round,5,Dimitrov G.,Londero J.I.,Dimitrov G.,20,52,1772,1017,1.2,4.5,4-6 6-2 6-0 6-4
Australian Open,1/20/2020,Grand Slam,Outdoor,Hard,1st Round,5,Caruso S.,Tsitsipas S.,Tsitsipas S.,95,6,586,5375,19,1.02,0-6 2-6 3-6
Australian Open,1/20/2020,Grand Slam,Outdoor,Hard,1st Round,5,Kohlschreiber P.,Giron M.,Kohlschreiber P.,79,107,700,521,1.28,3.75,7-5 6-1 6-2
Australian Open,1/20/2020,Grand Slam,Outdoor,Hard,1st Round,5,Struff J.L.,Djokovic N.,Djokovic N.,37,2,1270,9720,23,1.01,6-7 2-6 6-2 1-6
Australian Open,1/21/2020,Grand Slam,Outdoor,Hard,1st Round,5,Cilic M.,Moutet C.,Cilic M.,39,70,1205,800,1.5,2.62,6-3 6-2 6-4
Australian Open,1/21/2020,Grand Slam,Outdoor,Hard,1st Round,5,Gombos N.,Davidovich Fokina A.,Davidovich Fokina A.,113,88,498,627,2.1,1.72,6-4 4-6 6-2 3-6 2-6
Australian Open,1/21/2020,Grand Slam,Outdoor,Hard,1st Round,5,Hurkacz H.,Novak D.,Hurkacz H.,31,99,1398,574,1.36,3.2,6-7 1-6 6-2 6-3 6-4
Australian Open,1/21/2020,Grand Slam,Outdoor,Hard,1st Round,5,Gunneswaran P.,Ito T.,Ito T.,123,146,442,362,1.57,2.37,4-6 2-6 5-7
Australian Open,1/21/2020,Grand Slam,Outdoor,Hard,1st Round,5,Millman J.,Humbert U.,Millman J.,47,43,1096,1130,2,1.8,7-6 6-3 1-6 7-5
Australian Open,1/21/2020,Grand Slam,Outdoor,Hard,1st Round,5,Stebe C.M.,Paire B.,Paire B.,154,21,340,1703,3.2,1.36,4-6 6-3 3-6 7-6 0-6
Australian Open,1/21/2020,Grand Slam,Outdoor,Hard,1st Round,5,Schwartzman D.,Harris L.,Schwartzman D.,14,72,2130,746,1.33,3.4,6-4 6-2 6-2
Australian Open,1/21/2020,Grand Slam,Outdoor,Hard,1st Round,5,Lopez F.,Bautista Agut R.,Bautista Agut R.,57,9,933,2630,6,1.12,2-6 2-6 5-7
Australian Open,1/21/2020,Grand Slam,Outdoor,Hard,1st Round,5,Fognini F.,Opelka R.,Fognini F.,12,38,2310,1227,2,1.8,3-6 6-7 6-4 6-3 7-6
Australian Open,1/21/2020,Grand Slam,Outdoor,Hard,1st Round,5,Purcell M.,Sinner J.,Sinner J.,216,82,221,671,3.4,1.33,6-7 2-6 4-6
Australian Open,1/21/2020,Grand Slam,Outdoor,Hard,1st Round,5,Lajovic D.,Edmund K.,Lajovic D.,27,65,1516,845,2.5,1.53,7-6 6-3 7-6
Australian Open,1/21/2020,Grand Slam,Outdoor,Hard,1st Round,5,Kukushkin M.,Polmans M.,Polmans M.,68,133,816,411,1.4,3,4-6 3-6 6-4 7-6 4-6
Australian Open,1/21/2020,Grand Slam,Outdoor,Hard,1st Round,5,Raonic M.,Giustino L.,Raonic M.,35,150,1305,347,1.1,7,6-2 6-1 6-3
Australian Open,1/21/2020,Grand Slam,Outdoor,Hard,1st Round,5,Mayer L.,Paul T.,Paul T.,101,80,564,696,3.4,1.33,6-4 4-6 4-6 4-6
Australian Open,1/21/2020,Grand Slam,Outdoor,Hard,1st Round,5,Khachanov K.,Vilella Martinez M.,Khachanov K.,17,196,1995,254,1.05,11,4-6 6-4 7-6 6-3
Australian Open,1/21/2020,Grand Slam,Outdoor,Hard,1st Round,5,Mannarino A.,Thiem D.,Thiem D.,44,5,1111,5890,6,1.12,3-6 5-7 2-6
Australian Open,1/21/2020,Grand Slam,Outdoor,Hard,1st Round,5,Garin C.,Travaglia S.,Garin C.,36,74,1285,730,1.72,2.1,6-4 6-3 6-4
Australian Open,1/21/2020,Grand Slam,Outdoor,Hard,1st Round,5,Trungelliti M.,Sandgren T.,Sandgren T.,202,100,238,573,2.5,1.53,1-6 4-6 5-7
Australian Open,1/21/2020,Grand Slam,Outdoor,Hard,1st Round,5,Wawrinka S.,Dzumhur D.,Wawrinka S.,15,92,2045,594,1.14,5.5,7-5 6-7 6-4 6-4
Australian Open,1/21/2020,Grand Slam,Outdoor,Hard,1st Round,5,Auger-Aliassime F.,Gulbis E.,Gulbis E.,22,256,1701,179,1.22,4.33,5-7 6-4 6-7 4-6
Australian Open,1/21/2020,Grand Slam,Outdoor,Hard,1st Round,5,Krajinovic F.,Halys Q.,Krajinovic F.,41,215,1158,222,1.25,4,7-6 7-6 3-6 4-6 7-5
Australian Open,1/21/2020,Grand Slam,Outdoor,Hard,1st Round,5,Bublik A.,Thompson J.,Thompson J.,56,66,948,843,1.9,1.9,4-6 3-6 2-6
Australian Open,1/21/2020,Grand Slam,Outdoor,Hard,1st Round,5,Bedene A.,Duckworth J.,Bedene A.,55,94,950,588,1.72,2.1,6-4 6-7 6-7 6-2 6-4
Australian Open,1/21/2020,Grand Slam,Outdoor,Hard,1st Round,5,Kovalik J.,Carreno Busta P.,Carreno Busta P.,139,30,379,1422,6.5,1.11,4-6 6-3 1-6 6-7
Australian Open,1/21/2020,Grand Slam,Outdoor,Hard,1st Round,5,Nadal R.,Dellien H.,Nadal R.,1,73,10235,743,1.005,29,6-2 6-3 6-0
Australian Open,1/21/2020,Grand Slam,Outdoor,Hard,1st Round,5,Uchiyama Y.,Ymer M.,Ymer M.,93,78,594,709,3.2,1.36,4-6 1-6 2-6
Australian Open,1/21/2020,Grand Slam,Outdoor,Hard,1st Round,5,Mmoh M.,Andujar P.,Mmoh M.,217,63,219,867,1.53,2.5,6-1 6-4 6-4
Australian Open,1/21/2020,Grand Slam,Outdoor,Hard,1st Round,5,Kwon S.W.,Basilashvili N.,Basilashvili N.,87,29,637,1485,2,1.8,7-6 4-6 5-7 6-3 3-6
Australian Open,1/21/2020,Grand Slam,Outdoor,Hard,1st Round,5,Verdasco F.,Donskoy E.,Verdasco F.,51,106,1050,522,1.4,3,7-5 6-2 6-1
Australian Open,1/21/2020,Grand Slam,Outdoor,Hard,1st Round,5,Ramos-Vinolas A.,Bolt A.,Bolt A.,42,140,1130,377,1.61,2.3,6-7 6-1 7-6 1-6 4-6
Australian Open,1/21/2020,Grand Slam,Outdoor,Hard,1st Round,5,Seppi A.,Kecmanovic M.,Seppi A.,85,54,646,959,2.75,1.44,6-4 6-4 7-6
Australian Open,1/21/2020,Grand Slam,Outdoor,Hard,1st Round,5,O'Connell C.,Rublev A.,Rublev A.,115,16,481,2004,10,1.06,3-6 6-0 4-6 6-7
Australian Open,1/21/2020,Grand Slam,Outdoor,Hard,1st Round,5,Gojowczyk P.,Eubanks C.,Gojowczyk P.,120,221,463,215,1.53,2.5,7-6 6-3 4-6 6-0
Australian Open,1/21/2020,Grand Slam,Outdoor,Hard,1st Round,5,Benchetrit E.,Sugita Y.,Sugita Y.,231,91,205,608,2.75,1.44,2-6 0-6 3-6
Australian Open,1/21/2020,Grand Slam,Outdoor,Hard,1st Round,5,Herbert P.H.,Norrie C.,Herbert P.H.,64,62,865,885,1.66,2.2,7-5 3-6 3-6 7-5 6-4
Australian Open,1/21/2020,Grand Slam,Outdoor,Hard,1st Round,5,Tiafoe F.,Medvedev D.,Medvedev D.,50,4,1050,5960,9,1.07,3-6 6-4 4-6 2-6
Australian Open,1/21/2020,Grand Slam,Outdoor,Hard,1st Round,5,Kyrgios N.,Sonego L.,Kyrgios N.,26,53,1520,990,1.12,6,6-2 7-6 7-6
Australian Open,1/21/2020,Grand Slam,Outdoor,Hard,1st Round,5,Gaston H.,Munar J.,Munar J.,247,90,189,608,3.5,1.3,5-7 7-5 0-6 3-6
Australian Open,1/21/2020,Grand Slam,Outdoor,Hard,1st Round,5,Fritz T.,Griekspoor T.,Fritz T.,34,175,1335,288,1.2,4.5,6-3 6-3 6-3
Australian Open,1/21/2020,Grand Slam,Outdoor,Hard,1st Round,5,Chardy J.,Goffin D.,Goffin D.,58,11,920,2555,4.5,1.2,4-6 3-6 1-6
Australian Open,1/21/2020,Grand Slam,Outdoor,Hard,1st Round,5,Delbonis F.,Sousa J.,Delbonis F.,76,59,711,891,1.9,1.9,6-3 6-4 7-6
Australian Open,1/21/2020,Grand Slam,Outdoor,Hard,1st Round,5,Galan D.E.,Tabilo A.,Tabilo A.,186,208,269,233,1.53,2.5,6-4 3-6 4-6 7-6 4-6
Australian Open,1/21/2020,Grand Slam,Outdoor,Hard,1st Round,5,Zverev A.,Cecchinato M.,Zverev A.,7,77,3345,710,1.08,8,6-4 7-6 6-3
Australian Open,1/21/2020,Grand Slam,Outdoor,Hard,1st Round,5,Monteiro T.,Isner J.,Isner J.,86,19,640,1860,3.5,1.3,7-6 6-7 6-7 6-7
Australian Open,1/21/2020,Grand Slam,Outdoor,Hard,1st Round,5,Martinez P.,Koepfer D.,Martinez P.,168,89,300,609,2.5,1.53,6-3 6-4 7-5
Australian Open,1/21/2020,Grand Slam,Outdoor,Hard,1st Round,5,Ivashka I.,Anderson K.,Anderson K.,149,122,354,445,4.33,1.22,4-6 6-2 6-4 4-6 6-7
Australian Open,1/21/2020,Grand Slam,Outdoor,Hard,1st Round,5,Karlovic I.,Pospisil V.,Karlovic I.,124,138,436,392,4,1.25,7-6 6-4 7-5
Australian Open,1/21/2020,Grand Slam,Outdoor,Hard,1st Round,5,Ruud C.,Gerasimov E.,Gerasimov E.,48,98,1079,575,1.4,3,3-6 6-7 6-1 6-4 6-7
Australian Open,1/21/2020,Grand Slam,Outdoor,Hard,1st Round,5,Simon G.,Cuevas P.,Simon G.,61,46,890,1097,1.44,2.75,6-1 6-3 6-3
Australian Open,1/22/2020,Grand Slam,Outdoor,Hard,2nd Round,5,Berankis R.,Querrey S.,Querrey S.,69,45,804,1100,3.4,1.33,6-7 6-4 4-6 4-6
Australian Open,1/22/2020,Grand Slam,Outdoor,Hard,2nd Round,5,Pella G.,Barrere G.,Pella G.,25,84,1585,649,1.4,3,6-1 6-4 3-6 6-3
Australian Open,1/22/2020,Grand Slam,Outdoor,Hard,2nd Round,5,Evans D.,Nishioka Y.,Nishioka Y.,32,71,1349,797,1.61,2.3,4-6 3-6 4-6
Australian Open,1/22/2020,Grand Slam,Outdoor,Hard,2nd Round,5,Cilic M.,Paire B.,Cilic M.,39,21,1205,1703,1.4,3,6-2 6-7 3-6 6-1 7-6
Australian Open,1/22/2020,Grand Slam,Outdoor,Hard,2nd Round,5,Davidovich Fokina A.,Schwartzman D.,Schwartzman D.,88,14,627,2130,6,1.12,1-6 4-6 2-6
Australian Open,1/22/2020,Grand Slam,Outdoor,Hard,2nd Round,5,Fucsovics M.,Sinner J.,Fucsovics M.,67,82,827,671,2.1,1.72,6-4 6-4 6-3
Australian Open,1/22/2020,Grand Slam,Outdoor,Hard,2nd Round,5,Ito T.,Djokovic N.,Djokovic N.,146,2,362,9720,29,1.005,1-6 4-6 2-6
Australian Open,1/22/2020,Grand Slam,Outdoor,Hard,2nd Round,5,Sandgren T.,Berrettini M.,Sandgren T.,100,8,573,2870,4.5,1.2,7-6 6-4 4-6 2-6 7-5
Australian Open,1/22/2020,Grand Slam,Outdoor,Hard,2nd Round,5,Dimitrov G.,Paul T.,Paul T.,20,80,1772,696,1.36,3.2,4-6 6-7 6-3 7-6 6-7
Australian Open,1/22/2020,Grand Slam,Outdoor,Hard,2nd Round,5,Raonic M.,Garin C.,Raonic M.,35,36,1305,1285,1.28,3.75,6-3 6-4 6-2
Australian Open,1/22/2020,Grand Slam,Outdoor,Hard,2nd Round,5,Polmans M.,Lajovic D.,Lajovic D.,133,27,411,1516,4.33,1.22,2-6 4-6 3-6
Australian Open,1/22/2020,Grand Slam,Outdoor,Hard,2nd Round,5,Millman J.,Hurkacz H.,Millman J.,47,31,1096,1398,2,1.8,6-4 7-5 6-3
Australian Open,1/22/2020,Grand Slam,Outdoor,Hard,2nd Round,5,Mmoh M.,Bautista Agut R.,Bautista Agut R.,217,9,219,2630,8,1.08,7-5 2-6 4-6 1-6
Australian Open,1/22/2020,Grand Slam,Outdoor,Hard,2nd Round,5,Fognini F.,Thompson J.,Fognini F.,12,66,2310,843,1.66,2.2,7-6 6-1 3-6 4-6 7-6
Australian Open,1/22/2020,Grand Slam,Outdoor,Hard,2nd Round,5,Krajinovic F.,Federer R.,Federer R.,41,3,1158,6590,17,1.02,1-6 4-6 1-6
Australian Open,1/23/2020,Grand Slam,Outdoor,Hard,2nd Round,5,Gulbis E.,Bedene A.,Gulbis E.,256,55,179,950,3,1.4,7-5 6-3 6-2
Australian Open,1/23/2020,Grand Slam,Outdoor,Hard,2nd Round,5,Martinez P.,Medvedev D.,Medvedev D.,168,4,300,5960,21,1.01,5-7 1-6 3-6
Australian Open,1/23/2020,Grand Slam,Outdoor,Hard,2nd Round,5,Thiem D.,Bolt A.,Thiem D.,5,140,5890,377,1.07,9,6-2 5-7 6-7 6-1 6-2
Australian Open,1/23/2020,Grand Slam,Outdoor,Hard,2nd Round,5,Gerasimov E.,Zverev A.,Zverev A.,98,7,575,3345,4.5,1.2,6-7 4-6 5-7
Australian Open,1/23/2020,Grand Slam,Outdoor,Hard,2nd Round,5,Popyrin A.,Munar J.,Popyrin A.,96,90,585,608,1.44,2.75,6-2 7-6 6-2
Australian Open,1/23/2020,Grand Slam,Outdoor,Hard,2nd Round,5,Karlovic I.,Monfils G.,Monfils G.,124,10,436,2565,3.75,1.28,6-4 6-7 4-6 5-7
Australian Open,1/23/2020,Grand Slam,Outdoor,Hard,2nd Round,5,Rublev A.,Sugita Y.,Rublev A.,16,91,2004,608,1.12,6,6-2 6-3 7-6
Australian Open,1/23/2020,Grand Slam,Outdoor,Hard,2nd Round,5,Basilashvili N.,Verdasco F.,Verdasco F.,29,51,1485,1050,2.3,1.61,6-4 6-7 4-6 4-6
Australian Open,1/23/2020,Grand Slam,Outdoor,Hard,2nd Round,5,Isner J.,Tabilo A.,Isner J.,19,208,1860,233,1.11,6.5,6-4 6-3 6-2
Australian Open,1/23/2020,Grand Slam,Outdoor,Hard,2nd Round,5,Herbert P.H.,Goffin D.,Goffin D.,64,11,865,2555,5.5,1.14,1-6 4-6 6-4 6-1 3-6
Australian Open,1/23/2020,Grand Slam,Outdoor,Hard,2nd Round,5,Khachanov K.,Ymer M.,Khachanov K.,17,78,1995,709,1.36,3.2,6-2 2-6 6-4 3-6 7-6
Australian Open,1/23/2020,Grand Slam,Outdoor,Hard,2nd Round,5,Gojowczyk P.,Carreno Busta P.,Carreno Busta P.,120,30,463,1422,4.33,1.22,4-6 1-6 6-1 4-6
Australian Open,1/23/2020,Grand Slam,Outdoor,Hard,2nd Round,5,Kyrgios N.,Simon G.,Kyrgios N.,26,61,1520,890,1.2,4.5,6-2 6-4 4-6 7-5
Australian Open,1/23/2020,Grand Slam,Outdoor,Hard,2nd Round,5,Seppi A.,Wawrinka S.,Wawrinka S.,85,15,646,2045,4.33,1.22,6-4 5-7 3-6 6-3 4-6
Australian Open,1/23/2020,Grand Slam,Outdoor,Hard,2nd Round,5,Fritz T.,Anderson K.,Fritz T.,34,122,1335,445,1.8,2,4-6 6-7 7-6 6-2 6-2
Australian Open,1/23/2020,Grand Slam,Outdoor,Hard,2nd Round,5,Delbonis F.,Nadal R.,Nadal R.,76,1,711,10235,0.967,29,3-6 6-7 1-6
Australian Open,1/24/2020,Grand Slam,Outdoor,Hard,3rd Round,5,Schwartzman D.,Lajovic D.,Schwartzman D.,14,27,2130,1516,1.36,3.2,6-2 6-3 7-6
Australian Open,1/24/2020,Grand Slam,Outdoor,Hard,3rd Round,5,Paul T.,Fucsovics M.,Fucsovics M.,80,67,696,827,2.1,1.72,1-6 1-6 4-6
Australian Open,1/24/2020,Grand Slam,Outdoor,Hard,3rd Round,5,Cilic M.,Bautista Agut R.,Cilic M.,39,9,1205,2630,3.2,1.36,6-7 6-4 6-0 5-7 6-3
Australian Open,1/24/2020,Grand Slam,Outdoor,Hard,3rd Round,5,Nishioka Y.,Djokovic N.,Djokovic N.,71,2,797,9720,23,1.01,3-6 2-6 2-6
Australian Open,1/24/2020,Grand Slam,Outdoor,Hard,3rd Round,5,Sandgren T.,Querrey S.,Sandgren T.,100,45,573,1100,2.37,1.57,6-4 6-4 6-4
Australian Open,1/24/2020,Grand Slam,Outdoor,Hard,3rd Round,5,Tsitsipas S.,Raonic M.,Raonic M.,6,35,5375,1305,1.36,3.2,5-7 4-6 6-7
Australian Open,1/24/2020,Grand Slam,Outdoor,Hard,3rd Round,5,Fognini F.,Pella G.,Fognini F.,12,25,2310,1585,2.1,1.72,7-6 6-2 6-3
Australian Open,1/24/2020,Grand Slam,Outdoor,Hard,3rd Round,5,Millman J.,Federer R.,Federer R.,47,3,1096,6590,13,1.04,6-4 6-7 4-6 6-4 6-7
Australian Open,1/25/2020,Grand Slam,Outdoor,Hard,3rd Round,5,Monfils G.,Gulbis E.,Monfils G.,10,256,2565,179,1.53,2.5,7-6 6-4 6-3
Australian Open,1/25/2020,Grand Slam,Outdoor,Hard,3rd Round,5,Fritz T.,Thiem D.,Thiem D.,34,5,1335,5890,3,1.4,2-6 4-6 7-6 4-6
Australian Open,1/25/2020,Grand Slam,Outdoor,Hard,3rd Round,5,Rublev A.,Goffin D.,Rublev A.,16,11,2004,2555,1.5,2.62,2-6 7-6 6-4 7-6
Australian Open,1/25/2020,Grand Slam,Outdoor,Hard,3rd Round,5,Carreno Busta P.,Nadal R.,Nadal R.,30,1,1422,10235,15,1.03,1-6 2-6 4-6
Australian Open,1/25/2020,Grand Slam,Outdoor,Hard,3rd Round,5,Kyrgios N.,Khachanov K.,Kyrgios N.,26,17,1520,1995,1.36,3.2,6-2 7-6 6-7 6-7 7-6
Australian Open,1/25/2020,Grand Slam,Outdoor,Hard,3rd Round,5,Verdasco F.,Zverev A.,Zverev A.,51,7,1050,3345,2.75,1.44,2-6 2-6 4-6
Australian Open,1/25/2020,Grand Slam,Outdoor,Hard,3rd Round,5,Medvedev D.,Popyrin A.,Medvedev D.,4,96,5960,585,1.1,7,6-4 6-3 6-2
Australian Open,1/26/2020,Grand Slam,Outdoor,Hard,4th Round,5,Cilic M.,Raonic M.,Raonic M.,39,35,1205,1305,2.5,1.53,4-6 3-6 5-7
Australian Open,1/26/2020,Grand Slam,Outdoor,Hard,4th Round,5,Djokovic N.,Schwartzman D.,Djokovic N.,2,14,9720,2130,1.04,13,6-3 6-4 6-4
Australian Open,1/26/2020,Grand Slam,Outdoor,Hard,4th Round,5,Fognini F.,Sandgren T.,Sandgren T.,12,100,2310,573,1.57,2.37,6-7 5-7 7-6 4-6
Australian Open,1/26/2020,Grand Slam,Outdoor,Hard,4th Round,5,Federer R.,Fucsovics M.,Federer R.,3,67,6590,827,1.14,5.5,4-6 6-1 6-2 6-2
Australian Open,1/27/2020,Grand Slam,Outdoor,Hard,4th Round,5,Monfils G.,Thiem D.,Thiem D.,10,5,2565,5890,3.5,1.3,2-6 4-6 4-6
Australian Open,1/27/2020,Grand Slam,Outdoor,Hard,4th Round,5,Wawrinka S.,Medvedev D.,Wawrinka S.,15,4,2045,5960,3.75,1.28,6-2 2-6 4-6 7-6 6-2
Australian Open,1/27/2020,Grand Slam,Outdoor,Hard,4th Round,5,Kyrgios N.,Nadal R.,Nadal R.,26,1,1520,10235,5,1.16,3-6 6-3 6-7 6-7
Australian Open,1/27/2020,Grand Slam,Outdoor,Hard,4th Round,5,Zverev A.,Rublev A.,Zverev A.,7,16,3345,2004,2,1.8,6-4 6-4 6-4
Australian Open,1/28/2020,Grand Slam,Outdoor,Hard,Quarterfinals,5,Sandgren T.,Federer R.,Federer R.,100,3,573,6590,8,1.08,3-6 6-2 6-2 6-7 3-6
Australian Open,1/28/2020,Grand Slam,Outdoor,Hard,Quarterfinals,5,Djokovic N.,Raonic M.,Djokovic N.,2,35,9720,1305,1.12,6,6-4 6-3 7-6
Australian Open,1/29/2020,Grand Slam,Outdoor,Hard,Quarterfinals,5,Wawrinka S.,Zverev A.,Zverev A.,15,7,2045,3345,2.2,1.66,6-1 3-6 4-6 2-6
Australian Open,1/29/2020,Grand Slam,Outdoor,Hard,Quarterfinals,5,Thiem D.,Nadal R.,Thiem D.,5,1,5890,10235,3.2,1.36,7-6 7-6 4-6 7-6
Australian Open,1/30/2020,Grand Slam,Outdoor,Hard,Semifinals,5,Federer R.,Djokovic N.,Djokovic N.,3,2,6590,9720,6.5,1.11,6-7 4-6 3-6
Australian Open,1/31/2020,Grand Slam,Outdoor,Hard,Semifinals,5,Thiem D.,Zverev A.,Thiem D.,5,7,5890,3345,1.5,2.62,3-6 6-4 7-6 7-6
Australian Open,2/2/2020,Grand Slam,Outdoor,Hard,The Final,5,Thiem D.,Djokovic N.,Djokovic N.,5,2,5890,9720,4,1.25,4-6 6-4 6-2 3-6 4-6
Western & Southern Financial Group Masters,8/22/2020,Masters 1000,Outdoor,Hard,1st Round,3,Auger-Aliassime F.,Basilashvili N.,Auger-Aliassime F.,20,27,1771,1395,1.28,3.5,6-4 6-1
Western & Southern Financial Group Masters,8/22/2020,Masters 1000,Outdoor,Hard,1st Round,3,Lajovic D.,Carreno Busta P.,Carreno Busta P.,23,25,1695,1500,2.75,1.4,5-7 1-6
Western & Southern Financial Group Masters,8/22/2020,Masters 1000,Outdoor,Hard,1st Round,3,Struff J.L.,De Minaur A.,Struff J.L.,34,26,1315,1485,2.37,1.53,6-2 6-4
Western & Southern Financial Group Masters,8/22/2020,Masters 1000,Outdoor,Hard,1st Round,3,Edmund K.,Anderson K.,Anderson K.,44,124,1050,445,1.44,2.62,6-7 6-4 3-6
Western & Southern Financial Group Masters,8/22/2020,Masters 1000,Outdoor,Hard,1st Round,3,Opelka R.,Norrie C.,Opelka R.,39,77,1177,712,1.66,2.1,6-3 6-4
Western & Southern Financial Group Masters,8/22/2020,Masters 1000,Outdoor,Hard,1st Round,3,Harris L.,Fritz T.,Fritz T.,97,24,616,1510,2.62,1.44,1-6 3-6
Western & Southern Financial Group Masters,8/22/2020,Masters 1000,Outdoor,Hard,1st Round,3,Krajinovic F.,Caruso S.,Krajinovic F.,32,99,1343,597,1.33,3.25,7-5 6-4
Western & Southern Financial Group Masters,8/22/2020,Masters 1000,Outdoor,Hard,1st Round,3,Tiafoe F.,Murray A.,Murray A.,81,134,700,412,2.25,1.57,6-7 6-3 1-6
Western & Southern Financial Group Masters,8/22/2020,Masters 1000,Outdoor,Hard,1st Round,3,Berankis R.,Paul T.,Berankis R.,72,57,739,894,2.05,1.7,6-7 6-4 7-5
Western & Southern Financial Group Masters,8/23/2020,Masters 1000,Outdoor,Hard,1st Round,3,Querrey S.,Raonic M.,Raonic M.,45,30,1045,1350,2.05,1.7,4-6 4-6
Western & Southern Financial Group Masters,8/23/2020,Masters 1000,Outdoor,Hard,1st Round,3,Shapovalov D.,Cilic M.,Shapovalov D.,17,37,2075,1225,1.61,2.2,6-3 6-3
Western & Southern Financial Group Masters,8/23/2020,Masters 1000,Outdoor,Hard,1st Round,3,Bublik A.,Khachanov K.,Khachanov K.,51,16,965,2120,2.75,1.4,4-6 4-6
Western & Southern Financial Group Masters,8/23/2020,Masters 1000,Outdoor,Hard,1st Round,3,Sandgren T.,Sonego L.,Sandgren T.,55,46,923,1030,1.5,2.5,6-3 7-6
Western & Southern Financial Group Masters,8/23/2020,Masters 1000,Outdoor,Hard,1st Round,3,Ruud C.,Schwartzman D.,Schwartzman D.,36,13,1279,2265,2.62,1.44,6-7 3-6
Western & Southern Financial Group Masters,8/23/2020,Masters 1000,Outdoor,Hard,1st Round,3,Giron M.,Mcdonald M.,Giron M.,101,269,577,172,1.95,1.8,7-6 7-5
Western & Southern Financial Group Masters,8/23/2020,Masters 1000,Outdoor,Hard,1st Round,3,Garin C.,Bedene A.,Bedene A.,18,61,1900,850,2.37,1.53,4-6 7-6 0-6
Western & Southern Financial Group Masters,8/23/2020,Masters 1000,Outdoor,Hard,1st Round,3,Fucsovics M.,Gombos N.,Fucsovics M.,84,109,692,522,1.28,3.5,6-3 6-4
Western & Southern Financial Group Masters,8/23/2020,Masters 1000,Outdoor,Hard,1st Round,3,Rublev A.,Evans D.,Evans D.,14,28,2234,1359,1.44,2.62,5-7 6-3 2-6
Western & Southern Financial Group Masters,8/23/2020,Masters 1000,Outdoor,Hard,1st Round,3,Dimitrov G.,Humbert U.,Dimitrov G.,19,42,1850,1111,1.9,1.8,6-3 6-4
Western & Southern Financial Group Masters,8/23/2020,Masters 1000,Outdoor,Hard,1st Round,3,Hurkacz H.,Isner J.,Isner J.,29,21,1353,1760,2.2,1.61,5-7 4-6
Western & Southern Financial Group Masters,8/23/2020,Masters 1000,Outdoor,Hard,1st Round,3,Millman J.,Mannarino A.,Millman J.,43,38,1071,1191,1.66,2.1,4-6 6-4 7-6
Western & Southern Financial Group Masters,8/23/2020,Masters 1000,Outdoor,Hard,1st Round,3,Wolf J.J.,Gasquet R.,Gasquet R.,143,50,383,985,2.25,1.57,4-6 4-6
Western & Southern Financial Group Masters,8/24/2020,Masters 1000,Outdoor,Hard,1st Round,3,Ruusuvuori E.,Korda S.,Ruusuvuori E.,100,225,584,220,1.36,3,7-6 4-6 7-5
Western & Southern Financial Group Masters,8/24/2020,Masters 1000,Outdoor,Hard,2nd Round,3,Anderson K.,Tsitsipas S.,Tsitsipas S.,124,6,445,4745,4,1.22,1-6 3-6
Western & Southern Financial Group Masters,8/24/2020,Masters 1000,Outdoor,Hard,2nd Round,3,Goffin D.,Coric B.,Goffin D.,10,33,2555,1320,1.44,2.62,7-6 6-4
Western & Southern Financial Group Masters,8/24/2020,Masters 1000,Outdoor,Hard,2nd Round,3,Fritz T.,Bedene A.,Bedene A.,24,61,1510,850,1.33,3.25,6-7 5-7
Western & Southern Financial Group Masters,8/24/2020,Masters 1000,Outdoor,Hard,2nd Round,3,Medvedev D.,Giron M.,Medvedev D.,5,101,5890,577,1.14,5.5,6-4 6-4
Western & Southern Financial Group Masters,8/24/2020,Masters 1000,Outdoor,Hard,2nd Round,3,Evans D.,Raonic M.,Raonic M.,28,30,1359,1350,2.37,1.53,3-6 5-7
Western & Southern Financial Group Masters,8/24/2020,Masters 1000,Outdoor,Hard,2nd Round,3,Sandgren T.,Auger-Aliassime F.,Sandgren T.,55,20,923,1771,3,1.36,6-7 6-2 7-6
Western & Southern Financial Group Masters,8/24/2020,Masters 1000,Outdoor,Hard,2nd Round,3,Carreno Busta P.,Khachanov K.,Khachanov K.,25,16,1500,2120,2.2,1.61,6-7 1-6
Western & Southern Financial Group Masters,8/24/2020,Masters 1000,Outdoor,Hard,2nd Round,3,Isner J.,Millman J.,Isner J.,21,43,1760,1071,1.44,2.62,4-6 7-6 7-6
Western & Southern Financial Group Masters,8/24/2020,Masters 1000,Outdoor,Hard,2nd Round,3,Schwartzman D.,Opelka R.,Opelka R.,13,39,2265,1177,1.8,1.95,3-6 6-7
Western & Southern Financial Group Masters,8/24/2020,Masters 1000,Outdoor,Hard,2nd Round,3,Struff J.L.,Shapovalov D.,Struff J.L.,34,17,1315,2075,2.37,1.53,7-6 3-6 6-4
Western & Southern Financial Group Masters,8/24/2020,Masters 1000,Outdoor,Hard,2nd Round,3,Gasquet R.,Bautista Agut R.,Bautista Agut R.,50,12,985,2360,2.5,1.5,5-7 1-6
Western & Southern Financial Group Masters,8/24/2020,Masters 1000,Outdoor,Hard,2nd Round,3,Murray A.,Zverev A.,Murray A.,134,7,412,3630,2.62,1.44,6-3 3-6 7-5
Western & Southern Financial Group Masters,8/25/2020,Masters 1000,Outdoor,Hard,2nd Round,3,Ruusuvuori E.,Berrettini M.,Berrettini M.,100,8,584,2860,3.75,1.25,4-6 7-6 5-7
Western & Southern Financial Group Masters,8/25/2020,Masters 1000,Outdoor,Hard,2nd Round,3,Fucsovics M.,Dimitrov G.,Fucsovics M.,84,19,692,1850,1.8,1.95,7-5 4-6 6-2
Western & Southern Financial Group Masters,8/25/2020,Masters 1000,Outdoor,Hard,2nd Round,3,Thiem D.,Krajinovic F.,Krajinovic F.,3,32,7045,1343,1.16,5,2-6 1-6
Western & Southern Financial Group Masters,8/25/2020,Masters 1000,Outdoor,Hard,2nd Round,3,Djokovic N.,Berankis R.,Djokovic N.,1,72,10220,739,1.07,9,7-6 6-4
Western & Southern Financial Group Masters,8/25/2020,Masters 1000,Outdoor,Hard,3rd Round,3,Bedene A.,Medvedev D.,Medvedev D.,61,5,850,5890,4.33,1.2,3-6 3-6
Western & Southern Financial Group Masters,8/25/2020,Masters 1000,Outdoor,Hard,3rd Round,3,Struff J.L.,Goffin D.,Struff J.L.,34,10,1315,2555,2.2,1.61,6-4 3-6 6-4
Western & Southern Financial Group Masters,8/25/2020,Masters 1000,Outdoor,Hard,3rd Round,3,Khachanov K.,Bautista Agut R.,Bautista Agut R.,16,12,2120,2360,2.25,1.57,6-4 3-6 2-6
Western & Southern Financial Group Masters,8/25/2020,Masters 1000,Outdoor,Hard,3rd Round,3,Djokovic N.,Sandgren T.,Djokovic N.,1,55,10220,923,1.16,5,6-2 6-4
Western & Southern Financial Group Masters,8/25/2020,Masters 1000,Outdoor,Hard,3rd Round,3,Berrettini M.,Opelka R.,Opelka R.,8,39,2860,1177,1.53,2.37,3-6 6-7
Western & Southern Financial Group Masters,8/26/2020,Masters 1000,Outdoor,Hard,3rd Round,3,Raonic M.,Murray A.,Raonic M.,30,134,1350,412,1.53,2.37,6-2 6-2
Western & Southern Financial Group Masters,8/26/2020,Masters 1000,Outdoor,Hard,3rd Round,3,Isner J.,Tsitsipas S.,Tsitsipas S.,21,6,1760,4745,3.5,1.28,6-7 6-7
Western & Southern Financial Group Masters,8/26/2020,Masters 1000,Outdoor,Hard,3rd Round,3,Krajinovic F.,Fucsovics M.,Krajinovic F.,32,84,1343,692,1.53,2.5,6-2 6-1
Western & Southern Financial Group Masters,8/26/2020,Masters 1000,Outdoor,Hard,Quarterfinals,3,Medvedev D.,Bautista Agut R.,Bautista Agut R.,5,12,5890,2360,1.4,3,6-1 4-6 3-6
Western & Southern Financial Group Masters,8/26/2020,Masters 1000,Outdoor,Hard,Quarterfinals,3,Djokovic N.,Struff J.L.,Djokovic N.,1,34,10220,1315,1.14,5.5,6-3 6-1
Western & Southern Financial Group Masters,8/27/2020,Masters 1000,Outdoor,Hard,Quarterfinals,3,Krajinovic F.,Raonic M.,Raonic M.,32,30,1343,1350,2.75,1.44,6-4 6-7 5-7
Western & Southern Financial Group Masters,8/28/2020,Masters 1000,Outdoor,Hard,Semifinals,3,Raonic M.,Tsitsipas S.,Raonic M.,30,6,1350,4745,2.37,1.57,7-6 6-3
Western & Southern Financial Group Masters,8/28/2020,Masters 1000,Outdoor,Hard,Semifinals,3,Bautista Agut R.,Djokovic N.,Djokovic N.,12,1,2360,10220,4.5,1.2,6-4 4-6 6-7
Western & Southern Financial Group Masters,8/29/2020,Masters 1000,Outdoor,Hard,The Final,3,Djokovic N.,Raonic M.,Djokovic N.,1,30,10220,1350,1.36,3.2,1-6 6-3 6-4
US Open,8/31/2020,Grand Slam,Outdoor,Hard,1st Round,5,Thompson J.,Travaglia S.,Thompson J.,63,87,829,684,1.53,2.5,6-3 6-4 4-6 6-2
US Open,8/31/2020,Grand Slam,Outdoor,Hard,1st Round,5,Andujar P.,Coric B.,Coric B.,56,32,942,1355,6.5,1.11,5-7 3-6 1-6
US Open,8/31/2020,Grand Slam,Outdoor,Hard,1st Round,5,Davidovich Fokina A.,Novak D.,Davidovich Fokina A.,99,85,627,695,2.62,1.5,3-6 6-4 6-3 1-6 6-0
US Open,8/31/2020,Grand Slam,Outdoor,Hard,1st Round,5,Lajovic D.,Gerasimov E.,Gerasimov E.,24,72,1695,744,1.66,2.2,1-6 6-4 4-6 4-6
US Open,8/31/2020,Grand Slam,Outdoor,Hard,1st Round,5,Londero J.I.,Donskoy E.,Londero J.I.,62,114,832,505,1.57,2.37,6-3 6-3 7-5
US Open,8/31/2020,Grand Slam,Outdoor,Hard,1st Round,5,Schwartzman D.,Norrie C.,Norrie C.,13,76,2265,727,1.3,3.5,6-3 6-4 2-6 1-6 5-7
US Open,8/31/2020,Grand Slam,Outdoor,Hard,1st Round,5,Shapovalov D.,Korda S.,Shapovalov D.,17,205,2075,252,1.11,6.5,6-4 4-6 6-3 6-2
US Open,8/31/2020,Grand Slam,Outdoor,Hard,1st Round,5,Sonego L.,Mannarino A.,Mannarino A.,46,39,1030,1191,2.2,1.66,1-6 4-6 6-2 3-6
US Open,8/31/2020,Grand Slam,Outdoor,Hard,1st Round,5,Zverev A.,Anderson K.,Zverev A.,7,117,3630,490,1.33,3.4,7-6 5-7 6-3 7-5
US Open,8/31/2020,Grand Slam,Outdoor,Hard,1st Round,5,Uchiyama Y.,Carreno Busta P.,Carreno Busta P.,86,27,685,1500,5,1.16,6-4 3-6 6-1 3-6 3-6
US Open,8/31/2020,Grand Slam,Outdoor,Hard,1st Round,5,Sock J.,Cuevas P.,Sock J.,389,61,95,857,1.57,2.37,3-6 6-4 6-2 4-6 7-6
US Open,8/31/2020,Grand Slam,Outdoor,Hard,1st Round,5,Gojowczyk P.,Hurkacz H.,Hurkacz H.,127,33,444,1353,4.33,1.22,3-6 4-6 4-6
US Open,8/31/2020,Grand Slam,Outdoor,Hard,1st Round,5,Simon G.,Safwat M.,Simon G.,52,135,970,407,1.2,4.5,6-1 6-4 6-4
US Open,8/31/2020,Grand Slam,Outdoor,Hard,1st Round,5,Sousa P.,Krueger M.,Krueger M.,110,198,522,264,5,1.16,6-3 2-6 5-7 3-6
US Open,8/31/2020,Grand Slam,Outdoor,Hard,1st Round,5,Nakashima B.,Lorenzi P.,Nakashima B.,223,125,229,447,1.2,4.5,6-3 6-2 7-6
US Open,8/31/2020,Grand Slam,Outdoor,Hard,1st Round,5,Ramos-Vinolas A.,Tsitsipas S.,Tsitsipas S.,41,6,1130,5095,19,1.02,2-6 1-6 1-6
US Open,8/31/2020,Grand Slam,Outdoor,Hard,1st Round,5,Cressy M.,Kovalik J.,Cressy M.,168,123,320,452,1.57,2.37,6-1 2-6 6-4 6-4
US Open,8/31/2020,Grand Slam,Outdoor,Hard,1st Round,5,Koepfer D.,Fritz T.,Fritz T.,91,25,652,1545,4.5,1.2,7-6 3-6 2-6 4-6
US Open,8/31/2020,Grand Slam,Outdoor,Hard,1st Round,5,Giron M.,Polmans M.,Giron M.,96,121,639,462,1.28,3.75,6-4 6-7 3-6 6-4 6-2
US Open,8/31/2020,Grand Slam,Outdoor,Hard,1st Round,5,Balazs A.,Kukushkin M.,Kukushkin M.,78,90,715,661,3,1.4,4-6 5-7 4-6
US Open,9/1/2020,Grand Slam,Outdoor,Hard,1st Round,5,Kwon S.W.,Kwiatkowski T.S.,Kwon S.W.,73,187,742,281,1.36,3.2,3-6 7-6 6-1 6-2
US Open,9/1/2020,Grand Slam,Outdoor,Hard,1st Round,5,Gaio F.,Berankis R.,Berankis R.,132,65,423,809,4.5,1.2,6-7 6-4 4-6 4-6
US Open,9/1/2020,Grand Slam,Outdoor,Hard,1st Round,5,Edmund K.,Bublik A.,Edmund K.,44,54,1050,965,1.3,3.5,2-6 7-5 7-5 6-0
US Open,9/1/2020,Grand Slam,Outdoor,Hard,1st Round,5,Isner J.,Johnson S.,Johnson S.,22,64,1805,825,1.33,3.4,7-6 3-6 7-6 3-6 6-7
US Open,9/1/2020,Grand Slam,Outdoor,Hard,1st Round,5,Goffin D.,Opelka R.,Goffin D.,10,35,2555,1312,1.57,2.37,7-6 3-6 6-1 6-4
US Open,9/1/2020,Grand Slam,Outdoor,Hard,1st Round,5,Ymer M.,Krajinovic F.,Krajinovic F.,71,26,759,1503,6,1.12,2-6 6-7 3-6
US Open,9/1/2020,Grand Slam,Outdoor,Hard,1st Round,5,Harris L.,Cecchinato M.,Harris L.,95,108,641,526,1.2,4.5,6-4 7-5 6-2
US Open,9/1/2020,Grand Slam,Outdoor,Hard,1st Round,5,Dzumhur D.,Djokovic N.,Djokovic N.,109,1,524,10860,26,1.01,1-6 4-6 1-6
US Open,9/1/2020,Grand Slam,Outdoor,Hard,1st Round,5,Struff J.L.,Martinez P.,Struff J.L.,29,106,1405,546,1.12,6,6-0 7-5 6-4
US Open,9/1/2020,Grand Slam,Outdoor,Hard,1st Round,5,Blanch U.,Garin C.,Garin C.,244,19,207,1900,3.2,1.36,6-4 7-5 4-6 4-6 2-6
US Open,9/1/2020,Grand Slam,Outdoor,Hard,1st Round,5,Mmoh M.,Sousa J.,Mmoh M.,186,68,281,776,1.72,2.1,6-2 7-5 2-6 6-1
US Open,9/1/2020,Grand Slam,Outdoor,Hard,1st Round,5,Querrey S.,Kuznetsov An.,Kuznetsov An.,45,34,1045,1527,1.12,6,4-6 6-7 2-6
US Open,9/1/2020,Grand Slam,Outdoor,Hard,1st Round,5,Murray A.,Nishioka Y.,Murray A.,115,49,502,1007,1.4,3,4-6 4-6 7-6 7-6 6-4
US Open,9/1/2020,Grand Slam,Outdoor,Hard,1st Round,5,Mcdonald M.,Ruud C.,Ruud C.,243,37,207,1279,2.37,1.57,6-4 6-4 4-6 3-6 2-6
US Open,9/1/2020,Grand Slam,Outdoor,Hard,1st Round,5,Nagal S.,Klahn B.,Nagal S.,124,129,448,436,2.62,1.5,6-1 6-3 3-6 6-1
US Open,9/1/2020,Grand Slam,Outdoor,Hard,1st Round,5,Bedene A.,Ruusuvuori E.,Ruusuvuori E.,53,92,965,648,1.8,2,3-6 6-3 1-6 6-4 1-6
US Open,9/1/2020,Grand Slam,Outdoor,Hard,1st Round,5,Khachanov K.,Sinner J.,Khachanov K.,16,74,2120,733,1.57,2.37,3-6 6-7 6-2 6-0 7-6
US Open,9/1/2020,Grand Slam,Outdoor,Hard,1st Round,5,Monteiro T.,Auger-Aliassime F.,Auger-Aliassime F.,83,21,700,1806,8,1.08,3-6 7-6 6-7 6-7
US Open,9/1/2020,Grand Slam,Outdoor,Hard,1st Round,5,Cilic M.,Kudla D.,Cilic M.,38,111,1225,521,1.3,3.5,6-7 3-6 7-5 7-5 6-3
US Open,9/1/2020,Grand Slam,Outdoor,Hard,1st Round,5,Chardy J.,Rublev A.,Rublev A.,60,14,860,2234,6,1.12,4-6 4-6 3-6
US Open,9/1/2020,Grand Slam,Outdoor,Hard,1st Round,5,Barrere G.,Daniel T.,Barrere G.,93,112,647,511,1.44,2.75,6-3 6-4 3-6 6-1
US Open,9/1/2020,Grand Slam,Outdoor,Hard,1st Round,5,Albot R.,Gombos N.,Gombos N.,70,104,772,550,3,1.4,4-6 1-6 4-6
US Open,9/1/2020,Grand Slam,Outdoor,Hard,1st Round,5,Evans D.,Seyboth Wild T.,Evans D.,31,113,1384,507,1.12,6,6-2 6-1 7-6
US Open,9/1/2020,Grand Slam,Outdoor,Hard,1st Round,5,Kohlschreiber P.,Pospisil V.,Pospisil V.,75,94,729,642,2.3,1.61,6-7 5-7 6-7
US Open,9/1/2020,Grand Slam,Outdoor,Hard,1st Round,5,Wolf J.J.,Pella G.,Wolf J.J.,138,36,402,1310,1.57,2.37,6-2 0-6 6-3 6-3
US Open,9/1/2020,Grand Slam,Outdoor,Hard,1st Round,5,Lopez F.,Carballes Baena R.,Carballes Baena R.,57,101,908,614,1.44,2.75,6-3 6-7 4-6 3-6
US Open,9/1/2020,Grand Slam,Outdoor,Hard,1st Round,5,Bautista Agut R.,Sandgren T.,Bautista Agut R.,11,48,2540,1013,1.16,5,6-4 6-4 7-6
US Open,9/2/2020,Grand Slam,Outdoor,Hard,1st Round,5,Mager G.,Kecmanovic M.,Kecmanovic M.,80,47,711,1028,5,1.16,4-6 4-6 7-6 6-3 2-6
US Open,9/2/2020,Grand Slam,Outdoor,Hard,1st Round,5,Raonic M.,Mayer L.,Raonic M.,18,120,1950,464,1.05,11,6-3 6-2 6-3
US Open,9/2/2020,Grand Slam,Outdoor,Hard,1st Round,5,Vesely J.,Moutet C.,Moutet C.,67,77,785,722,2.1,1.72,4-6 4-6 5-7
US Open,9/2/2020,Grand Slam,Outdoor,Hard,1st Round,5,Dimitrov G.,Paul T.,Dimitrov G.,20,58,1885,894,1.53,2.5,6-4 6-3 6-1
US Open,9/2/2020,Grand Slam,Outdoor,Hard,1st Round,5,Djere L.,O Connell C.,O Connell C.,81,116,705,498,2.37,1.57,6-4 4-6 6-7 4-6
US Open,9/2/2020,Grand Slam,Outdoor,Hard,1st Round,5,Fucsovics M.,Dellien H.,Fucsovics M.,66,97,787,638,1.05,11,6-3 6-3 6-1
US Open,9/2/2020,Grand Slam,Outdoor,Hard,1st Round,5,Majchrzak K.,Escobedo E.,Escobedo E.,107,185,532,284,1.44,2.75,6-7 2-6 3-6
US Open,9/2/2020,Grand Slam,Outdoor,Hard,1st Round,5,Gasquet R.,Karlovic I.,Gasquet R.,51,126,985,444,1.12,6,7-6 7-6 6-1
US Open,9/2/2020,Grand Slam,Outdoor,Hard,1st Round,5,Seppi A.,Tiafoe F.,Tiafoe F.,89,82,671,700,2.37,1.57,6-4 3-6 4-6 5-7
US Open,9/2/2020,Grand Slam,Outdoor,Hard,1st Round,5,De Minaur A.,Martin A.,De Minaur A.,28,98,1485,638,1.06,10,6-4 6-3 7-5
US Open,9/2/2020,Grand Slam,Outdoor,Hard,1st Round,5,Soeda G.,Berrettini M.,Berrettini M.,119,8,480,2940,15,1.03,6-7 1-6 4-6
US Open,9/2/2020,Grand Slam,Outdoor,Hard,1st Round,5,Caruso S.,Duckworth J.,Caruso S.,100,84,623,697,1.5,2.62,4-6 7-5 7-5 6-2
US Open,9/2/2020,Grand Slam,Outdoor,Hard,1st Round,5,Basilashvili N.,Millman J.,Millman J.,30,43,1395,1096,3.5,1.3,1-6 4-6 4-6
US Open,9/2/2020,Grand Slam,Outdoor,Hard,1st Round,5,Humbert U.,Sugita Y.,Humbert U.,42,88,1111,682,1.25,4,6-3 6-4 6-3
US Open,9/2/2020,Grand Slam,Outdoor,Hard,1st Round,5,Delbonis F.,Medvedev D.,Medvedev D.,79,5,711,5890,17,1.02,1-6 2-6 4-6
US Open,9/2/2020,Grand Slam,Outdoor,Hard,2nd Round,5,Krajinovic F.,Giron M.,Krajinovic F.,26,96,1503,639,1.1,7,6-4 6-1 6-3
US Open,9/2/2020,Grand Slam,Outdoor,Hard,2nd Round,5,Garin C.,Kukushkin M.,Kukushkin M.,19,90,1900,661,1.8,2,2-6 1-6 6-3 6-4 5-7
US Open,9/2/2020,Grand Slam,Outdoor,Hard,2nd Round,5,Zverev A.,Nakashima B.,Zverev A.,7,223,3630,229,1.2,4.5,7-5 6-7 6-3 6-1
US Open,9/2/2020,Grand Slam,Outdoor,Hard,2nd Round,5,Gerasimov E.,Thompson J.,Thompson J.,72,63,744,829,2.1,1.72,1-6 4-6 6-3 3-6
US Open,9/2/2020,Grand Slam,Outdoor,Hard,2nd Round,5,Goffin D.,Harris L.,Goffin D.,10,95,2555,641,1.16,5,7-6 4-6 6-1 6-4
US Open,9/2/2020,Grand Slam,Outdoor,Hard,2nd Round,5,Mmoh M.,Struff J.L.,Struff J.L.,186,29,281,1405,5,1.16,2-6 2-6 5-7
US Open,9/2/2020,Grand Slam,Outdoor,Hard,2nd Round,5,Djokovic N.,Edmund K.,Djokovic N.,1,44,10860,1050,1.03,15,6-7 6-3 6-4 6-2
US Open,9/2/2020,Grand Slam,Outdoor,Hard,2nd Round,5,Sock J.,Mannarino A.,Mannarino A.,389,39,95,1191,2.75,1.44,6-7 5-7 2-6
US Open,9/2/2020,Grand Slam,Outdoor,Hard,2nd Round,5,Davidovich Fokina A.,Hurkacz H.,Davidovich Fokina A.,99,33,627,1353,5,1.16,6-4 1-6 6-2 6-2
US Open,9/3/2020,Grand Slam,Outdoor,Hard,2nd Round,5,Coria F.,Norrie C.,Norrie C.,103,76,569,727,11,1.05,3-6 4-6 4-6
US Open,9/3/2020,Grand Slam,Outdoor,Hard,2nd Round,5,Carreno Busta P.,Krueger M.,Carreno Busta P.,27,198,1500,264,1.12,6,6-1 6-2 6-2
US Open,9/3/2020,Grand Slam,Outdoor,Hard,2nd Round,5,Simon G.,Fritz T.,Fritz T.,52,25,970,1545,2.62,1.5,5-7 3-6 2-6
US Open,9/3/2020,Grand Slam,Outdoor,Hard,2nd Round,5,Coric B.,Londero J.I.,Coric B.,32,62,1355,832,1.22,4.33,7-5 4-6 6-7 6-2 6-3
US Open,9/3/2020,Grand Slam,Outdoor,Hard,2nd Round,5,Johnson S.,Berankis R.,Berankis R.,64,65,825,809,1.72,2.1,5-7 2-6 6-1 6-7
US Open,9/3/2020,Grand Slam,Outdoor,Hard,2nd Round,5,Shapovalov D.,Kwon S.W.,Shapovalov D.,17,73,2075,742,1.22,4.33,6-7 6-4 6-4 6-2
US Open,9/3/2020,Grand Slam,Outdoor,Hard,2nd Round,5,Cressy M.,Tsitsipas S.,Tsitsipas S.,168,6,320,5095,23,1.01,6-7 3-6 4-6
US Open,9/3/2020,Grand Slam,Outdoor,Hard,2nd Round,5,Bautista Agut R.,Kecmanovic M.,Bautista Agut R.,11,47,2540,1028,1.12,6,6-3 3-6 6-3 6-4
US Open,9/3/2020,Grand Slam,Outdoor,Hard,2nd Round,5,Gasquet R.,De Minaur A.,De Minaur A.,51,28,985,1485,3.5,1.3,4-6 3-6 7-6 5-7
US Open,9/3/2020,Grand Slam,Outdoor,Hard,2nd Round,5,Khachanov K.,Kuznetsov An.,Khachanov K.,16,34,2120,1527,1.25,4,6-3 6-4 6-1
US Open,9/3/2020,Grand Slam,Outdoor,Hard,2nd Round,5,Gombos N.,Cilic M.,Cilic M.,104,38,550,1225,3.5,1.3,3-6 6-1 6-7 5-7
US Open,9/3/2020,Grand Slam,Outdoor,Hard,2nd Round,5,Rublev A.,Barrere G.,Rublev A.,14,93,2234,647,1.1,7,6-2 6-4 7-6
US Open,9/3/2020,Grand Slam,Outdoor,Hard,2nd Round,5,Escobedo E.,Caruso S.,Caruso S.,185,100,284,623,1.9,1.9,6-3 4-6 3-6 4-6
US Open,9/3/2020,Grand Slam,Outdoor,Hard,2nd Round,5,Pospisil V.,Raonic M.,Pospisil V.,94,18,642,1950,5.5,1.14,6-7 6-3 7-6 6-3
US Open,9/3/2020,Grand Slam,Outdoor,Hard,2nd Round,5,Nagal S.,Thiem D.,Thiem D.,124,3,448,7135,13,1.04,3-6 3-6 2-6
US Open,9/3/2020,Grand Slam,Outdoor,Hard,2nd Round,5,Wolf J.J.,Carballes Baena R.,Wolf J.J.,138,101,402,614,1.28,3.75,6-2 6-4 6-3
US Open,9/3/2020,Grand Slam,Outdoor,Hard,2nd Round,5,Dimitrov G.,Fucsovics M.,Fucsovics M.,20,66,1885,787,1.57,2.37,7-6 6-7 6-3 4-6 1-6
US Open,9/3/2020,Grand Slam,Outdoor,Hard,2nd Round,5,Tiafoe F.,Millman J.,Tiafoe F.,82,43,700,1096,2.5,1.53,7-6 3-6 1-6 6-3 6-3
US Open,9/3/2020,Grand Slam,Outdoor,Hard,2nd Round,5,Humbert U.,Berrettini M.,Berrettini M.,42,8,1111,2940,3,1.4,4-6 4-6 6-7
US Open,9/4/2020,Grand Slam,Outdoor,Hard,2nd Round,5,Medvedev D.,O Connell C.,Medvedev D.,5,116,5890,498,1.01,23,6-3 6-2 6-4
US Open,9/4/2020,Grand Slam,Outdoor,Hard,2nd Round,5,Murray A.,Auger-Aliassime F.,Auger-Aliassime F.,115,21,502,1806,2.5,1.53,2-6 3-6 4-6
US Open,9/4/2020,Grand Slam,Outdoor,Hard,2nd Round,5,Moutet C.,Evans D.,Moutet C.,77,31,722,1384,2.62,1.5,4-6 6-3 7-6 7-6
US Open,9/4/2020,Grand Slam,Outdoor,Hard,3rd Round,5,Norrie C.,Davidovich Fokina A.,Davidovich Fokina A.,76,99,727,627,1.44,2.75,6-7 6-4 2-6 1-6
US Open,9/4/2020,Grand Slam,Outdoor,Hard,3rd Round,5,Goffin D.,Krajinovic F.,Goffin D.,10,26,2555,1503,2.5,1.53,6-1 7-6 6-4
US Open,9/4/2020,Grand Slam,Outdoor,Hard,3rd Round,5,Kukushkin M.,Thompson J.,Thompson J.,90,63,661,829,3.2,1.36,5-7 4-6 1-6
US Open,9/4/2020,Grand Slam,Outdoor,Hard,3rd Round,5,Carreno Busta P.,Berankis R.,Carreno Busta P.,27,65,1500,809,1.33,3.4,6-4 6-3 6-2
US Open,9/4/2020,Grand Slam,Outdoor,Hard,3rd Round,5,Fritz T.,Shapovalov D.,Shapovalov D.,25,17,1545,2075,2.5,1.53,6-3 3-6 6-4 6-7 2-6
US Open,9/5/2020,Grand Slam,Outdoor,Hard,3rd Round,5,Zverev A.,Mannarino A.,Zverev A.,7,39,3630,1191,1.14,5.5,6-7 6-4 6-2 6-2
US Open,9/5/2020,Grand Slam,Outdoor,Hard,3rd Round,5,Struff J.L.,Djokovic N.,Djokovic N.,29,1,1405,10860,11,1.05,3-6 3-6 1-6
US Open,9/5/2020,Grand Slam,Outdoor,Hard,3rd Round,5,Coric B.,Tsitsipas S.,Coric B.,32,6,1355,5095,6.5,1.11,6-7 6-4 4-6 7-5 7-6
US Open,9/5/2020,Grand Slam,Outdoor,Hard,3rd Round,5,Caruso S.,Rublev A.,Rublev A.,100,14,623,2234,9,1.07,0-6 4-6 0-6
US Open,9/5/2020,Grand Slam,Outdoor,Hard,3rd Round,5,Medvedev D.,Wolf J.J.,Medvedev D.,5,138,5890,402,1.06,10,6-3 6-3 6-2
US Open,9/5/2020,Grand Slam,Outdoor,Hard,3rd Round,5,Bautista Agut R.,Pospisil V.,Pospisil V.,11,94,2540,642,1.36,3.2,5-7 6-2 6-4 3-6 2-6
US Open,9/5/2020,Grand Slam,Outdoor,Hard,3rd Round,5,De Minaur A.,Khachanov K.,De Minaur A.,28,16,1485,2120,1.57,2.37,6-4 0-6 4-6 6-3 6-1
US Open,9/5/2020,Grand Slam,Outdoor,Hard,3rd Round,5,Ruud C.,Berrettini M.,Berrettini M.,37,8,1279,2940,5.5,1.14,4-6 4-6 2-6
US Open,9/5/2020,Grand Slam,Outdoor,Hard,3rd Round,5,Auger-Aliassime F.,Moutet C.,Auger-Aliassime F.,21,77,1806,722,1.2,4.5,6-1 6-0 6-4
US Open,9/5/2020,Grand Slam,Outdoor,Hard,3rd Round,5,Fucsovics M.,Tiafoe F.,Tiafoe F.,66,82,787,700,1.57,2.37,2-6 3-6 2-6
US Open,9/6/2020,Grand Slam,Outdoor,Hard,3rd Round,5,Thiem D.,Cilic M.,Thiem D.,3,38,7135,1225,1.25,4,6-2 6-2 3-6 6-3
US Open,9/6/2020,Grand Slam,Outdoor,Hard,4th Round,5,Davidovich Fokina A.,Zverev A.,Zverev A.,99,7,627,3630,6.5,1.11,2-6 2-6 1-6
US Open,9/7/2020,Grand Slam,Outdoor,Hard,4th Round,5,Coric B.,Thompson J.,Coric B.,32,63,1355,829,1.5,2.62,7-5 6-1 6-3
US Open,9/7/2020,Grand Slam,Outdoor,Hard,4th Round,5,Goffin D.,Shapovalov D.,Shapovalov D.,10,17,2555,2075,1.72,2.1,7-6 3-6 4-6 3-6
US Open,9/7/2020,Grand Slam,Outdoor,Hard,4th Round,5,De Minaur A.,Pospisil V.,De Minaur A.,28,94,1485,642,1.44,2.75,7-6 6-3 6-2
US Open,9/7/2020,Grand Slam,Outdoor,Hard,4th Round,5,Auger-Aliassime F.,Thiem D.,Thiem D.,21,3,1806,7135,3,1.4,6-7 1-6 1-6
US Open,9/8/2020,Grand Slam,Outdoor,Hard,4th Round,5,Rublev A.,Berrettini M.,Rublev A.,14,8,2234,2940,2,1.8,4-6 6-3 6-3 6-3
US Open,9/8/2020,Grand Slam,Outdoor,Hard,4th Round,5,Tiafoe F.,Medvedev D.,Medvedev D.,82,5,700,5890,6,1.12,4-6 1-6 0-6
US Open,9/8/2020,Grand Slam,Outdoor,Hard,Quarterfinals,5,Zverev A.,Coric B.,Zverev A.,7,32,3630,1355,1.36,3.2,1-6 7-6 7-6 6-3
US Open,9/9/2020,Grand Slam,Outdoor,Hard,Quarterfinals,5,Shapovalov D.,Carreno Busta P.,Carreno Busta P.,17,27,2075,1500,1.66,2.2,6-3 6-7 6-7 6-0 3-6
US Open,9/9/2020,Grand Slam,Outdoor,Hard,Quarterfinals,5,Medvedev D.,Rublev A.,Medvedev D.,5,14,5890,2234,1.25,4,7-6 6-3 7-6
US Open,9/10/2020,Grand Slam,Outdoor,Hard,Quarterfinals,5,De Minaur A.,Thiem D.,Thiem D.,28,3,1485,7135,5,1.16,1-6 2-6 4-6
US Open,9/11/2020,Grand Slam,Outdoor,Hard,Semifinals,5,Zverev A.,Carreno Busta P.,Zverev A.,7,27,3630,1500,1.36,3.2,3-6 2-6 6-3 6-4 6-3
US Open,9/12/2020,Grand Slam,Outdoor,Hard,Semifinals,5,Medvedev D.,Thiem D.,Thiem D.,5,3,5890,7135,1.8,2,2-6 6-7 6-7
US Open,9/13/2020,Grand Slam,Outdoor,Hard,The Final,5,Thiem D.,Zverev A.,Thiem D.,3,7,7135,3630,1.25,4,2-6 4-6 6-4 6-3 7-6
Internazionali BNL d'Italia,9/14/2020,Masters 1000,Outdoor,Clay,1st Round,3,Auger-Aliassime F.,Krajinovic F.,Krajinovic F.,20,29,1976,1583,2.37,1.53,4-6 5-7
Internazionali BNL d'Italia,9/14/2020,Masters 1000,Outdoor,Clay,1st Round,3,Ruud C.,Khachanov K.,Ruud C.,34,16,1359,2200,1.9,1.9,6-3 3-6 6-1
Internazionali BNL d'Italia,9/14/2020,Masters 1000,Outdoor,Clay,1st Round,3,Mager G.,Dimitrov G.,Dimitrov G.,85,22,713,1885,2.75,1.4,5-7 1-6
Internazionali BNL d'Italia,9/14/2020,Masters 1000,Outdoor,Clay,1st Round,3,Cilic M.,Bublik A.,Cilic M.,40,56,1225,965,1.3,3.4,6-7 6-2 6-4
Internazionali BNL d'Italia,9/14/2020,Masters 1000,Outdoor,Clay,1st Round,3,Garin C.,Coric B.,Coric B.,21,26,1900,1670,1.7,2.05,4-6 4-6
Internazionali BNL d'Italia,9/14/2020,Masters 1000,Outdoor,Clay,1st Round,3,Sonego L.,Basilashvili N.,Sonego L.,47,32,1030,1395,1.36,3,6-3 6-1
Internazionali BNL d'Italia,9/14/2020,Masters 1000,Outdoor,Clay,1st Round,3,Anderson K.,Humbert U.,Humbert U.,119,42,500,1146,1.53,2.37,3-6 6-7
Internazionali BNL d'Italia,9/14/2020,Masters 1000,Outdoor,Clay,1st Round,3,Hurkacz H.,Evans D.,Hurkacz H.,31,33,1398,1384,1.66,2.1,6-3 3-6 7-5
Internazionali BNL d'Italia,9/14/2020,Masters 1000,Outdoor,Clay,1st Round,3,Ramos-Vinolas A.,Nishikori K.,Nishikori K.,44,35,1130,1345,2.62,1.44,4-6 6-7
Internazionali BNL d'Italia,9/14/2020,Masters 1000,Outdoor,Clay,1st Round,3,Sinner J.,Paire B.,Sinner J.,81,24,743,1738,1.25,3.75,6-2 6-1
Internazionali BNL d'Italia,9/14/2020,Masters 1000,Outdoor,Clay,1st Round,3,Fritz T.,Travaglia S.,Travaglia S.,28,84,1625,719,1.57,2.25,4-6 6-7
Internazionali BNL d'Italia,9/15/2020,Masters 1000,Outdoor,Clay,1st Round,3,Rublev A.,Bagnis F.,Rublev A.,12,135,2414,426,1.18,4.5,6-4 6-4
Internazionali BNL d'Italia,9/15/2020,Masters 1000,Outdoor,Clay,1st Round,3,Sousa J.,Millman J.,Millman J.,74,43,776,1131,2.5,1.5,5-7 6-7
Internazionali BNL d'Italia,9/15/2020,Masters 1000,Outdoor,Clay,1st Round,3,Coria F.,Struff J.L.,Coria F.,104,30,607,1450,3.5,1.28,6-1 7-6
Internazionali BNL d'Italia,9/15/2020,Masters 1000,Outdoor,Clay,1st Round,3,De Minaur A.,Koepfer D.,Koepfer D.,27,97,1665,652,1.36,3,6-3 3-6 6-7
Internazionali BNL d'Italia,9/15/2020,Masters 1000,Outdoor,Clay,1st Round,3,Caruso S.,Sandgren T.,Caruso S.,87,49,703,1013,2.25,1.57,3-6 6-3 7-6
Internazionali BNL d'Italia,9/15/2020,Masters 1000,Outdoor,Clay,1st Round,3,Querrey S.,Martinez P.,Martinez P.,46,109,1045,548,3.25,1.33,3-6 6-7
Internazionali BNL d'Italia,9/15/2020,Masters 1000,Outdoor,Clay,1st Round,3,Lajovic D.,Davidovich Fokina A.,Lajovic D.,25,70,1695,801,2.75,1.4,6-4 6-4
Internazionali BNL d'Italia,9/15/2020,Masters 1000,Outdoor,Clay,1st Round,3,Pella G.,Shapovalov D.,Shapovalov D.,37,14,1310,2345,1.9,1.9,2-6 3-6
Internazionali BNL d'Italia,9/15/2020,Masters 1000,Outdoor,Clay,1st Round,3,Nishioka Y.,Kecmanovic M.,Nishioka Y.,50,39,1007,1258,2.75,1.4,6-4 6-1
Internazionali BNL d'Italia,9/15/2020,Masters 1000,Outdoor,Clay,1st Round,3,Edmund K.,Cecchinato M.,Cecchinato M.,45,113,1085,526,1.8,1.95,6-3 6-7 2-6
Internazionali BNL d'Italia,9/15/2020,Masters 1000,Outdoor,Clay,1st Round,3,Raonic M.,Mannarino A.,Raonic M.,19,38,1995,1271,1.18,4.5,7-6 6-2
Internazionali BNL d'Italia,9/15/2020,Masters 1000,Outdoor,Clay,1st Round,3,Wawrinka S.,Musetti L.,Musetti L.,17,249,2185,207,1.28,3.5,0-6 6-7
Internazionali BNL d'Italia,9/16/2020,Masters 1000,Outdoor,Clay,2nd Round,3,Berrettini M.,Coria F.,Berrettini M.,8,104,2940,607,1.18,4.5,7-5 6-1
Internazionali BNL d'Italia,9/16/2020,Masters 1000,Outdoor,Clay,2nd Round,3,Goffin D.,Cilic M.,Cilic M.,11,40,2555,1225,1.4,2.75,2-6 2-6
Internazionali BNL d'Italia,9/16/2020,Masters 1000,Outdoor,Clay,2nd Round,3,Travaglia S.,Coric B.,Travaglia S.,84,26,719,1670,2.62,1.44,7-6 7-5
Internazionali BNL d'Italia,9/16/2020,Masters 1000,Outdoor,Clay,2nd Round,3,Caruso S.,Djokovic N.,Djokovic N.,87,1,703,10860,13,1.04,3-6 2-6
Internazionali BNL d'Italia,9/16/2020,Masters 1000,Outdoor,Clay,2nd Round,3,Sinner J.,Tsitsipas S.,Sinner J.,81,6,743,5175,3.5,1.28,6-1 6-7 6-2
Internazionali BNL d'Italia,9/16/2020,Masters 1000,Outdoor,Clay,2nd Round,3,Cecchinato M.,Krajinovic F.,Krajinovic F.,113,29,526,1583,3,1.36,4-6 1-6
Internazionali BNL d'Italia,9/16/2020,Masters 1000,Outdoor,Clay,2nd Round,3,Dimitrov G.,Nishioka Y.,Dimitrov G.,22,50,1885,1007,1.44,2.62,6-1 6-0
Internazionali BNL d'Italia,9/16/2020,Masters 1000,Outdoor,Clay,2nd Round,3,Carreno Busta P.,Nadal R.,Nadal R.,18,2,2130,9850,11,1.05,1-6 1-6
Internazionali BNL d'Italia,9/17/2020,Masters 1000,Outdoor,Clay,2nd Round,3,Shapovalov D.,Martinez P.,Shapovalov D.,14,109,2345,548,1.25,3.75,6-4 6-4
Internazionali BNL d'Italia,9/17/2020,Masters 1000,Outdoor,Clay,2nd Round,3,Millman J.,Schwartzman D.,Schwartzman D.,43,15,1131,2265,3.4,1.3,4-6 6-7
Internazionali BNL d'Italia,9/17/2020,Masters 1000,Outdoor,Clay,2nd Round,3,Lajovic D.,Raonic M.,Lajovic D.,25,19,1695,1995,3,1.36,7-6 4-6 6-2
Internazionali BNL d'Italia,9/17/2020,Masters 1000,Outdoor,Clay,2nd Round,3,Fognini F.,Humbert U.,Humbert U.,13,42,2400,1146,2,1.72,5-7 6-7
Internazionali BNL d'Italia,9/17/2020,Masters 1000,Outdoor,Clay,2nd Round,3,Hurkacz H.,Rublev A.,Hurkacz H.,31,12,1398,2414,4.33,1.2,7-6 3-6 6-2
Internazionali BNL d'Italia,9/17/2020,Masters 1000,Outdoor,Clay,2nd Round,3,Sonego L.,Ruud C.,Ruud C.,47,34,1030,1359,3,1.36,3-6 4-6
Internazionali BNL d'Italia,9/17/2020,Masters 1000,Outdoor,Clay,2nd Round,3,Musetti L.,Nishikori K.,Musetti L.,249,35,207,1345,1.8,1.95,6-3 6-4
Internazionali BNL d'Italia,9/17/2020,Masters 1000,Outdoor,Clay,2nd Round,3,Monfils G.,Koepfer D.,Koepfer D.,9,97,2860,652,1.4,2.75,2-6 4-6
Internazionali BNL d'Italia,9/18/2020,Masters 1000,Outdoor,Clay,3rd Round,3,Berrettini M.,Travaglia S.,Berrettini M.,8,84,2940,719,1.25,3.75,7-6 7-6
Internazionali BNL d'Italia,9/18/2020,Masters 1000,Outdoor,Clay,3rd Round,3,Sinner J.,Dimitrov G.,Dimitrov G.,81,22,743,1885,1.8,1.95,6-4 4-6 4-6
Internazionali BNL d'Italia,9/18/2020,Masters 1000,Outdoor,Clay,3rd Round,3,Shapovalov D.,Humbert U.,Shapovalov D.,14,42,2345,1146,1.33,3.25,6-7 6-1 6-4
Internazionali BNL d'Italia,9/18/2020,Masters 1000,Outdoor,Clay,3rd Round,3,Cilic M.,Ruud C.,Ruud C.,40,34,1225,1359,2.1,1.66,2-6 6-7
Internazionali BNL d'Italia,9/18/2020,Masters 1000,Outdoor,Clay,3rd Round,3,Djokovic N.,Krajinovic F.,Djokovic N.,1,29,10860,1583,1.16,5,7-6 6-3
Internazionali BNL d'Italia,9/18/2020,Masters 1000,Outdoor,Clay,3rd Round,3,Musetti L.,Koepfer D.,Koepfer D.,249,97,207,652,1.36,3,4-6 0-6
Internazionali BNL d'Italia,9/18/2020,Masters 1000,Outdoor,Clay,3rd Round,3,Schwartzman D.,Hurkacz H.,Schwartzman D.,15,31,2265,1398,1.5,2.5,3-6 6-2 6-4
Internazionali BNL d'Italia,9/18/2020,Masters 1000,Outdoor,Clay,3rd Round,3,Lajovic D.,Nadal R.,Nadal R.,25,2,1695,9850,17,1.02,1-6 3-6
Internazionali BNL d'Italia,9/19/2020,Masters 1000,Outdoor,Clay,Quarterfinals,3,Ruud C.,Berrettini M.,Ruud C.,34,8,1359,2940,2.37,1.57,4-6 6-3 7-6
Internazionali BNL d'Italia,9/19/2020,Masters 1000,Outdoor,Clay,Quarterfinals,3,Koepfer D.,Djokovic N.,Djokovic N.,97,1,652,10860,15,1.03,3-6 6-4 3-6
Internazionali BNL d'Italia,9/19/2020,Masters 1000,Outdoor,Clay,Quarterfinals,3,Shapovalov D.,Dimitrov G.,Shapovalov D.,14,22,2345,1885,2,1.8,6-2 3-6 6-2
Internazionali BNL d'Italia,9/19/2020,Masters 1000,Outdoor,Clay,Quarterfinals,3,Nadal R.,Schwartzman D.,Schwartzman D.,2,15,9850,2265,1.03,15,2-6 5-7
Internazionali BNL d'Italia,9/20/2020,Masters 1000,Outdoor,Clay,Semifinals,3,Djokovic N.,Ruud C.,Djokovic N.,1,34,10860,1359,1.16,5,7-5 6-3
Internazionali BNL d'Italia,9/20/2020,Masters 1000,Outdoor,Clay,Semifinals,3,Shapovalov D.,Schwartzman D.,Schwartzman D.,14,15,2345,2265,2.3,1.61,4-6 7-5 6-7
Internazionali BNL d'Italia,9/21/2020,Masters 1000,Outdoor,Clay,The Final,3,Djokovic N.,Schwartzman D.,Djokovic N.,1,15,10860,2265,1.16,5,7-5 6-3
French Open,9/27/2020,Grand Slam,Outdoor,Clay,1st Round,5,Ruusuvuori E.,Bonzi B.,Bonzi B.,93,227,686,239,1.4,3,2-6 4-6 6-4 4-6
French Open,9/27/2020,Grand Slam,Outdoor,Clay,1st Round,5,Korda S.,Seppi A.,Korda S.,213,98,252,679,1.44,2.75,6-2 4-6 6-3 6-3
French Open,9/27/2020,Grand Slam,Outdoor,Clay,1st Round,5,Goffin D.,Sinner J.,Sinner J.,13,75,2555,788,1.9,1.9,5-7 0-6 3-6
French Open,9/27/2020,Grand Slam,Outdoor,Clay,1st Round,5,Fritz T.,Machac T.,Fritz T.,30,253,1625,205,1.4,3,7-5 7-6 1-6 2-6 6-3
French Open,9/27/2020,Grand Slam,Outdoor,Clay,1st Round,5,Evans D.,Nishikori K.,Nishikori K.,34,35,1384,1345,2.37,1.57,6-1 1-6 6-7 6-1 4-6
French Open,9/27/2020,Grand Slam,Outdoor,Clay,1st Round,5,Coria F.,Jung J.,Coria F.,99,125,671,464,1.28,3.75,7-5 7-6 7-6
French Open,9/27/2020,Grand Slam,Outdoor,Clay,1st Round,5,Chardy J.,Rodionov J.,Rodionov J.,65,170,860,338,1.8,2,6-3 6-4 6-7 4-6 8-10
French Open,9/27/2020,Grand Slam,Outdoor,Clay,1st Round,5,Travaglia S.,Andujar P.,Travaglia S.,74,51,794,1024,2.2,1.66,6-3 6-4 6-4
French Open,9/27/2020,Grand Slam,Outdoor,Clay,1st Round,5,Benchetrit E.,Isner J.,Isner J.,217,23,249,1805,4,1.25,4-6 1-6 3-6
French Open,9/27/2020,Grand Slam,Outdoor,Clay,1st Round,5,Cecchinato M.,De Minaur A.,Cecchinato M.,110,28,551,1665,1.72,2.1,7-6 6-4 6-0
French Open,9/27/2020,Grand Slam,Outdoor,Clay,1st Round,5,Coric B.,Gombos N.,Gombos N.,27,106,1670,587,1.12,6,4-6 6-3 3-6 4-6
French Open,9/27/2020,Grand Slam,Outdoor,Clay,1st Round,5,Koepfer D.,Hoang A.,Koepfer D.,61,126,886,462,1.28,3.75,6-2 3-6 6-1 6-1
French Open,9/27/2020,Grand Slam,Outdoor,Clay,1st Round,5,Thompson J.,Albot R.,Albot R.,55,79,984,772,1.53,2.5,2-6 4-6 1-6
French Open,9/27/2020,Grand Slam,Outdoor,Clay,1st Round,5,Paire B.,Kwon S.W.,Paire B.,26,82,1738,752,2.1,1.72,7-5 6-4 6-4
French Open,9/27/2020,Grand Slam,Outdoor,Clay,1st Round,5,Delbonis F.,Londero J.I.,Londero J.I.,81,69,758,832,1.66,2.2,4-6 6-7 6-2 6-1 12-14
French Open,9/27/2020,Grand Slam,Outdoor,Clay,1st Round,5,Wawrinka S.,Murray A.,Wawrinka S.,17,111,2185,547,1.33,3.4,6-1 6-3 6-2
French Open,9/27/2020,Grand Slam,Outdoor,Clay,1st Round,5,Kecmanovic M.,Schwartzman D.,Schwartzman D.,41,14,1258,2505,4.5,1.2,0-6 1-6 3-6
French Open,9/27/2020,Grand Slam,Outdoor,Clay,1st Round,5,Zverev A.,Novak D.,Zverev A.,7,92,4650,698,1.08,8,7-5 6-2 6-4
French Open,9/28/2020,Grand Slam,Outdoor,Clay,1st Round,5,Cilic M.,Thiem D.,Thiem D.,40,3,1270,9125,7,1.1,4-6 3-6 3-6
French Open,9/28/2020,Grand Slam,Outdoor,Clay,1st Round,5,Nishioka Y.,Auger-Aliassime F.,Nishioka Y.,52,22,1017,1976,4.5,1.2,7-5 6-3 6-3
French Open,9/28/2020,Grand Slam,Outdoor,Clay,1st Round,5,Opelka R.,Sock J.,Sock J.,36,310,1312,140,2.5,1.53,4-6 4-6 3-6
French Open,9/28/2020,Grand Slam,Outdoor,Clay,1st Round,5,Gaston H.,Janvier M.,Gaston H.,239,204,215,270,1.33,3.4,7-6 6-4 6-3
French Open,9/28/2020,Grand Slam,Outdoor,Clay,1st Round,5,Vukic A.,Martinez P.,Martinez P.,193,105,287,610,4,1.25,5-7 4-6 0-6
French Open,9/28/2020,Grand Slam,Outdoor,Clay,1st Round,5,Herbert P.H.,Mmoh M.,Herbert P.H.,78,178,775,326,1.57,2.37,6-3 6-2 6-3
French Open,9/28/2020,Grand Slam,Outdoor,Clay,1st Round,5,Fognini F.,Kukushkin M.,Kukushkin M.,15,88,2400,716,1.36,3.2,5-7 6-3 6-7 0-6
French Open,9/28/2020,Grand Slam,Outdoor,Clay,1st Round,5,Sonego L.,Gomez E.,Sonego L.,46,156,1075,365,1.28,3.75,6-7 6-3 6-1 6-7 6-3
French Open,9/28/2020,Grand Slam,Outdoor,Clay,1st Round,5,Duckworth J.,Paul T.,Paul T.,91,58,699,949,4.33,1.22,2-6 3-6 2-6
French Open,9/28/2020,Grand Slam,Outdoor,Clay,1st Round,5,Mcdonald M.,Diez S.,Mcdonald M.,236,181,217,322,2.75,1.44,4-6 6-3 6-3 6-4
French Open,9/28/2020,Grand Slam,Outdoor,Clay,1st Round,5,Moutet C.,Giustino L.,Giustino L.,71,157,818,363,1.66,2.2,6-0 6-7 6-7 6-2 16-18
French Open,9/28/2020,Grand Slam,Outdoor,Clay,1st Round,5,Vesely J.,Broady L.,Vesely J.,68,207,840,260,1.3,3.5,6-2 5-7 6-3 6-2
French Open,9/28/2020,Grand Slam,Outdoor,Clay,1st Round,5,Tiafoe F.,Struff J.L.,Struff J.L.,67,32,845,1450,2.62,1.5,6-3 6-7 3-6 7-6 3-6
French Open,9/28/2020,Grand Slam,Outdoor,Clay,1st Round,5,Pella G.,Caruso S.,Pella G.,37,85,1310,742,1.72,2.1,7-6 6-7 7-5 6-4
French Open,9/28/2020,Grand Slam,Outdoor,Clay,1st Round,5,Sugita Y.,Ruud C.,Ruud C.,94,25,686,1739,15,1.03,1-6 3-6 1-6
French Open,9/28/2020,Grand Slam,Outdoor,Clay,1st Round,5,Milojevic N.,Krajinovic F.,Milojevic N.,144,29,392,1628,8,1.08,6-4 3-6 6-3 6-1
French Open,9/28/2020,Grand Slam,Outdoor,Clay,1st Round,5,Monfils G.,Bublik A.,Bublik A.,9,49,2860,1045,1.72,2.1,4-6 5-7 6-3 3-6
French Open,9/28/2020,Grand Slam,Outdoor,Clay,1st Round,5,Nadal R.,Gerasimov E.,Nadal R.,2,83,9850,750,0.971,34,6-4 6-4 6-2
French Open,9/28/2020,Grand Slam,Outdoor,Clay,1st Round,5,Rinderknech A.,Bedene A.,Bedene A.,162,56,354,965,3.4,1.33,2-6 7-6 4-6 4-6
French Open,9/28/2020,Grand Slam,Outdoor,Clay,1st Round,5,Sandgren T.,Hurkacz H.,Sandgren T.,47,31,1068,1468,3,1.4,7-5 2-6 4-6 7-6 11-9
French Open,9/28/2020,Grand Slam,Outdoor,Clay,1st Round,5,Norrie C.,Galan D.,Galan D.,72,153,807,379,2.1,1.72,6-4 3-6 7-5 1-6 1-6
French Open,9/28/2020,Grand Slam,Outdoor,Clay,1st Round,5,Ramos-Vinolas A.,Mannarino A.,Ramos-Vinolas A.,44,39,1130,1271,1.44,2.75,6-4 6-3 6-0
French Open,9/28/2020,Grand Slam,Outdoor,Clay,1st Round,5,Majchrzak K.,Khachanov K.,Khachanov K.,100,16,650,2200,3.5,1.3,6-7 3-6 3-6
French Open,9/28/2020,Grand Slam,Outdoor,Clay,1st Round,5,Altmaier D.,Lopez F.,Altmaier D.,186,57,302,953,1.44,2.75,7-6 6-4 6-4
French Open,9/28/2020,Grand Slam,Outdoor,Clay,1st Round,5,Medvedev D.,Fucsovics M.,Fucsovics M.,5,63,5890,877,1.22,4.33,4-6 6-7 6-2 1-6
French Open,9/28/2020,Grand Slam,Outdoor,Clay,1st Round,5,Carreno Busta P.,Millman J.,Carreno Busta P.,18,43,2130,1166,1.28,3.75,6-3 6-2 7-5
French Open,9/29/2020,Grand Slam,Outdoor,Clay,1st Round,5,Popyrin A.,Harris L.,Harris L.,108,90,576,701,1.9,1.9,4-6 4-6 6-7
French Open,9/29/2020,Grand Slam,Outdoor,Clay,1st Round,5,Berrettini M.,Pospisil V.,Berrettini M.,8,76,3030,777,1.11,6.5,6-3 6-1 6-3
French Open,9/29/2020,Grand Slam,Outdoor,Clay,1st Round,5,Kohlschreiber P.,Garin C.,Garin C.,86,19,729,2090,5.5,1.14,4-6 6-4 1-6 4-6
French Open,9/29/2020,Grand Slam,Outdoor,Clay,1st Round,5,Polmans M.,Humbert U.,Polmans M.,122,38,485,1286,6.5,1.11,6-2 6-2 3-6 6-3
French Open,9/29/2020,Grand Slam,Outdoor,Clay,1st Round,5,Mayot H.,Davidovich Fokina A.,Davidovich Fokina A.,412,70,88,829,5.5,1.14,6-7 3-6 5-7
French Open,9/29/2020,Grand Slam,Outdoor,Clay,1st Round,5,Lajovic D.,Mager G.,Lajovic D.,24,89,1785,713,1.12,6,6-4 7-6 4-6 6-1
French Open,9/29/2020,Grand Slam,Outdoor,Clay,1st Round,5,Djere L.,Anderson K.,Anderson K.,73,118,797,510,1.44,2.75,2-6 3-6 4-6
French Open,9/29/2020,Grand Slam,Outdoor,Clay,1st Round,5,Berankis R.,Dellien H.,Berankis R.,66,104,854,638,2.62,1.5,6-1 6-4 6-4
French Open,9/29/2020,Grand Slam,Outdoor,Clay,1st Round,5,Halys Q.,Giron M.,Giron M.,202,96,274,684,2.1,1.72,5-7 6-3 7-6 5-7 6-8
French Open,9/29/2020,Grand Slam,Outdoor,Clay,1st Round,5,Rublev A.,Querrey S.,Rublev A.,12,48,2614,1055,1.06,10,6-7 6-7 7-5 6-4 6-3
French Open,9/29/2020,Grand Slam,Outdoor,Clay,1st Round,5,Ymer M.,Djokovic N.,Djokovic N.,80,1,763,11260,23,1.01,0-6 2-6 3-6
French Open,9/29/2020,Grand Slam,Outdoor,Clay,1st Round,5,Carballes Baena R.,Johnson S.,Carballes Baena R.,101,64,649,870,1.53,2.5,6-1 6-1 6-0
French Open,9/29/2020,Grand Slam,Outdoor,Clay,1st Round,5,Uchiyama Y.,Balazs A.,Balazs A.,95,87,685,722,3.4,1.33,2-6 3-6 5-7
French Open,9/29/2020,Grand Slam,Outdoor,Clay,1st Round,5,Cuevas P.,Laaksonen H.,Cuevas P.,60,135,907,435,1.44,2.75,6-1 2-6 6-4 6-2
French Open,9/29/2020,Grand Slam,Outdoor,Clay,1st Round,5,Basilashvili N.,Monteiro T.,Monteiro T.,33,84,1395,749,3,1.4,5-7 4-6 2-6
French Open,9/29/2020,Grand Slam,Outdoor,Clay,1st Round,5,Tsitsipas S.,Munar J.,Tsitsipas S.,6,109,5385,563,1.08,8,4-6 2-6 6-1 6-4 6-4
French Open,9/29/2020,Grand Slam,Outdoor,Clay,1st Round,5,Simon G.,Shapovalov D.,Shapovalov D.,54,11,1005,2660,6,1.12,2-6 5-7 7-5 3-6
French Open,9/29/2020,Grand Slam,Outdoor,Clay,1st Round,5,Dimitrov G.,Barrere G.,Dimitrov G.,20,103,2055,647,1.12,6,6-3 6-2 6-2
French Open,9/29/2020,Grand Slam,Outdoor,Clay,1st Round,5,Gasquet R.,Bautista Agut R.,Bautista Agut R.,50,10,1030,2665,5,1.16,6-7 2-6 1-6
French Open,9/29/2020,Grand Slam,Outdoor,Clay,1st Round,5,Martin A.,Sousa J.,Martin A.,102,77,649,776,1.5,2.62,7-5 6-1 6-2
French Open,9/30/2020,Grand Slam,Outdoor,Clay,2nd Round,5,Isner J.,Korda S.,Korda S.,23,213,1805,252,1.5,2.62,4-6 4-6 6-2 4-6
French Open,9/30/2020,Grand Slam,Outdoor,Clay,2nd Round,5,Fritz T.,Albot R.,Fritz T.,30,79,1625,772,1.5,2.62,6-3 6-2 6-4
French Open,9/30/2020,Grand Slam,Outdoor,Clay,2nd Round,5,Koepfer D.,Wawrinka S.,Wawrinka S.,61,17,886,2185,3.75,1.28,3-6 2-6 6-3 1-6
French Open,9/30/2020,Grand Slam,Outdoor,Clay,2nd Round,5,Gaston H.,Nishioka Y.,Gaston H.,239,52,215,1017,3.5,1.3,6-4 7-6 3-6 6-2
French Open,9/30/2020,Grand Slam,Outdoor,Clay,2nd Round,5,Giustino L.,Schwartzman D.,Schwartzman D.,157,14,363,2505,19,1.02,1-6 5-7 0-6
French Open,9/30/2020,Grand Slam,Outdoor,Clay,2nd Round,5,Gombos N.,Rodionov J.,Gombos N.,106,170,587,338,1.4,3,6-2 2-6 7-6 6-4
French Open,9/30/2020,Grand Slam,Outdoor,Clay,2nd Round,5,Sock J.,Thiem D.,Thiem D.,310,3,140,9125,11,1.05,1-6 3-6 6-7
French Open,9/30/2020,Grand Slam,Outdoor,Clay,2nd Round,5,Nadal R.,Mcdonald M.,Nadal R.,2,236,9850,217,1.01,26,6-1 6-0 6-3
French Open,9/30/2020,Grand Slam,Outdoor,Clay,2nd Round,5,Kukushkin M.,Martinez P.,Martinez P.,88,105,716,610,2.75,1.44,3-6 1-6 0-6
French Open,9/30/2020,Grand Slam,Outdoor,Clay,2nd Round,5,Travaglia S.,Nishikori K.,Travaglia S.,74,35,794,1345,1.66,2.2,6-4 2-6 7-6 4-6 6-2
French Open,9/30/2020,Grand Slam,Outdoor,Clay,2nd Round,5,Bublik A.,Sonego L.,Sonego L.,49,46,1045,1075,1.57,2.37,6-7 1-6 5-7
French Open,9/30/2020,Grand Slam,Outdoor,Clay,2nd Round,5,Ruud C.,Paul T.,Ruud C.,25,58,1739,949,1.2,4.5,6-1 1-6 6-3 1-6 6-3
French Open,9/30/2020,Grand Slam,Outdoor,Clay,2nd Round,5,Paire B.,Coria F.,Coria F.,26,99,1738,671,1.8,2,6-7 6-4 3-6 1-6
French Open,9/30/2020,Grand Slam,Outdoor,Clay,2nd Round,5,Zverev A.,Herbert P.H.,Zverev A.,7,78,4650,775,1.1,7,2-6 6-4 7-6 4-6 6-4
French Open,9/30/2020,Grand Slam,Outdoor,Clay,2nd Round,5,Londero J.I.,Cecchinato M.,Cecchinato M.,69,110,832,551,4,1.25,3-6 2-6 7-5 2-6
French Open,9/30/2020,Grand Slam,Outdoor,Clay,2nd Round,5,Sinner J.,Bonzi B.,Sinner J.,75,227,788,239,1.08,8,6-2 6-4 6-4
French Open,10/1/2020,Grand Slam,Outdoor,Clay,2nd Round,5,Shapovalov D.,Carballes Baena R.,Carballes Baena R.,11,101,2660,649,1.16,5,5-7 7-6 3-6 6-3 6-8
French Open,10/1/2020,Grand Slam,Outdoor,Clay,2nd Round,5,Fucsovics M.,Ramos-Vinolas A.,Fucsovics M.,63,44,877,1130,1.44,2.75,7-6 6-3 7-5
French Open,10/1/2020,Grand Slam,Outdoor,Clay,2nd Round,5,Polmans M.,Garin C.,Garin C.,122,19,485,2090,5,1.16,7-6 2-6 6-7 4-6
French Open,10/1/2020,Grand Slam,Outdoor,Clay,2nd Round,5,Monteiro T.,Giron M.,Monteiro T.,84,96,749,684,1.2,4.5,7-6 6-4 6-1
French Open,10/1/2020,Grand Slam,Outdoor,Clay,2nd Round,5,Vesely J.,Khachanov K.,Khachanov K.,68,16,840,2200,4,1.25,1-6 7-6 6-7 6-7
French Open,10/1/2020,Grand Slam,Outdoor,Clay,2nd Round,5,Altmaier D.,Struff J.L.,Altmaier D.,186,32,302,1450,3.2,1.36,6-3 7-6 6-3
French Open,10/1/2020,Grand Slam,Outdoor,Clay,2nd Round,5,Martin A.,Dimitrov G.,Dimitrov G.,102,20,649,2055,6,1.12,4-6 6-7 1-6
French Open,10/1/2020,Grand Slam,Outdoor,Clay,2nd Round,5,Galan D.,Sandgren T.,Galan D.,153,47,379,1068,3.2,1.36,6-2 6-2 6-3
French Open,10/1/2020,Grand Slam,Outdoor,Clay,2nd Round,5,Pella G.,Carreno Busta P.,Carreno Busta P.,37,18,1310,2130,3.75,1.28,3-6 2-6 1-6
French Open,10/1/2020,Grand Slam,Outdoor,Clay,2nd Round,5,Djokovic N.,Berankis R.,Djokovic N.,1,66,11260,854,34,0.971,6-1 6-2 6-2
French Open,10/1/2020,Grand Slam,Outdoor,Clay,2nd Round,5,Milojevic N.,Bedene A.,Bedene A.,144,56,392,965,2,1.8,5-7 6-2 1-6 6-7
French Open,10/1/2020,Grand Slam,Outdoor,Clay,2nd Round,5,Tsitsipas S.,Cuevas P.,Tsitsipas S.,6,60,5385,907,1.22,4.33,6-1 6-4 6-2
French Open,10/1/2020,Grand Slam,Outdoor,Clay,2nd Round,5,Lajovic D.,Anderson K.,Anderson K.,24,118,1785,510,1.5,2.62,2-6 4-6 6-4 6-3 3-6
French Open,10/1/2020,Grand Slam,Outdoor,Clay,2nd Round,5,Bautista Agut R.,Balazs A.,Bautista Agut R.,10,87,2665,722,1.05,11,6-3 6-1 6-2
French Open,10/1/2020,Grand Slam,Outdoor,Clay,2nd Round,5,Davidovich Fokina A.,Rublev A.,Rublev A.,70,12,829,2614,4.33,1.22,5-7 1-6 6-3 1-6
French Open,10/1/2020,Grand Slam,Outdoor,Clay,2nd Round,5,Berrettini M.,Harris L.,Berrettini M.,8,90,3030,701,1.1,7,6-4 4-6 6-2 6-3
French Open,10/2/2020,Grand Slam,Outdoor,Clay,3rd Round,5,Ruud C.,Thiem D.,Thiem D.,25,3,1739,9125,5.5,1.14,4-6 3-6 1-6
French Open,10/2/2020,Grand Slam,Outdoor,Clay,3rd Round,5,Korda S.,Martinez P.,Korda S.,213,105,252,610,3,1.4,6-4 6-3 6-1
French Open,10/2/2020,Grand Slam,Outdoor,Clay,3rd Round,5,Fritz T.,Sonego L.,Sonego L.,30,46,1625,1075,1.8,2,6-7 3-6 6-7
French Open,10/2/2020,Grand Slam,Outdoor,Clay,3rd Round,5,Gaston H.,Wawrinka S.,Gaston H.,239,17,215,2185,11,1.05,2-6 6-3 6-3 4-6 6-0
French Open,10/2/2020,Grand Slam,Outdoor,Clay,3rd Round,5,Coria F.,Sinner J.,Sinner J.,99,75,671,788,5.5,1.14,3-6 5-7 5-7
French Open,10/2/2020,Grand Slam,Outdoor,Clay,3rd Round,5,Nadal R.,Travaglia S.,Nadal R.,2,74,9850,794,1.005,34,6-1 6-4 6-0
French Open,10/2/2020,Grand Slam,Outdoor,Clay,3rd Round,5,Gombos N.,Schwartzman D.,Schwartzman D.,106,14,587,2505,10,1.06,6-7 3-6 3-6
French Open,10/2/2020,Grand Slam,Outdoor,Clay,3rd Round,5,Zverev A.,Cecchinato M.,Zverev A.,7,110,4650,551,1.44,2.75,6-1 7-5 6-3
French Open,10/3/2020,Grand Slam,Outdoor,Clay,3rd Round,5,Berrettini M.,Altmaier D.,Altmaier D.,8,186,3030,302,1.16,5,2-6 6-7 4-6
French Open,10/3/2020,Grand Slam,Outdoor,Clay,3rd Round,5,Rublev A.,Anderson K.,Rublev A.,12,118,2614,510,1.2,4.5,6-3 6-2 6-3
French Open,10/3/2020,Grand Slam,Outdoor,Clay,3rd Round,5,Bautista Agut R.,Carreno Busta P.,Carreno Busta P.,10,18,2665,2130,1.72,2.1,4-6 3-6 7-5 4-6
French Open,10/3/2020,Grand Slam,Outdoor,Clay,3rd Round,5,Fucsovics M.,Monteiro T.,Fucsovics M.,63,84,877,749,1.57,2.37,7-5 6-1 6-3
French Open,10/3/2020,Grand Slam,Outdoor,Clay,3rd Round,5,Garin C.,Khachanov K.,Khachanov K.,19,16,2090,2200,1.72,2.1,2-6 6-3 4-6 2-6
French Open,10/3/2020,Grand Slam,Outdoor,Clay,3rd Round,5,Djokovic N.,Galan D.,Djokovic N.,1,153,11260,379,1.005,34,6-0 6-3 6-2
French Open,10/4/2020,Grand Slam,Outdoor,Clay,4th Round,5,Korda S.,Nadal R.,Nadal R.,213,2,252,9850,26,1.01,1-6 1-6 2-6
French Open,10/4/2020,Grand Slam,Outdoor,Clay,4th Round,5,Sinner J.,Zverev A.,Sinner J.,75,7,788,4650,2.75,1.44,6-3 6-3 4-6 6-3
French Open,10/4/2020,Grand Slam,Outdoor,Clay,4th Round,5,Gaston H.,Thiem D.,Thiem D.,239,3,215,9125,15,1.03,4-6 4-6 7-5 6-3 3-6
French Open,10/4/2020,Grand Slam,Outdoor,Clay,4th Round,5,Schwartzman D.,Sonego L.,Schwartzman D.,14,46,2505,1075,1.16,5,6-1 6-3 6-4
French Open,10/5/2020,Grand Slam,Outdoor,Clay,4th Round,5,Fucsovics M.,Rublev A.,Rublev A.,63,12,877,2614,4,1.25,7-6 5-7 4-6 6-7
French Open,10/5/2020,Grand Slam,Outdoor,Clay,4th Round,5,Tsitsipas S.,Dimitrov G.,Tsitsipas S.,6,20,5385,2055,1.3,3.5,6-3 7-6 6-2
French Open,10/5/2020,Grand Slam,Outdoor,Clay,4th Round,5,Khachanov K.,Djokovic N.,Djokovic N.,16,1,2200,11260,13,1.04,4-6 3-6 3-6
French Open,10/5/2020,Grand Slam,Outdoor,Clay,4th Round,5,Carreno Busta P.,Altmaier D.,Carreno Busta P.,18,186,2130,302,1.22,4.33,6-2 7-5 6-2
French Open,10/6/2020,Grand Slam,Outdoor,Clay,Quarterfinals,5,Thiem D.,Schwartzman D.,Schwartzman D.,3,14,9125,2505,1.44,2.75,6-7 7-5 7-6 6-7 2-6
French Open,10/6/2020,Grand Slam,Outdoor,Clay,Quarterfinals,5,Nadal R.,Sinner J.,Nadal R.,2,75,9850,788,1.08,8,7-6 6-4 6-1
French Open,10/7/2020,Grand Slam,Outdoor,Clay,Quarterfinals,5,Rublev A.,Tsitsipas S.,Tsitsipas S.,12,6,2614,5385,2.5,1.53,5-7 2-6 3-6
French Open,10/7/2020,Grand Slam,Outdoor,Clay,Quarterfinals,5,Djokovic N.,Carreno Busta P.,Djokovic N.,1,18,11260,2130,1.06,10,4-6 6-2 6-3 6-4
French Open,10/9/2020,Grand Slam,Outdoor,Clay,Semifinals,5,Schwartzman D.,Nadal R.,Nadal R.,14,2,2505,9850,5.5,1.14,3-6 3-6 6-7
French Open,10/9/2020,Grand Slam,Outdoor,Clay,Semifinals,5,Djokovic N.,Tsitsipas S.,Djokovic N.,1,6,11260,5385,1.33,3.4,6-3 6-2 5-7 4-6 6-1
French Open,10/11/2020,Grand Slam,Outdoor,Clay,The Final,5,Djokovic N.,Nadal R.,Nadal R.,1,2,11260,9850,2.1,1.72,0-6 2-6 5-7
BNP Paribas Masters,11/2/2020,Masters 1000,Indoor,Hard,1st Round,3,Coric B.,Fucsovics M.,Coric B.,24,52,1820,1047,1.4,2.75,7-6 6-1
BNP Paribas Masters,11/2/2020,Masters 1000,Indoor,Hard,1st Round,3,Hurkacz H.,Albot R.,Albot R.,33,90,1518,772,1.25,3.75,5-7 7-6 4-6
BNP Paribas Masters,11/2/2020,Masters 1000,Indoor,Hard,1st Round,3,Lopez F.,Krajinovic F.,Lopez F.,64,30,953,1628,3.75,1.25,7-6 6-1
BNP Paribas Masters,11/2/2020,Masters 1000,Indoor,Hard,1st Round,3,Ramos-Vinolas A.,Giron M.,Giron M.,46,91,1165,769,3.4,1.3,3-6 6-4 1-6
BNP Paribas Masters,11/2/2020,Masters 1000,Indoor,Hard,1st Round,3,Moutet C.,Caruso S.,Moutet C.,75,81,838,802,1.8,1.95,3-6 7-6 6-3
BNP Paribas Masters,11/2/2020,Masters 1000,Indoor,Hard,1st Round,3,Delbonis F.,Thompson J.,Thompson J.,78,61,816,994,2.37,1.53,2-6 3-6
BNP Paribas Masters,11/2/2020,Masters 1000,Indoor,Hard,1st Round,3,Gombos N.,Cecchinato M.,Gombos N.,105,79,682,811,1.57,2.25,6-2 7-6
BNP Paribas Masters,11/2/2020,Masters 1000,Indoor,Hard,1st Round,3,Basilashvili N.,Struff J.L.,Struff J.L.,39,35,1395,1450,6,1.12,4-6 2-6
BNP Paribas Masters,11/2/2020,Masters 1000,Indoor,Hard,1st Round,3,Humbert U.,Ruud C.,Humbert U.,34,27,1466,1739,1.33,3.25,4-6 6-2 7-6
BNP Paribas Masters,11/2/2020,Masters 1000,Indoor,Hard,1st Round,3,Travaglia S.,De Minaur A.,De Minaur A.,74,25,849,1815,4.5,1.18,4-6 4-6
BNP Paribas Masters,11/2/2020,Masters 1000,Indoor,Hard,1st Round,3,Bonzi B.,Coria F.,Bonzi B.,180,93,346,757,1.4,2.75,6-2 6-1
BNP Paribas Masters,11/2/2020,Masters 1000,Indoor,Hard,1st Round,3,Auger-Aliassime F.,Cilic M.,Cilic M.,21,43,2171,1280,1.36,3,0-6 6-3 3-6
BNP Paribas Masters,11/2/2020,Masters 1000,Indoor,Hard,1st Round,3,Davidovich Fokina A.,Khachanov K.,Davidovich Fokina A.,63,19,963,2245,2.37,1.53,6-3 2-6 6-2
BNP Paribas Masters,11/2/2020,Masters 1000,Indoor,Hard,1st Round,3,Gaston H.,Carreno Busta P.,Carreno Busta P.,161,15,390,2400,3.5,1.28,3-6 2-6
BNP Paribas Masters,11/3/2020,Masters 1000,Indoor,Hard,1st Round,3,Nishioka Y.,Andujar P.,Nishioka Y.,51,57,1052,1024,1.28,3.5,5-7 6-4 6-2
BNP Paribas Masters,11/3/2020,Masters 1000,Indoor,Hard,1st Round,3,Bedene A.,Raonic M.,Raonic M.,53,17,1045,2265,4.5,1.18,3-6 2-6
BNP Paribas Masters,11/3/2020,Masters 1000,Indoor,Hard,1st Round,3,Wawrinka S.,Evans D.,Wawrinka S.,20,31,2230,1589,1.44,2.62,6-3 7-6
BNP Paribas Masters,11/3/2020,Masters 1000,Indoor,Hard,1st Round,3,Fritz T.,Gasquet R.,Gasquet R.,29,56,1670,1030,1.61,2.2,0-6 6-3 3-6
BNP Paribas Masters,11/3/2020,Masters 1000,Indoor,Hard,1st Round,3,Herbert P.H.,Sandgren T.,Herbert P.H.,85,48,787,1078,1.57,2.25,2-6 6-4 7-6
BNP Paribas Masters,11/3/2020,Masters 1000,Indoor,Hard,1st Round,3,Bublik A.,Sonego L.,Sonego L.,49,32,1070,1543,2.2,1.61,1-6 4-6
BNP Paribas Masters,11/3/2020,Masters 1000,Indoor,Hard,1st Round,3,Paul T.,Simon G.,Paul T.,55,59,1035,1005,2.62,1.44,3-6 6-3 6-3
BNP Paribas Masters,11/3/2020,Masters 1000,Indoor,Hard,1st Round,3,Lajovic D.,Mannarino A.,Mannarino A.,26,36,1785,1426,1.95,1.8,6-7 3-6
BNP Paribas Masters,11/3/2020,Masters 1000,Indoor,Hard,1st Round,3,Kecmanovic M.,Millman J.,Kecmanovic M.,42,38,1283,1396,1.61,2.2,6-4 6-2
BNP Paribas Masters,11/3/2020,Masters 1000,Indoor,Hard,2nd Round,3,Goffin D.,Gombos N.,Gombos N.,14,105,2555,682,1.57,2.25,4-6 6-7
BNP Paribas Masters,11/3/2020,Masters 1000,Indoor,Hard,2nd Round,3,Carreno Busta P.,Struff J.L.,Carreno Busta P.,15,35,2400,1450,1.75,2,7-6 6-2
BNP Paribas Masters,11/3/2020,Masters 1000,Indoor,Hard,2nd Round,3,Tsitsipas S.,Humbert U.,Humbert U.,6,34,5925,1466,1.5,2.5,6-7 7-6 6-7
BNP Paribas Masters,11/3/2020,Masters 1000,Indoor,Hard,2nd Round,3,Giron M.,Berrettini M.,Giron M.,91,10,769,3075,3.4,1.3,7-6 6-7 7-5
BNP Paribas Masters,11/4/2020,Masters 1000,Indoor,Hard,2nd Round,3,Bonzi B.,Davidovich Fokina A.,Davidovich Fokina A.,180,63,346,963,4.33,1.2,4-6 4-6
BNP Paribas Masters,11/4/2020,Masters 1000,Indoor,Hard,2nd Round,3,Schwartzman D.,Gasquet R.,Schwartzman D.,9,56,3285,1030,1.44,2.62,7-5 6-3
BNP Paribas Masters,11/4/2020,Masters 1000,Indoor,Hard,2nd Round,3,Nishioka Y.,Mannarino A.,Mannarino A.,51,36,1052,1426,2,1.75,3-6 7-6 3-6
BNP Paribas Masters,11/4/2020,Masters 1000,Indoor,Hard,2nd Round,3,Raonic M.,Herbert P.H.,Raonic M.,17,85,2265,787,1.18,4.5,6-4 6-4
BNP Paribas Masters,11/4/2020,Masters 1000,Indoor,Hard,2nd Round,3,Sonego L.,De Minaur A.,De Minaur A.,32,25,1543,1815,2.62,1.44,3-6 5-7
BNP Paribas Masters,11/4/2020,Masters 1000,Indoor,Hard,2nd Round,3,Zverev A.,Kecmanovic M.,Zverev A.,7,42,5015,1283,1.33,3.25,6-2 6-2
BNP Paribas Masters,11/4/2020,Masters 1000,Indoor,Hard,2nd Round,3,Coric B.,Thompson J.,Thompson J.,24,61,1820,994,1.16,5,6-2 4-6 2-6
BNP Paribas Masters,11/4/2020,Masters 1000,Indoor,Hard,2nd Round,3,Nadal R.,Lopez F.,Nadal R.,2,64,9850,953,1.11,6.5,4-6 7-6 6-4
BNP Paribas Masters,11/4/2020,Masters 1000,Indoor,Hard,2nd Round,3,Albot R.,Rublev A.,Rublev A.,90,8,772,3839,8,1.08,1-6 2-6
BNP Paribas Masters,11/4/2020,Masters 1000,Indoor,Hard,2nd Round,3,Wawrinka S.,Paul T.,Wawrinka S.,20,55,2230,1035,1.4,2.75,4-6 7-6 6-2
BNP Paribas Masters,11/5/2020,Masters 1000,Indoor,Hard,3rd Round,3,Davidovich Fokina A.,Schwartzman D.,Schwartzman D.,63,9,963,3285,2.75,1.44,1-6 1-6
BNP Paribas Masters,11/5/2020,Masters 1000,Indoor,Hard,3rd Round,3,Medvedev D.,De Minaur A.,Medvedev D.,5,25,5980,1815,1.53,2.5,5-7 6-2 6-2
BNP Paribas Masters,11/5/2020,Masters 1000,Indoor,Hard,3rd Round,3,Giron M.,Raonic M.,Raonic M.,91,17,769,2265,5.5,1.14,6-7 2-6
BNP Paribas Masters,11/5/2020,Masters 1000,Indoor,Hard,3rd Round,3,Humbert U.,Cilic M.,Humbert U.,34,43,1466,1280,1.53,2.5,6-3 6-7 6-3
BNP Paribas Masters,11/5/2020,Masters 1000,Indoor,Hard,3rd Round,3,Gombos N.,Carreno Busta P.,Carreno Busta P.,105,15,682,2400,3.5,1.3,5-7 2-6
BNP Paribas Masters,11/5/2020,Masters 1000,Indoor,Hard,3rd Round,3,Nadal R.,Thompson J.,Nadal R.,2,61,9850,994,1.06,10,6-1 7-6
BNP Paribas Masters,11/5/2020,Masters 1000,Indoor,Hard,3rd Round,3,Mannarino A.,Zverev A.,Zverev A.,36,7,1426,5015,5,1.16,6-7 7-6 4-6
BNP Paribas Masters,11/5/2020,Masters 1000,Indoor,Hard,3rd Round,3,Wawrinka S.,Rublev A.,Wawrinka S.,20,8,2230,3839,4.5,1.2,1-6 6-4 6-3
BNP Paribas Masters,11/6/2020,Masters 1000,Indoor,Hard,Quarterfinals,3,Schwartzman D.,Medvedev D.,Medvedev D.,9,5,3285,5980,2.75,1.44,3-6 1-6
BNP Paribas Masters,11/6/2020,Masters 1000,Indoor,Hard,Quarterfinals,3,Raonic M.,Humbert U.,Raonic M.,17,34,2265,1466,1.4,3,6-3 3-6 7-6
BNP Paribas Masters,11/6/2020,Masters 1000,Indoor,Hard,Quarterfinals,3,Carreno Busta P.,Nadal R.,Nadal R.,15,2,2400,9850,6,1.12,6-4 5-7 1-6
BNP Paribas Masters,11/6/2020,Masters 1000,Indoor,Hard,Quarterfinals,3,Zverev A.,Wawrinka S.,Zverev A.,7,20,5015,2230,1.44,2.75,6-3 7-6
BNP Paribas Masters,11/7/2020,Masters 1000,Indoor,Hard,Semifinals,3,Raonic M.,Medvedev D.,Medvedev D.,17,5,2265,5980,2.75,1.44,4-6 6-7
BNP Paribas Masters,11/7/2020,Masters 1000,Indoor,Hard,Semifinals,3,Zverev A.,Nadal R.,Zverev A.,7,2,5015,9850,2.37,1.57,6-4 7-5
BNP Paribas Masters,11/8/2020,Masters 1000,Indoor,Hard,The Final,3,Zverev A.,Medvedev D.,Medvedev D.,7,5,5015,5980,1.9,1.9,7-5 4-6 1-6
Australian Open,2/8/2021,Grand Slam,Outdoor,Hard,1st Round,5,Raonic M.,Coria F.,Raonic M.,14,92,2630,785,1.01,26,6-3 6-3 6-2
Australian Open,2/8/2021,Grand Slam,Outdoor,Hard,1st Round,5,Novak D.,Mannarino A.,Mannarino A.,98,36,752,1561,2.2,1.66,2-6 4-6 6-7
Australian Open,2/8/2021,Grand Slam,Outdoor,Hard,1st Round,5,Ruusuvuori E.,Monfils G.,Ruusuvuori E.,86,11,816,2860,1.61,2.3,3-6 6-4 7-5 3-6 6-3
Australian Open,2/8/2021,Grand Slam,Outdoor,Hard,1st Round,5,Millman J.,Moutet C.,Moutet C.,39,71,1421,928,1.4,3,4-6 7-6 6-3 2-6 3-6
Australian Open,2/8/2021,Grand Slam,Outdoor,Hard,1st Round,5,Opelka R.,Lu Y.,Opelka R.,38,1009,1422,10,1.06,10,6-3 7-6 6-3
Australian Open,2/8/2021,Grand Slam,Outdoor,Hard,1st Round,5,Sousa P.,Wawrinka S.,Wawrinka S.,107,18,701,2365,8,1.08,3-6 2-6 4-6
Australian Open,2/8/2021,Grand Slam,Outdoor,Hard,1st Round,5,Bolt A.,Gombos N.,Bolt A.,166,89,400,797,1.66,2.2,6-2 6-2 4-6 6-3
Australian Open,2/8/2021,Grand Slam,Outdoor,Hard,1st Round,5,Nishioka Y.,Martinez P.,Martinez P.,58,87,1062,810,1.36,3.2,7-6 1-6 1-6 1-6
Australian Open,2/8/2021,Grand Slam,Outdoor,Hard,1st Round,5,Fritz T.,Ramos-Vinolas A.,Fritz T.,31,46,1695,1210,1.14,5.5,7-6 3-6 6-2 7-6
Australian Open,2/8/2021,Grand Slam,Outdoor,Hard,1st Round,5,Polmans M.,Fucsovics M.,Fucsovics M.,126,55,546,1072,5,1.16,6-4 3-6 1-6 7-6 3-6
Australian Open,2/8/2021,Grand Slam,Outdoor,Hard,1st Round,5,Thiem D.,Kukushkin M.,Thiem D.,3,90,9125,796,1.02,17,7-6 6-2 6-3
Australian Open,2/8/2021,Grand Slam,Outdoor,Hard,1st Round,5,Mager G.,Karatsev A.,Karatsev A.,96,114,770,642,4,1.25,3-6 3-6 4-6
Australian Open,2/8/2021,Grand Slam,Outdoor,Hard,1st Round,5,Kecmanovic M.,Majchrzak K.,Kecmanovic M.,41,109,1353,690,1.44,2.75,6-2 6-4 6-3
Australian Open,2/8/2021,Grand Slam,Outdoor,Hard,1st Round,5,Giron M.,Zverev A.,Zverev A.,75,7,889,5615,11,1.05,7-6 6-7 3-6 2-6
Australian Open,2/8/2021,Grand Slam,Outdoor,Hard,1st Round,5,Bublik A.,Bedene A.,Bublik A.,45,57,1220,1065,2,1.8,6-4 7-5 5-7 6-4
Australian Open,2/8/2021,Grand Slam,Outdoor,Hard,1st Round,5,Paire B.,Gerasimov E.,Gerasimov E.,29,79,1738,854,5,1.16,2-6 6-2 6-7 5-7
Australian Open,2/8/2021,Grand Slam,Outdoor,Hard,1st Round,5,Duckworth J.,Dzumhur D.,Duckworth J.,105,120,721,572,1.36,3.2,6-3 6-2 6-4
Australian Open,2/8/2021,Grand Slam,Outdoor,Hard,1st Round,5,Coppejans K.,Vesely J.,Vesely J.,178,68,368,958,4,1.25,4-6 6-3 7-6 3-6 3-6
Australian Open,2/8/2021,Grand Slam,Outdoor,Hard,1st Round,5,Humbert U.,Uchiyama Y.,Humbert U.,34,106,1671,701,1.14,5.5,6-3 6-4 6-7 6-3
Australian Open,2/8/2021,Grand Slam,Outdoor,Hard,1st Round,5,Londero J.I.,Muller A.,Muller A.,83,210,832,305,2,1.8,6-4 3-6 0-6 3-6
Australian Open,2/8/2021,Grand Slam,Outdoor,Hard,1st Round,5,Carreno Busta P.,Nishikori K.,Carreno Busta P.,16,42,2585,1345,1.33,3.4,7-5 7-6 6-2
Australian Open,2/8/2021,Grand Slam,Outdoor,Hard,1st Round,5,Travaglia S.,Tiafoe F.,Tiafoe F.,60,64,1024,1005,3.75,1.28,6-7 2-6 2-6
Australian Open,2/8/2021,Grand Slam,Outdoor,Hard,1st Round,5,Dimitrov G.,Cilic M.,Dimitrov G.,21,43,2260,1325,1.5,2.62,6-4 6-2 7-6
Australian Open,2/8/2021,Grand Slam,Outdoor,Hard,1st Round,5,Dellien H.,Koepfer D.,Koepfer D.,112,70,646,931,4.33,1.22,5-7 2-6 4-6
Australian Open,2/8/2021,Grand Slam,Outdoor,Hard,1st Round,5,Lajovic D.,Stakhovsky S.,Lajovic D.,27,200,1785,332,1.36,3.2,5-7 6-4 6-3 5-7 6-4
Australian Open,2/8/2021,Grand Slam,Outdoor,Hard,1st Round,5,Stebe C.M.,Auger-Aliassime F.,Auger-Aliassime F.,129,19,539,2346,6,1.12,2-6 4-6 2-6
Australian Open,2/8/2021,Grand Slam,Outdoor,Hard,1st Round,5,Schwartzman D.,Ymer E.,Schwartzman D.,9,205,3480,314,1.04,13,7-6 6-4 2-6 6-2
Australian Open,2/8/2021,Grand Slam,Outdoor,Hard,1st Round,5,Ferreira Silva F.,Kyrgios N.,Kyrgios N.,185,47,356,1190,5.5,1.14,4-6 4-6 4-6
Australian Open,2/8/2021,Grand Slam,Outdoor,Hard,1st Round,5,Cressy M.,Daniel T.,Cressy M.,172,118,389,591,2.1,1.72,7-6 7-6 6-4
Australian Open,2/8/2021,Grand Slam,Outdoor,Hard,1st Round,5,Chardy J.,Djokovic N.,Djokovic N.,61,1,1020,12030,26,1.01,3-6 1-6 2-6
Australian Open,2/8/2021,Grand Slam,Outdoor,Hard,1st Round,5,Shapovalov D.,Sinner J.,Shapovalov D.,12,32,2830,1694,1.5,2.62,3-6 6-3 6-2 4-6 6-4
Australian Open,2/9/2021,Grand Slam,Outdoor,Hard,1st Round,5,Torpegaard M.,Harris L.,Harris L.,188,91,350,793,3.2,1.36,6-4 3-6 2-6 2-6
Australian Open,2/9/2021,Grand Slam,Outdoor,Hard,1st Round,5,Mcdonald M.,Cecchinato M.,Mcdonald M.,192,82,345,838,1.36,3.2,3-6 6-3 6-2 6-2
Australian Open,2/9/2021,Grand Slam,Outdoor,Hard,1st Round,5,Martin A.,Monteiro T.,Monteiro T.,103,74,734,894,4.33,1.22,6-7 1-6 2-6
Australian Open,2/9/2021,Grand Slam,Outdoor,Hard,1st Round,5,O Connell C.,Struff J.L.,O Connell C.,121,37,568,1495,4.5,1.2,7-6 7-6 6-1
Australian Open,2/9/2021,Grand Slam,Outdoor,Hard,1st Round,5,Pella G.,Coric B.,Coric B.,44,25,1310,1855,6,1.12,3-6 6-7 5-7
Australian Open,2/9/2021,Grand Slam,Outdoor,Hard,1st Round,5,Alcaraz C.,Van De Zandschulp B.,Alcaraz C.,141,151,484,461,1.66,2.2,6-1 6-4 6-4
Australian Open,2/9/2021,Grand Slam,Outdoor,Hard,1st Round,5,Hurkacz H.,Ymer M.,Ymer M.,30,95,1735,775,1.22,4.33,6-3 3-6 6-3 5-7 3-6
Australian Open,2/9/2021,Grand Slam,Outdoor,Hard,1st Round,5,Rublev A.,Hanfmann Y.,Rublev A.,8,102,4429,736,1.01,23,6-3 6-3 6-4
Australian Open,2/9/2021,Grand Slam,Outdoor,Hard,1st Round,5,Goffin D.,Popyrin A.,Popyrin A.,15,113,2600,643,1.4,3,6-3 4-6 7-6 6-7 3-6
Australian Open,2/9/2021,Grand Slam,Outdoor,Hard,1st Round,5,Khachanov K.,Vukic A.,Khachanov K.,20,196,2290,341,1.1,7,6-3 6-7 7-6 6-4
Australian Open,2/9/2021,Grand Slam,Outdoor,Hard,1st Round,5,Bautista Agut R.,Albot R.,Albot R.,13,85,2710,817,1.05,11,7-6 0-6 4-6 6-7
Australian Open,2/9/2021,Grand Slam,Outdoor,Hard,1st Round,5,Cuevas P.,Seppi A.,Cuevas P.,72,108,927,699,1.66,2.2,6-4 4-6 6-2 6-2
Australian Open,2/9/2021,Grand Slam,Outdoor,Hard,1st Round,5,Haase R.,Krajinovic F.,Krajinovic F.,197,33,340,1673,4.33,1.22,6-7 3-6 6-4 2-6
Australian Open,2/9/2021,Grand Slam,Outdoor,Hard,1st Round,5,Andujar P.,Halys Q.,Andujar P.,59,207,1044,310,3,1.4,6-4 7-5 7-5
Australian Open,2/9/2021,Grand Slam,Outdoor,Hard,1st Round,5,Nagal S.,Berankis R.,Berankis R.,144,73,480,909,6,1.12,2-6 5-7 3-6
Australian Open,2/9/2021,Grand Slam,Outdoor,Hard,1st Round,5,Medvedev D.,Pospisil V.,Medvedev D.,4,63,8715,1013,1.04,13,6-2 6-2 6-4
Australian Open,2/9/2021,Grand Slam,Outdoor,Hard,1st Round,5,Querrey S.,Sonego L.,Sonego L.,52,35,1085,1588,2,1.8,5-7 4-6 4-6
Australian Open,2/9/2021,Grand Slam,Outdoor,Hard,1st Round,5,Paul T.,Basilashvili N.,Paul T.,53,40,1080,1405,1.2,4.5,6-4 7-6 6-4
Australian Open,2/9/2021,Grand Slam,Outdoor,Hard,1st Round,5,Djere L.,Nadal R.,Nadal R.,56,2,1068,9850,26,1.01,3-6 4-6 1-6
Australian Open,2/9/2021,Grand Slam,Outdoor,Hard,1st Round,5,Caruso S.,Laaksonen H.,Caruso S.,78,139,863,492,1.57,2.37,6-2 6-4 6-3
Australian Open,2/9/2021,Grand Slam,Outdoor,Hard,1st Round,5,Troicki V.,Mmoh M.,Mmoh M.,202,177,326,368,2.2,1.66,6-7 7-6 6-3 6-7 5-7
Australian Open,2/9/2021,Grand Slam,Outdoor,Hard,1st Round,5,De Minaur A.,Sandgren T.,De Minaur A.,23,51,2065,1091,1.12,6,7-5 6-1 6-1
Australian Open,2/9/2021,Grand Slam,Outdoor,Hard,1st Round,5,Balazs A.,Carballes Baena R.,Carballes Baena R.,94,99,779,751,8,1.08,5-7 6-3 2-6 3-6
Australian Open,2/9/2021,Grand Slam,Outdoor,Hard,1st Round,5,Norrie C.,Evans D.,Norrie C.,69,26,935,1794,3,1.4,6-4 4-6 6-4 7-5
Australian Open,2/9/2021,Grand Slam,Outdoor,Hard,1st Round,5,Herbert P.H.,Fognini F.,Fognini F.,84,17,822,2535,2.1,1.72,4-6 2-6 3-6
Australian Open,2/9/2021,Grand Slam,Outdoor,Hard,1st Round,5,Kokkinakis T.,Kwon S.W.,Kokkinakis T.,267,97,209,768,1.72,2.1,6-4 6-1 6-1
Australian Open,2/9/2021,Grand Slam,Outdoor,Hard,1st Round,5,Anderson K.,Berrettini M.,Berrettini M.,81,10,845,3345,3.4,1.33,6-7 5-7 3-6
Australian Open,2/9/2021,Grand Slam,Outdoor,Hard,1st Round,5,Safiullin R.,Ivashka I.,Safiullin R.,183,110,357,681,1.57,2.37,6-4 6-3 6-4
Australian Open,2/9/2021,Grand Slam,Outdoor,Hard,1st Round,5,Simon G.,Tsitsipas S.,Tsitsipas S.,66,6,990,5965,10,1.06,1-6 2-6 1-6
Australian Open,2/10/2021,Grand Slam,Outdoor,Hard,2nd Round,5,Karatsev A.,Gerasimov E.,Karatsev A.,114,79,642,854,1.53,2.5,6-0 6-1 6-0
Australian Open,2/10/2021,Grand Slam,Outdoor,Hard,2nd Round,5,Wawrinka S.,Fucsovics M.,Fucsovics M.,18,55,2365,1072,1.4,3,5-7 1-6 6-4 6-2 6-7
Australian Open,2/10/2021,Grand Slam,Outdoor,Hard,2nd Round,5,Martinez P.,Ruusuvuori E.,Martinez P.,87,86,810,816,3,1.4,1-6 6-3 6-2 7-6
Australian Open,2/10/2021,Grand Slam,Outdoor,Hard,2nd Round,5,Duckworth J.,Auger-Aliassime F.,Auger-Aliassime F.,105,19,721,2346,4.5,1.2,4-6 1-6 2-6
Australian Open,2/10/2021,Grand Slam,Outdoor,Hard,2nd Round,5,Schwartzman D.,Muller A.,Schwartzman D.,9,210,3480,305,1.08,8,6-2 6-0 6-3
Australian Open,2/10/2021,Grand Slam,Outdoor,Hard,2nd Round,5,Moutet C.,Raonic M.,Raonic M.,71,14,928,2630,6,1.12,7-6 1-6 1-6 4-6
Australian Open,2/10/2021,Grand Slam,Outdoor,Hard,2nd Round,5,Djokovic N.,Tiafoe F.,Djokovic N.,1,64,12030,1005,29,0.967,6-3 6-7 7-6 6-3
Australian Open,2/10/2021,Grand Slam,Outdoor,Hard,2nd Round,5,Koepfer D.,Thiem D.,Thiem D.,70,3,931,9125,10,1.06,4-6 0-6 2-6
Australian Open,2/10/2021,Grand Slam,Outdoor,Hard,2nd Round,5,Lajovic D.,Bublik A.,Lajovic D.,27,45,1785,1220,2.75,1.44,6-4 7-6 4-6 6-3
Australian Open,2/10/2021,Grand Slam,Outdoor,Hard,2nd Round,5,Opelka R.,Fritz T.,Fritz T.,38,31,1422,1695,2.2,1.66,6-4 6-7 7-6 6-7 2-6
Australian Open,2/10/2021,Grand Slam,Outdoor,Hard,2nd Round,5,Shapovalov D.,Tomic B.,Shapovalov D.,12,233,2830,253,1.07,9,6-1 6-3 6-2
Australian Open,2/10/2021,Grand Slam,Outdoor,Hard,2nd Round,5,Kecmanovic M.,Mannarino A.,Mannarino A.,41,36,1353,1561,1.72,2.1,1-6 2-6 4-6
Australian Open,2/10/2021,Grand Slam,Outdoor,Hard,2nd Round,5,Carreno Busta P.,Vesely J.,Carreno Busta P.,16,68,2585,958,1.22,4.33,6-3 7-6 2-6 6-4
Australian Open,2/10/2021,Grand Slam,Outdoor,Hard,2nd Round,5,Humbert U.,Kyrgios N.,Kyrgios N.,34,47,1671,1190,2,1.8,7-5 4-6 6-3 6-7 4-6
Australian Open,2/10/2021,Grand Slam,Outdoor,Hard,2nd Round,5,Zverev A.,Cressy M.,Zverev A.,7,172,5615,389,1.08,8,7-5 6-4 6-3
Australian Open,2/10/2021,Grand Slam,Outdoor,Hard,2nd Round,5,Bolt A.,Dimitrov G.,Dimitrov G.,166,21,400,2260,4.33,1.22,6-7 1-6 2-6
Australian Open,2/11/2021,Grand Slam,Outdoor,Hard,2nd Round,5,Lopez F.,Sonego L.,Lopez F.,65,35,998,1588,4,1.25,5-7 3-6 6-3 7-5 6-4
Australian Open,2/11/2021,Grand Slam,Outdoor,Hard,2nd Round,5,Monteiro T.,Rublev A.,Rublev A.,74,8,894,4429,13,1.04,4-6 4-6 6-7
Australian Open,2/11/2021,Grand Slam,Outdoor,Hard,2nd Round,5,Harris L.,Popyrin A.,Harris L.,91,113,793,643,1.61,2.3,6-2 1-6 6-3 6-7 6-3
Australian Open,2/11/2021,Grand Slam,Outdoor,Hard,2nd Round,5,Alcaraz C.,Ymer M.,Ymer M.,141,95,484,775,1.5,2.62,6-2 4-6 4-6 6-7
Australian Open,2/11/2021,Grand Slam,Outdoor,Hard,2nd Round,5,Ruud C.,Paul T.,Ruud C.,28,53,1739,1080,1.72,2.1,3-6 6-2 6-4 7-5
Australian Open,2/11/2021,Grand Slam,Outdoor,Hard,2nd Round,5,Berankis R.,Khachanov K.,Khachanov K.,73,20,909,2290,4,1.25,2-6 4-6 4-6
Australian Open,2/11/2021,Grand Slam,Outdoor,Hard,2nd Round,5,Krajinovic F.,Andujar P.,Krajinovic F.,33,59,1673,1044,1.12,6,6-2 5-7 6-1 6-4
Australian Open,2/11/2021,Grand Slam,Outdoor,Hard,2nd Round,5,Kokkinakis T.,Tsitsipas S.,Tsitsipas S.,267,6,209,5965,8,1.08,7-6 4-6 1-6 7-6 4-6
Australian Open,2/11/2021,Grand Slam,Outdoor,Hard,2nd Round,5,Berrettini M.,Machac T.,Berrettini M.,10,199,3345,333,1.05,11,6-3 6-2 4-6 6-3
Australian Open,2/11/2021,Grand Slam,Outdoor,Hard,2nd Round,5,Coric B.,Mcdonald M.,Mcdonald M.,25,192,1855,345,1.2,4.5,4-6 2-6 6-4 4-6
Australian Open,2/11/2021,Grand Slam,Outdoor,Hard,2nd Round,5,Albot R.,O Connell C.,Albot R.,85,121,817,568,2.5,1.53,6-2 7-5 7-6
Australian Open,2/11/2021,Grand Slam,Outdoor,Hard,2nd Round,5,Caruso S.,Fognini F.,Fognini F.,78,17,863,2535,3,1.4,6-4 2-6 6-2 3-6 6-7
Australian Open,2/11/2021,Grand Slam,Outdoor,Hard,2nd Round,5,Norrie C.,Safiullin R.,Norrie C.,69,183,935,357,1.36,3.2,3-6 7-5 6-3 7-6
Australian Open,2/11/2021,Grand Slam,Outdoor,Hard,2nd Round,5,Cuevas P.,De Minaur A.,De Minaur A.,72,23,927,2065,8,1.08,3-6 3-6 5-7
Australian Open,2/11/2021,Grand Slam,Outdoor,Hard,2nd Round,5,Medvedev D.,Carballes Baena R.,Medvedev D.,4,99,8715,751,1.005,29,6-2 7-5 6-1
Australian Open,2/11/2021,Grand Slam,Outdoor,Hard,2nd Round,5,Mmoh M.,Nadal R.,Nadal R.,177,2,368,9850,23,1.01,1-6 4-6 2-6
Australian Open,2/12/2021,Grand Slam,Outdoor,Hard,3rd Round,5,Zverev A.,Mannarino A.,Zverev A.,7,36,5615,1561,1.14,5.5,6-3 6-3 6-1
Australian Open,2/12/2021,Grand Slam,Outdoor,Hard,3rd Round,5,Martinez P.,Lajovic D.,Lajovic D.,87,27,810,1785,2.1,1.72,7-6 5-7 1-6 4-6
Australian Open,2/12/2021,Grand Slam,Outdoor,Hard,3rd Round,5,Karatsev A.,Schwartzman D.,Karatsev A.,114,9,642,3480,3.4,1.33,6-3 6-3 6-3
Australian Open,2/12/2021,Grand Slam,Outdoor,Hard,3rd Round,5,Fucsovics M.,Raonic M.,Raonic M.,55,14,1072,2630,5.5,1.14,6-7 7-5 2-6 2-6
Australian Open,2/12/2021,Grand Slam,Outdoor,Hard,3rd Round,5,Auger-Aliassime F.,Shapovalov D.,Auger-Aliassime F.,19,12,2346,2830,2.75,1.44,7-5 7-5 6-3
Australian Open,2/12/2021,Grand Slam,Outdoor,Hard,3rd Round,5,Kyrgios N.,Thiem D.,Thiem D.,47,3,1190,9125,3.75,1.28,6-4 6-4 3-6 4-6 4-6
Australian Open,2/12/2021,Grand Slam,Outdoor,Hard,3rd Round,5,Djokovic N.,Fritz T.,Djokovic N.,1,31,12030,1695,1.01,21,7-6 6-4 3-6 4-6 6-2
Australian Open,2/13/2021,Grand Slam,Outdoor,Hard,3rd Round,5,Albot R.,Ruud C.,Ruud C.,85,28,817,1739,3.4,1.33,1-6 7-5 4-6 4-6
Australian Open,2/13/2021,Grand Slam,Outdoor,Hard,3rd Round,5,Mcdonald M.,Harris L.,Mcdonald M.,192,91,345,793,2.2,1.66,7-6 6-1 6-4
Australian Open,2/13/2021,Grand Slam,Outdoor,Hard,3rd Round,5,Krajinovic F.,Medvedev D.,Medvedev D.,33,4,1673,8715,11,1.05,3-6 3-6 6-4 6-3 0-6
Australian Open,2/13/2021,Grand Slam,Outdoor,Hard,3rd Round,5,Tsitsipas S.,Ymer M.,Tsitsipas S.,6,95,5965,775,1.03,15,6-4 6-1 6-1
Australian Open,2/13/2021,Grand Slam,Outdoor,Hard,3rd Round,5,Lopez F.,Rublev A.,Rublev A.,65,8,998,4429,19,1.02,5-7 2-6 3-6
Australian Open,2/13/2021,Grand Slam,Outdoor,Hard,3rd Round,5,Berrettini M.,Khachanov K.,Berrettini M.,10,20,3345,2290,1.4,3,7-6 7-6 7-6
Australian Open,2/13/2021,Grand Slam,Outdoor,Hard,3rd Round,5,De Minaur A.,Fognini F.,Fognini F.,23,17,2065,2535,1.14,5.5,4-6 3-6 4-6
Australian Open,2/13/2021,Grand Slam,Outdoor,Hard,3rd Round,5,Nadal R.,Norrie C.,Nadal R.,2,69,9850,935,1.02,19,7-5 6-2 7-5
Australian Open,2/14/2021,Grand Slam,Outdoor,Hard,4th Round,5,Auger-Aliassime F.,Karatsev A.,Karatsev A.,19,114,2346,642,1.53,2.5,6-3 6-1 3-6 3-6 4-6
Australian Open,2/14/2021,Grand Slam,Outdoor,Hard,4th Round,5,Dimitrov G.,Thiem D.,Dimitrov G.,21,3,2260,9125,3.4,1.33,6-4 6-4 6-0
Australian Open,2/14/2021,Grand Slam,Outdoor,Hard,4th Round,5,Lajovic D.,Zverev A.,Zverev A.,27,7,1785,5615,10,1.06,4-6 6-7 3-6
Australian Open,2/14/2021,Grand Slam,Outdoor,Hard,4th Round,5,Djokovic N.,Raonic M.,Djokovic N.,1,14,12030,2630,1.44,2.75,7-6 4-6 6-1 6-4
Australian Open,2/15/2021,Grand Slam,Outdoor,Hard,4th Round,5,Mcdonald M.,Medvedev D.,Medvedev D.,192,4,345,8715,15,1.03,4-6 2-6 3-6
Australian Open,2/15/2021,Grand Slam,Outdoor,Hard,4th Round,5,Nadal R.,Fognini F.,Nadal R.,2,17,9850,2535,1.16,5,6-3 6-4 6-2
Australian Open,2/16/2021,Grand Slam,Outdoor,Hard,Quarterfinals,5,Dimitrov G.,Karatsev A.,Karatsev A.,21,114,2260,642,1.3,3.5,6-2 4-6 1-6 2-6
Australian Open,2/16/2021,Grand Slam,Outdoor,Hard,Quarterfinals,5,Djokovic N.,Zverev A.,Djokovic N.,1,7,12030,5615,1.57,2.37,6-7 6-2 6-4 7-6
Australian Open,2/17/2021,Grand Slam,Outdoor,Hard,Quarterfinals,5,Rublev A.,Medvedev D.,Medvedev D.,8,4,4429,8715,2.75,1.44,5-7 3-6 2-6
Australian Open,2/17/2021,Grand Slam,Outdoor,Hard,Quarterfinals,5,Tsitsipas S.,Nadal R.,Tsitsipas S.,6,2,5965,9850,2.75,1.44,3-6 2-6 7-6 6-4 7-5
Australian Open,2/18/2021,Grand Slam,Outdoor,Hard,Semifinals,5,Karatsev A.,Djokovic N.,Djokovic N.,114,1,642,12030,9,1.07,3-6 4-6 2-6
Australian Open,2/19/2021,Grand Slam,Outdoor,Hard,Semifinals,5,Medvedev D.,Tsitsipas S.,Medvedev D.,4,6,8715,5965,1.4,3,6-4 6-2 7-5
Australian Open,2/21/2021,Grand Slam,Outdoor,Hard,The Final,5,Medvedev D.,Djokovic N.,Djokovic N.,4,1,8715,12030,2,1.83,5-7 2-6 2-6
Miami Open,3/24/2021,Masters 1000,Outdoor,Hard,1st Round,3,Popyrin A.,Lopez F.,Popyrin A.,86,64,873,1066,1.36,3.2,6-4 7-6
Miami Open,3/24/2021,Masters 1000,Outdoor,Hard,1st Round,3,Sousa P.,Herbert P.H.,Herbert P.H.,111,74,716,972,5,1.16,1-6 3-6
Miami Open,3/24/2021,Masters 1000,Outdoor,Hard,1st Round,3,Norrie C.,Nishioka Y.,Norrie C.,56,66,1140,1046,1.57,2.37,6-1 3-6 7-5
Miami Open,3/24/2021,Masters 1000,Outdoor,Hard,1st Round,3,Tabilo A.,Ymer M.,Ymer M.,167,95,431,820,2.2,1.66,3-6 1-6
Miami Open,3/24/2021,Masters 1000,Outdoor,Hard,1st Round,3,Giron M.,Paul T.,Giron M.,88,53,864,1155,2.3,1.61,7-6 6-4
Miami Open,3/24/2021,Masters 1000,Outdoor,Hard,1st Round,3,Querrey S.,Lu Y.,Lu Y.,63,1020,1073,10,1.12,6,3-6 4-6
Miami Open,3/24/2021,Masters 1000,Outdoor,Hard,1st Round,3,Gaston H.,Koepfer D.,Gaston H.,162,54,445,1146,3,1.4,6-1 6-4
Miami Open,3/24/2021,Masters 1000,Outdoor,Hard,1st Round,3,Lorenzi P.,Escobedo E.,Escobedo E.,157,205,457,343,4,1.25,3-6 2-6
Miami Open,3/24/2021,Masters 1000,Outdoor,Hard,1st Round,3,Hanfmann Y.,Johnson S.,Hanfmann Y.,108,82,750,885,1.66,2.2,7-5 6-2
Miami Open,3/24/2021,Masters 1000,Outdoor,Hard,1st Round,3,Gaio F.,Berankis R.,Berankis R.,142,89,526,860,2.3,1.61,6-7 2-6
Miami Open,3/24/2021,Masters 1000,Outdoor,Hard,1st Round,3,Duckworth J.,Zverev M.,Duckworth J.,104,280,771,209,1.57,2.37,6-2 4-6 6-4
Miami Open,3/24/2021,Masters 1000,Outdoor,Hard,1st Round,3,Nava E.,Harris L.,Harris L.,556,52,57,1175,4.5,1.2,4-6 6-7
Miami Open,3/24/2021,Masters 1000,Outdoor,Hard,1st Round,3,Mcdonald M.,Pospisil V.,Mcdonald M.,120,67,633,1033,1.8,2,6-3 4-6 6-3
Miami Open,3/24/2021,Masters 1000,Outdoor,Hard,1st Round,3,Vesely J.,Djere L.,Djere L.,71,57,993,1131,1.57,2.37,3-6 7-5 1-6
Miami Open,3/25/2021,Masters 1000,Outdoor,Hard,1st Round,3,Ruusuvuori E.,Alcaraz C.,Ruusuvuori E.,83,132,881,561,1.57,2.37,6-4 2-6 7-5
Miami Open,3/25/2021,Masters 1000,Outdoor,Hard,1st Round,3,Travaglia S.,Tiafoe F.,Tiafoe F.,70,58,1024,1120,3.5,1.3,7-5 4-6 2-6
Miami Open,3/25/2021,Masters 1000,Outdoor,Hard,1st Round,3,Kokkinakis T.,Mochizuki S.,Kokkinakis T.,243,654,258,39,1.1,7,6-3 6-3
Miami Open,3/25/2021,Masters 1000,Outdoor,Hard,1st Round,3,Kwon S.W.,Ivashka I.,Ivashka I.,79,116,910,673,1.53,2.5,6-7 7-6 6-7
Miami Open,3/25/2021,Masters 1000,Outdoor,Hard,1st Round,3,Fratangelo B.,Verdasco F.,Fratangelo B.,233,72,277,985,1.36,3.2,6-4 6-4
Miami Open,3/25/2021,Masters 1000,Outdoor,Hard,1st Round,3,Chardy J.,Kudla D.,Kudla D.,49,123,1190,608,1.3,3.5,6-3 3-6 4-6
Miami Open,3/25/2021,Masters 1000,Outdoor,Hard,1st Round,3,Thompson J.,Delbonis F.,Thompson J.,60,80,1104,906,1.61,2.3,7-6 6-4
Miami Open,3/25/2021,Masters 1000,Outdoor,Hard,1st Round,3,Caruso S.,Uchiyama Y.,Uchiyama Y.,85,110,876,716,1.36,3.2,3-6 4-6
Miami Open,3/25/2021,Masters 1000,Outdoor,Hard,1st Round,3,Cilic M.,Coria F.,Cilic M.,45,84,1373,878,1.2,4.5,6-3 2-6 6-4
Miami Open,3/25/2021,Masters 1000,Outdoor,Hard,1st Round,3,Broady L.,Kecmanovic M.,Kecmanovic M.,158,46,457,1364,3.4,1.33,5-7 7-6 1-6
Miami Open,3/25/2021,Masters 1000,Outdoor,Hard,1st Round,3,Dzumhur D.,Anderson K.,Dzumhur D.,126,91,599,845,3.2,1.36,7-6 7-5
Miami Open,3/25/2021,Masters 1000,Outdoor,Hard,1st Round,3,Seyboth Wild T.,Galan D.E.,Galan D.E.,125,113,606,702,1.9,1.9,3-6 4-6
Miami Open,3/25/2021,Masters 1000,Outdoor,Hard,1st Round,3,Korda S.,Albot R.,Korda S.,87,77,865,936,1.4,3,6-3 6-0
Miami Open,3/25/2021,Masters 1000,Outdoor,Hard,1st Round,3,Mmoh M.,Musetti L.,Musetti L.,181,94,393,823,2.5,1.53,4-6 4-6
Miami Open,3/26/2021,Masters 1000,Outdoor,Hard,1st Round,3,Sousa J.,O Connell C.,Sousa J.,103,122,777,619,3.4,1.33,7-6 6-7 7-5
Miami Open,3/26/2021,Masters 1000,Outdoor,Hard,1st Round,3,Fabbiano T.,Bedene A.,Bedene A.,178,59,400,1110,3.75,1.28,6-7 6-1 3-6
Miami Open,3/26/2021,Masters 1000,Outdoor,Hard,2nd Round,3,Popyrin A.,Opelka R.,Popyrin A.,86,41,873,1457,2.1,1.72,6-4 6-2
Miami Open,3/26/2021,Masters 1000,Outdoor,Hard,2nd Round,3,Goffin D.,Duckworth J.,Duckworth J.,13,104,2795,771,1.16,5,3-6 1-6
Miami Open,3/26/2021,Masters 1000,Outdoor,Hard,2nd Round,3,Lajovic D.,Escobedo E.,Lajovic D.,26,205,1895,343,1.66,2.2,6-2 6-3
Miami Open,3/26/2021,Masters 1000,Outdoor,Hard,2nd Round,3,Giron M.,Fritz T.,Fritz T.,88,32,864,1775,2.62,1.5,2-6 2-6
Miami Open,3/26/2021,Masters 1000,Outdoor,Hard,2nd Round,3,Norrie C.,Dimitrov G.,Norrie C.,56,16,1140,2620,2.62,1.5,7-5 7-5
Miami Open,3/26/2021,Masters 1000,Outdoor,Hard,2nd Round,3,Berankis R.,Struff J.L.,Struff J.L.,89,42,860,1450,3,1.4,3-6 4-6
Miami Open,3/26/2021,Masters 1000,Outdoor,Hard,2nd Round,3,Ymer M.,Basilashvili N.,Ymer M.,95,38,820,1645,2.37,1.57,6-3 4-6 6-4
Miami Open,3/26/2021,Masters 1000,Outdoor,Hard,2nd Round,3,Gaston H.,Sinner J.,Sinner J.,162,31,445,1789,5,1.16,2-6 2-6
Miami Open,3/26/2021,Masters 1000,Outdoor,Hard,2nd Round,3,Auger-Aliassime F.,Herbert P.H.,Auger-Aliassime F.,18,74,2561,972,1.5,2.62,6-4 6-4
Miami Open,3/26/2021,Masters 1000,Outdoor,Hard,2nd Round,3,Lu Y.,Medvedev D.,Medvedev D.,1020,2,10,9940,23,1.01,2-6 2-6
Miami Open,3/26/2021,Masters 1000,Outdoor,Hard,2nd Round,3,Khachanov K.,Hanfmann Y.,Khachanov K.,22,108,2200,750,1.2,4.5,6-3 6-2
Miami Open,3/26/2021,Masters 1000,Outdoor,Hard,2nd Round,3,Zverev A.,Ruusuvuori E.,Ruusuvuori E.,7,83,6070,881,1.16,5,6-1 3-6 1-6
Miami Open,3/26/2021,Masters 1000,Outdoor,Hard,2nd Round,3,Bublik A.,Djere L.,Bublik A.,44,57,1385,1131,1.53,2.5,6-3 6-4
Miami Open,3/26/2021,Masters 1000,Outdoor,Hard,2nd Round,3,Evans D.,Tiafoe F.,Tiafoe F.,29,58,1813,1120,1.72,2.1,7-6 3-6 3-6
Miami Open,3/27/2021,Masters 1000,Outdoor,Hard,2nd Round,3,Isner J.,Mcdonald M.,Isner J.,28,120,1850,633,2.1,1.72,2-6 6-3 7-5
Miami Open,3/27/2021,Masters 1000,Outdoor,Hard,2nd Round,3,Fratangelo B.,Sonego L.,Sonego L.,233,34,277,1668,2.3,1.61,4-6 6-7
Miami Open,3/27/2021,Masters 1000,Outdoor,Hard,2nd Round,3,Nishikori K.,Bedene A.,Nishikori K.,39,59,1513,1110,1.4,3,7-6 5-7 6-4
Miami Open,3/27/2021,Masters 1000,Outdoor,Hard,2nd Round,3,Thompson J.,Raonic M.,Raonic M.,60,19,1104,2450,5,1.16,2-6 1-6
Miami Open,3/27/2021,Masters 1000,Outdoor,Hard,2nd Round,3,Hurkacz H.,Kudla D.,Hurkacz H.,37,123,1645,608,1.4,3,7-6 6-4
Miami Open,3/27/2021,Masters 1000,Outdoor,Hard,2nd Round,3,Dzumhur D.,Tsitsipas S.,Tsitsipas S.,126,5,599,6950,8,1.08,1-6 4-6
Miami Open,3/27/2021,Masters 1000,Outdoor,Hard,2nd Round,3,Musetti L.,Paire B.,Musetti L.,94,33,823,1773,1.2,4.5,6-3 6-3
Miami Open,3/27/2021,Masters 1000,Outdoor,Hard,2nd Round,3,De Minaur A.,Galan D.E.,Galan D.E.,23,113,2190,702,1.12,6,6-4 3-6 4-6
Miami Open,3/27/2021,Masters 1000,Outdoor,Hard,2nd Round,3,Cilic M.,Garin C.,Cilic M.,45,20,1373,2385,1.8,2,3-6 7-5 7-6
Miami Open,3/27/2021,Masters 1000,Outdoor,Hard,2nd Round,3,Kukushkin M.,Karatsev A.,Karatsev A.,105,27,769,1888,5.5,1.14,4-6 3-6
Miami Open,3/27/2021,Masters 1000,Outdoor,Hard,2nd Round,3,Humbert U.,Sousa J.,Humbert U.,30,103,1790,777,1.16,5,6-1 6-4
Miami Open,3/27/2021,Masters 1000,Outdoor,Hard,2nd Round,3,Kecmanovic M.,Mannarino A.,Mannarino A.,46,36,1364,1661,1.8,2,3-6 4-6
Miami Open,3/27/2021,Masters 1000,Outdoor,Hard,2nd Round,3,Shapovalov D.,Ivashka I.,Shapovalov D.,11,116,3000,673,1.11,6.5,6-7 6-4 6-4
Miami Open,3/27/2021,Masters 1000,Outdoor,Hard,2nd Round,3,Kokkinakis T.,Fucsovics M.,Fucsovics M.,243,40,258,1462,2.2,1.66,6-7 7-6 4-6
Miami Open,3/27/2021,Masters 1000,Outdoor,Hard,2nd Round,3,Rublev A.,Sandgren T.,Rublev A.,8,62,5101,1088,1.1,7,6-1 6-2
Miami Open,3/28/2021,Masters 1000,Outdoor,Hard,2nd Round,3,Fognini F.,Korda S.,Korda S.,17,87,2570,865,2.5,1.53,6-1 4-6 2-6
Miami Open,3/28/2021,Masters 1000,Outdoor,Hard,2nd Round,3,Schwartzman D.,Uchiyama Y.,Schwartzman D.,9,110,3640,716,1.14,5.5,6-3 6-3
Miami Open,3/28/2021,Masters 1000,Outdoor,Hard,3rd Round,3,Struff J.L.,Bautista Agut R.,Bautista Agut R.,42,12,1450,2910,3.75,1.28,6-4 3-6 2-6
Miami Open,3/28/2021,Masters 1000,Outdoor,Hard,3rd Round,3,Isner J.,Auger-Aliassime F.,Isner J.,28,18,1850,2561,2.75,1.44,7-6 7-6
Miami Open,3/28/2021,Masters 1000,Outdoor,Hard,3rd Round,3,Khachanov K.,Sinner J.,Sinner J.,22,31,2200,1789,2.37,1.57,6-4 6-7 4-6
Miami Open,3/28/2021,Masters 1000,Outdoor,Hard,3rd Round,3,Medvedev D.,Popyrin A.,Medvedev D.,2,86,9940,873,1.11,6.5,7-6 6-7 6-4
Miami Open,3/28/2021,Masters 1000,Outdoor,Hard,3rd Round,3,Ymer M.,Ruusuvuori E.,Ruusuvuori E.,95,83,820,881,2.62,1.5,6-4 1-6 5-7
Miami Open,3/29/2021,Masters 1000,Outdoor,Hard,3rd Round,3,Fritz T.,Norrie C.,Fritz T.,32,56,1775,1140,1.61,2.3,6-4 3-6 6-1
Miami Open,3/29/2021,Masters 1000,Outdoor,Hard,3rd Round,3,Duckworth J.,Bublik A.,Bublik A.,104,44,771,1385,3,1.4,4-6 4-6
Miami Open,3/29/2021,Masters 1000,Outdoor,Hard,3rd Round,3,Tiafoe F.,Lajovic D.,Tiafoe F.,58,26,1120,1895,1.53,2.5,1-6 7-5 6-3
Miami Open,3/29/2021,Masters 1000,Outdoor,Hard,3rd Round,3,Humbert U.,Raonic M.,Raonic M.,30,19,1790,2450,2.62,1.5,4-6 5-7
Miami Open,3/29/2021,Masters 1000,Outdoor,Hard,3rd Round,3,Cilic M.,Musetti L.,Cilic M.,45,94,1373,823,2.2,1.66,6-3 6-4
Miami Open,3/29/2021,Masters 1000,Outdoor,Hard,3rd Round,3,Shapovalov D.,Hurkacz H.,Hurkacz H.,11,37,3000,1645,1.44,2.75,3-6 6-7
Miami Open,3/29/2021,Masters 1000,Outdoor,Hard,3rd Round,3,Rublev A.,Fucsovics M.,Rublev A.,8,40,5101,1462,1.14,5.5,6-2 6-1
Miami Open,3/29/2021,Masters 1000,Outdoor,Hard,3rd Round,3,Mannarino A.,Schwartzman D.,Schwartzman D.,36,9,1661,3640,3.4,1.33,1-6 4-6
Miami Open,3/29/2021,Masters 1000,Outdoor,Hard,3rd Round,3,Korda S.,Karatsev A.,Korda S.,87,27,865,1888,3,1.4,6-3 6-0
Miami Open,3/29/2021,Masters 1000,Outdoor,Hard,3rd Round,3,Galan D.E.,Sonego L.,Sonego L.,113,34,702,1668,3.4,1.33,6-7 3-6
Miami Open,3/30/2021,Masters 1000,Outdoor,Hard,3rd Round,3,Tsitsipas S.,Nishikori K.,Tsitsipas S.,5,39,6950,1513,1.2,4.5,6-3 3-6 6-1
Miami Open,3/30/2021,Masters 1000,Outdoor,Hard,4th Round,3,Isner J.,Bautista Agut R.,Bautista Agut R.,28,12,1850,2910,2.5,1.53,3-6 6-4 6-7
Miami Open,3/30/2021,Masters 1000,Outdoor,Hard,4th Round,3,Sinner J.,Ruusuvuori E.,Sinner J.,31,83,1789,881,1.44,2.75,6-3 6-2
Miami Open,3/30/2021,Masters 1000,Outdoor,Hard,4th Round,3,Fritz T.,Bublik A.,Bublik A.,32,44,1775,1385,1.61,2.3,7-6 3-6 4-6
Miami Open,3/30/2021,Masters 1000,Outdoor,Hard,4th Round,3,Hurkacz H.,Raonic M.,Hurkacz H.,37,19,1645,2450,3.2,1.36,4-6 6-3 7-6
Miami Open,3/30/2021,Masters 1000,Outdoor,Hard,4th Round,3,Tiafoe F.,Medvedev D.,Medvedev D.,58,2,1120,9940,5.5,1.14,4-6 3-6
Miami Open,3/30/2021,Masters 1000,Outdoor,Hard,4th Round,3,Korda S.,Schwartzman D.,Korda S.,87,9,865,3640,2.37,1.57,6-3 4-6 7-5
Miami Open,3/31/2021,Masters 1000,Outdoor,Hard,4th Round,3,Cilic M.,Rublev A.,Rublev A.,45,8,1373,5101,7,1.1,4-6 4-6
Miami Open,3/31/2021,Masters 1000,Outdoor,Hard,4th Round,3,Tsitsipas S.,Sonego L.,Tsitsipas S.,5,34,6950,1668,1.12,6,6-2 7-6
Miami Open,3/31/2021,Masters 1000,Outdoor,Hard,Quarterfinals,3,Bublik A.,Sinner J.,Sinner J.,44,31,1385,1789,3.2,1.36,6-7 4-6
Miami Open,4/1/2021,Masters 1000,Outdoor,Hard,Quarterfinals,3,Bautista Agut R.,Medvedev D.,Bautista Agut R.,12,2,2910,9940,3.5,1.3,6-4 6-2
Miami Open,4/1/2021,Masters 1000,Outdoor,Hard,Quarterfinals,3,Tsitsipas S.,Hurkacz H.,Hurkacz H.,5,37,6950,1645,1.2,4.5,6-2 3-6 4-6
Miami Open,4/2/2021,Masters 1000,Outdoor,Hard,Quarterfinals,3,Rublev A.,Korda S.,Rublev A.,8,87,5101,865,1.2,4.5,7-5 7-6
Miami Open,4/2/2021,Masters 1000,Outdoor,Hard,Semifinals,3,Bautista Agut R.,Sinner J.,Sinner J.,12,31,2910,1789,1.8,2,7-5 4-6 4-6
Miami Open,4/3/2021,Masters 1000,Outdoor,Hard,Semifinals,3,Hurkacz H.,Rublev A.,Hurkacz H.,37,8,1645,5101,4.33,1.22,6-3 6-4
Miami Open,4/4/2021,Masters 1000,Outdoor,Hard,The Final,3,Sinner J.,Hurkacz H.,Hurkacz H.,31,37,1789,1645,1.57,2.37,6-7 4-6
Monte Carlo Masters,4/11/2021,Masters 1000,Outdoor,Clay,1st Round,3,Goffin D.,Cilic M.,Goffin D.,15,43,2750,1453,1.72,2.1,6-4 3-6 6-0
Monte Carlo Masters,4/11/2021,Masters 1000,Outdoor,Clay,1st Round,3,Paire B.,Thompson J.,Thompson J.,35,63,1680,1037,2,1.8,4-6 7-6 6-7
Monte Carlo Masters,4/12/2021,Masters 1000,Outdoor,Clay,1st Round,3,Davidovich Fokina A.,De Minaur A.,Davidovich Fokina A.,58,25,1135,2235,1.66,2.2,6-4 7-6
Monte Carlo Masters,4/12/2021,Masters 1000,Outdoor,Clay,1st Round,3,Musetti L.,Karatsev A.,Karatsev A.,84,29,899,1918,2,1.8,3-6 4-6
Monte Carlo Masters,4/12/2021,Masters 1000,Outdoor,Clay,1st Round,3,Millman J.,Humbert U.,Millman J.,44,32,1436,1825,2.62,1.5,6-3 6-3
Monte Carlo Masters,4/13/2021,Masters 1000,Outdoor,Clay,1st Round,3,Koepfer D.,Cecchinato M.,Cecchinato M.,56,92,1146,836,1.8,2,4-6 3-6
Monte Carlo Masters,4/13/2021,Masters 1000,Outdoor,Clay,1st Round,3,Sinner J.,Ramos-Vinolas A.,Sinner J.,22,46,2369,1405,1.33,3.4,6-3 6-4
Monte Carlo Masters,4/13/2021,Masters 1000,Outdoor,Clay,1st Round,3,Mannarino A.,Delbonis F.,Delbonis F.,34,87,1681,884,3.75,1.28,5-7 1-6
Monte Carlo Masters,4/13/2021,Masters 1000,Outdoor,Clay,1st Round,3,Pouille L.,Pella G.,Pouille L.,86,48,894,1298,2,1.8,6-3 6-4
Monte Carlo Masters,4/13/2021,Masters 1000,Outdoor,Clay,1st Round,3,Kecmanovic M.,Fognini F.,Fognini F.,47,18,1364,2548,2.37,1.57,2-6 5-7
Monte Carlo Masters,4/13/2021,Masters 1000,Outdoor,Clay,1st Round,3,Hurkacz H.,Fabbiano T.,Hurkacz H.,16,171,2600,416,1.25,4,6-3 3-6 6-3
Monte Carlo Masters,4/13/2021,Masters 1000,Outdoor,Clay,1st Round,3,Lajovic D.,Evans D.,Evans D.,31,33,1895,1825,1.53,2.5,3-6 7-6 2-6
Monte Carlo Masters,4/13/2021,Masters 1000,Outdoor,Clay,1st Round,3,Garin C.,Auger-Aliassime F.,Garin C.,24,21,2260,2373,2.1,1.72,7-6 6-1
Monte Carlo Masters,4/13/2021,Masters 1000,Outdoor,Clay,1st Round,3,Bublik A.,Chardy J.,Chardy J.,42,53,1462,1168,2.2,1.66,4-6 6-0 5-7
Monte Carlo Masters,4/13/2021,Masters 1000,Outdoor,Clay,1st Round,3,Caruso S.,Catarina L.,Caruso S.,89,388,876,113,1.14,5.5,6-7 7-6 6-3
Monte Carlo Masters,4/13/2021,Masters 1000,Outdoor,Clay,1st Round,3,Fritz T.,Bautista Agut R.,Bautista Agut R.,30,11,1900,3090,3.2,1.36,2-6 5-7
Monte Carlo Masters,4/13/2021,Masters 1000,Outdoor,Clay,1st Round,3,Popyrin A.,Andujar P.,Popyrin A.,83,80,906,935,1.5,2.62,0-6 6-2 7-6
Monte Carlo Masters,4/13/2021,Masters 1000,Outdoor,Clay,1st Round,3,Rune H.,Ruud C.,Ruud C.,322,27,159,1927,5,1.16,2-6 1-6
Monte Carlo Masters,4/13/2021,Masters 1000,Outdoor,Clay,1st Round,3,Dimitrov G.,Struff J.L.,Dimitrov G.,17,41,2598,1485,1.61,2.3,6-3 6-4
Monte Carlo Masters,4/13/2021,Masters 1000,Outdoor,Clay,1st Round,3,Fucsovics M.,Sonego L.,Sonego L.,40,28,1497,1919,1.61,2.3,3-6 4-6
Monte Carlo Masters,4/13/2021,Masters 1000,Outdoor,Clay,1st Round,3,Khachanov K.,Djere L.,Khachanov K.,23,49,2280,1258,1.66,2.2,6-4 6-1
Monte Carlo Masters,4/13/2021,Masters 1000,Outdoor,Clay,1st Round,3,Travaglia S.,Carreno Busta P.,Carreno Busta P.,67,12,1024,2835,2.75,1.44,5-7 6-7
Monte Carlo Masters,4/13/2021,Masters 1000,Outdoor,Clay,2nd Round,3,Tsitsipas S.,Karatsev A.,Tsitsipas S.,5,29,7040,1918,1.53,2.5,6-3 6-4
Monte Carlo Masters,4/13/2021,Masters 1000,Outdoor,Clay,2nd Round,3,Berrettini M.,Davidovich Fokina A.,Davidovich Fokina A.,10,58,3453,1135,1.8,2,5-7 3-6
Monte Carlo Masters,4/14/2021,Masters 1000,Outdoor,Clay,2nd Round,3,Dimitrov G.,Chardy J.,Dimitrov G.,17,53,2598,1168,1.4,3,7-6 6-4
Monte Carlo Masters,4/14/2021,Masters 1000,Outdoor,Clay,2nd Round,3,Millman J.,Garin C.,Garin C.,44,24,1436,2260,3.75,1.28,1-6 4-6
Monte Carlo Masters,4/14/2021,Masters 1000,Outdoor,Clay,2nd Round,3,Rublev A.,Caruso S.,Rublev A.,8,89,5400,876,1.08,8,6-3 6-2
Monte Carlo Masters,4/14/2021,Masters 1000,Outdoor,Clay,2nd Round,3,Thompson J.,Fognini F.,Fognini F.,63,18,1037,2548,4.5,1.2,3-6 3-6
Monte Carlo Masters,4/14/2021,Masters 1000,Outdoor,Clay,2nd Round,3,Djokovic N.,Sinner J.,Djokovic N.,1,22,11963,2369,1.33,3.4,6-4 6-2
Monte Carlo Masters,4/14/2021,Masters 1000,Outdoor,Clay,2nd Round,3,Schwartzman D.,Ruud C.,Ruud C.,9,27,3720,1927,1.53,2.5,3-6 3-6
Monte Carlo Masters,4/14/2021,Masters 1000,Outdoor,Clay,2nd Round,3,Goffin D.,Cecchinato M.,Goffin D.,15,92,2750,836,1.57,2.37,6-4 6-0
Monte Carlo Masters,4/14/2021,Masters 1000,Outdoor,Clay,2nd Round,3,Popyrin A.,Pouille L.,Pouille L.,83,86,906,894,1.66,2.2,5-7 6-2 3-6
Monte Carlo Masters,4/14/2021,Masters 1000,Outdoor,Clay,2nd Round,3,Krajinovic F.,Londero J.I.,Krajinovic F.,37,94,1616,822,1.16,5,6-0 6-3
Monte Carlo Masters,4/14/2021,Masters 1000,Outdoor,Clay,2nd Round,3,Hurkacz H.,Evans D.,Evans D.,16,33,2600,1825,1.53,2.5,4-6 1-6
Monte Carlo Masters,4/14/2021,Masters 1000,Outdoor,Clay,2nd Round,3,Bautista Agut R.,Paul T.,Bautista Agut R.,11,54,3090,1155,1.25,4,6-3 6-4
Monte Carlo Masters,4/14/2021,Masters 1000,Outdoor,Clay,2nd Round,3,Delbonis F.,Nadal R.,Nadal R.,87,3,884,9670,13,1.04,1-6 2-6
Monte Carlo Masters,4/14/2021,Masters 1000,Outdoor,Clay,2nd Round,3,Carreno Busta P.,Khachanov K.,Carreno Busta P.,12,23,2835,2280,2,1.8,6-2 6-3
Monte Carlo Masters,4/14/2021,Masters 1000,Outdoor,Clay,2nd Round,3,Sonego L.,Zverev A.,Zverev A.,28,6,1919,6125,2.75,1.44,3-6 3-6
Monte Carlo Masters,4/15/2021,Masters 1000,Outdoor,Clay,3rd Round,3,Davidovich Fokina A.,Pouille L.,Davidovich Fokina A.,58,86,1135,894,1.28,3.75,6-2 7-6
Monte Carlo Masters,4/15/2021,Masters 1000,Outdoor,Clay,3rd Round,3,Garin C.,Tsitsipas S.,Tsitsipas S.,24,5,2260,7040,3.4,1.33,3-6 4-6
Monte Carlo Masters,4/15/2021,Masters 1000,Outdoor,Clay,3rd Round,3,Goffin D.,Zverev A.,Goffin D.,15,6,2750,6125,2.5,1.53,6-4 7-6
Monte Carlo Masters,4/15/2021,Masters 1000,Outdoor,Clay,3rd Round,3,Djokovic N.,Evans D.,Evans D.,1,33,11963,1825,1.05,11,4-6 5-7
Monte Carlo Masters,4/15/2021,Masters 1000,Outdoor,Clay,3rd Round,3,Fognini F.,Krajinovic F.,Fognini F.,18,37,2548,1616,2,1.8,6-2 7-6
Monte Carlo Masters,4/15/2021,Masters 1000,Outdoor,Clay,3rd Round,3,Dimitrov G.,Nadal R.,Nadal R.,17,3,2598,9670,11,1.05,1-6 1-6
Monte Carlo Masters,4/15/2021,Masters 1000,Outdoor,Clay,3rd Round,3,Rublev A.,Bautista Agut R.,Rublev A.,8,11,5400,3090,1.44,2.75,7-6 5-7 6-3
Monte Carlo Masters,4/15/2021,Masters 1000,Outdoor,Clay,3rd Round,3,Carreno Busta P.,Ruud C.,Ruud C.,12,27,2835,1927,1.9,1.9,6-7 7-5 5-7
Monte Carlo Masters,4/16/2021,Masters 1000,Outdoor,Clay,Quarterfinals,3,Evans D.,Goffin D.,Evans D.,33,15,1825,2750,2.5,1.53,5-7 6-3 6-4
Monte Carlo Masters,4/16/2021,Masters 1000,Outdoor,Clay,Quarterfinals,3,Fognini F.,Ruud C.,Ruud C.,18,27,2548,1927,2.1,1.72,4-6 3-6
Monte Carlo Masters,4/16/2021,Masters 1000,Outdoor,Clay,Quarterfinals,3,Rublev A.,Nadal R.,Rublev A.,8,3,5400,9670,6.5,1.11,6-2 4-6 6-2
Monte Carlo Masters,4/17/2021,Masters 1000,Outdoor,Clay,Semifinals,3,Evans D.,Tsitsipas S.,Tsitsipas S.,33,5,1825,7040,5,1.16,2-6 1-6
Monte Carlo Masters,4/17/2021,Masters 1000,Outdoor,Clay,Semifinals,3,Rublev A.,Ruud C.,Rublev A.,8,27,5400,1927,1.33,3.4,6-3 7-5
Monte Carlo Masters,4/18/2021,Masters 1000,Outdoor,Clay,The Final,3,Rublev A.,Tsitsipas S.,Tsitsipas S.,8,5,5400,7040,1.8,2,3-6 3-6
Mutua Madrid Open,5/2/2021,Masters 1000,Outdoor,Clay,1st Round,3,Martinez P.,Paul T.,Paul T.,95,58,825,1111,1.66,2.2,4-6 5-7
Mutua Madrid Open,5/2/2021,Masters 1000,Outdoor,Clay,1st Round,3,Shapovalov D.,Lajovic D.,Shapovalov D.,14,38,2820,1595,1.5,2.62,6-1 6-3
Mutua Madrid Open,5/2/2021,Masters 1000,Outdoor,Clay,1st Round,3,Fucsovics M.,Bublik A.,Bublik A.,45,44,1443,1453,1.53,2.5,6-7 3-6
Mutua Madrid Open,5/2/2021,Masters 1000,Outdoor,Clay,1st Round,3,De Minaur A.,Munar J.,De Minaur A.,24,87,2235,884,1.9,1.9,4-6 7-5 6-1
Mutua Madrid Open,5/3/2021,Masters 1000,Outdoor,Clay,1st Round,3,Dimitrov G.,Harris L.,Harris L.,17,54,2576,1173,1.36,3.2,3-6 6-3 6-7
Mutua Madrid Open,5/3/2021,Masters 1000,Outdoor,Clay,1st Round,3,Isner J.,Kecmanovic M.,Isner J.,39,47,1550,1384,2.2,1.66,6-4 7-6
Mutua Madrid Open,5/3/2021,Masters 1000,Outdoor,Clay,1st Round,3,Humbert U.,Karatsev A.,Karatsev A.,32,27,1825,2087,3.5,1.3,5-7 4-6
Mutua Madrid Open,5/3/2021,Masters 1000,Outdoor,Clay,1st Round,3,Evans D.,Chardy J.,Evans D.,26,51,2140,1190,1.66,2.2,7-6 6-7 6-2
Mutua Madrid Open,5/3/2021,Masters 1000,Outdoor,Clay,1st Round,3,Opelka R.,Koepfer D.,Koepfer D.,46,53,1417,1177,2.1,1.72,4-6 4-6
Mutua Madrid Open,5/3/2021,Masters 1000,Outdoor,Clay,1st Round,3,Fognini F.,Taberner C.,Fognini F.,28,141,2048,527,1.57,2.37,7-6 2-6 6-3
Mutua Madrid Open,5/3/2021,Masters 1000,Outdoor,Clay,1st Round,3,Mannarino A.,Alcaraz C.,Alcaraz C.,34,120,1681,654,4.5,1.2,4-6 0-6
Mutua Madrid Open,5/3/2021,Masters 1000,Outdoor,Clay,1st Round,3,Giron M.,Andujar P.,Giron M.,91,79,847,935,2.75,1.44,6-7 7-6 7-5
Mutua Madrid Open,5/3/2021,Masters 1000,Outdoor,Clay,1st Round,3,Verdasco F.,Garin C.,Garin C.,71,25,975,2215,5,1.16,1-6 4-6
Mutua Madrid Open,5/3/2021,Masters 1000,Outdoor,Clay,1st Round,3,Delbonis F.,Carreno Busta P.,Delbonis F.,77,12,944,3015,3.5,1.3,3-6 6-4 6-3
Mutua Madrid Open,5/4/2021,Masters 1000,Outdoor,Clay,1st Round,3,Hurkacz H.,Millman J.,Millman J.,16,42,2600,1486,1.44,2.75,7-5 6-7 3-6
Mutua Madrid Open,5/4/2021,Masters 1000,Outdoor,Clay,1st Round,3,Ruud C.,Auger-Aliassime F.,Ruud C.,22,20,2340,2418,2,1.8,6-1 6-4
Mutua Madrid Open,5/4/2021,Masters 1000,Outdoor,Clay,1st Round,3,Khachanov K.,Nishikori K.,Nishikori K.,23,43,2280,1453,2,1.8,7-6 2-6 2-6
Mutua Madrid Open,5/4/2021,Masters 1000,Outdoor,Clay,1st Round,3,Davidovich Fokina A.,Herbert P.H.,Davidovich Fokina A.,49,85,1283,897,1.57,2.37,6-7 7-6 7-6
Mutua Madrid Open,5/4/2021,Masters 1000,Outdoor,Clay,1st Round,3,Krajinovic F.,Nishioka Y.,Nishioka Y.,36,60,1619,1052,1.16,5,2-6 4-6
Mutua Madrid Open,5/4/2021,Masters 1000,Outdoor,Clay,1st Round,3,Popyrin A.,Struff J.L.,Popyrin A.,76,40,949,1545,2,1.8,6-3 7-6
Mutua Madrid Open,5/4/2021,Masters 1000,Outdoor,Clay,1st Round,3,Fritz T.,Ramos-Vinolas A.,Ramos-Vinolas A.,30,37,1855,1610,1.72,2.1,5-7 7-5 4-6
Mutua Madrid Open,5/4/2021,Masters 1000,Outdoor,Clay,1st Round,3,Bautista Agut R.,Cecchinato M.,Bautista Agut R.,11,104,3090,771,1.3,3.5,6-2 6-7 7-5
Mutua Madrid Open,5/4/2021,Masters 1000,Outdoor,Clay,1st Round,3,Basilashvili N.,Paire B.,Paire B.,31,35,1850,1659,1.22,4.33,4-6 5-7
Mutua Madrid Open,5/4/2021,Masters 1000,Outdoor,Clay,2nd Round,3,Rublev A.,Paul T.,Rublev A.,7,58,6000,1111,1.11,6.5,6-7 6-3 6-4
Mutua Madrid Open,5/4/2021,Masters 1000,Outdoor,Clay,2nd Round,3,Shapovalov D.,Bublik A.,Bublik A.,14,44,2820,1453,1.44,2.75,4-6 7-5 4-6
Mutua Madrid Open,5/4/2021,Masters 1000,Outdoor,Clay,2nd Round,3,Berrettini M.,Fognini F.,Berrettini M.,10,28,3493,2048,1.33,3.4,6-3 6-4
Mutua Madrid Open,5/4/2021,Masters 1000,Outdoor,Clay,2nd Round,3,Giron M.,Thiem D.,Thiem D.,91,4,847,8365,5,1.16,1-6 3-6
Mutua Madrid Open,5/5/2021,Masters 1000,Outdoor,Clay,2nd Round,3,Garin C.,Koepfer D.,Garin C.,25,53,2215,1177,1.4,3,6-3 6-4
Mutua Madrid Open,5/5/2021,Masters 1000,Outdoor,Clay,2nd Round,3,Schwartzman D.,Karatsev A.,Karatsev A.,9,27,3765,2087,2.3,1.61,6-2 4-6 1-6
Mutua Madrid Open,5/5/2021,Masters 1000,Outdoor,Clay,2nd Round,3,Medvedev D.,Davidovich Fokina A.,Medvedev D.,3,49,9700,1283,1.57,2.37,4-6 6-4 6-2
Mutua Madrid Open,5/5/2021,Masters 1000,Outdoor,Clay,2nd Round,3,Millman J.,Evans D.,Evans D.,42,26,1486,2140,3,1.4,7-6 2-6 3-6
Mutua Madrid Open,5/5/2021,Masters 1000,Outdoor,Clay,2nd Round,3,Zverev A.,Nishikori K.,Zverev A.,6,43,6125,1453,1.44,2.75,6-3 6-2
Mutua Madrid Open,5/5/2021,Masters 1000,Outdoor,Clay,2nd Round,3,Ramos-Vinolas A.,Delbonis F.,Delbonis F.,37,77,1610,944,2.37,1.57,6-7 3-6
Mutua Madrid Open,5/5/2021,Masters 1000,Outdoor,Clay,2nd Round,3,Nadal R.,Alcaraz C.,Nadal R.,2,120,9810,654,1.08,8,6-1 6-2
Mutua Madrid Open,5/5/2021,Masters 1000,Outdoor,Clay,2nd Round,3,Sinner J.,Popyrin A.,Popyrin A.,18,76,2524,949,1.14,5.5,6-7 2-6
Mutua Madrid Open,5/5/2021,Masters 1000,Outdoor,Clay,2nd Round,3,Isner J.,Bautista Agut R.,Isner J.,39,11,1550,3090,3.75,1.28,6-4 6-7 7-6
Mutua Madrid Open,5/5/2021,Masters 1000,Outdoor,Clay,2nd Round,3,Paire B.,Tsitsipas S.,Tsitsipas S.,35,5,1659,7910,11,1.05,1-6 2-6
Mutua Madrid Open,5/5/2021,Masters 1000,Outdoor,Clay,2nd Round,3,Ruud C.,Nishioka Y.,Ruud C.,22,60,2340,1052,1.11,6.5,6-1 6-2
Mutua Madrid Open,5/6/2021,Masters 1000,Outdoor,Clay,3rd Round,3,Karatsev A.,Bublik A.,Bublik A.,27,44,2087,1453,1.3,3.5,4-6 3-6
Mutua Madrid Open,5/6/2021,Masters 1000,Outdoor,Clay,3rd Round,3,Thiem D.,De Minaur A.,Thiem D.,4,24,8365,2235,1.25,4,7-6 6-4
Mutua Madrid Open,5/6/2021,Masters 1000,Outdoor,Clay,3rd Round,3,Medvedev D.,Garin C.,Garin C.,3,25,9700,2215,1.61,2.3,4-6 7-6 1-6
Mutua Madrid Open,5/6/2021,Masters 1000,Outdoor,Clay,3rd Round,3,Nadal R.,Popyrin A.,Nadal R.,2,76,9810,949,1.04,13,6-3 6-3
Mutua Madrid Open,5/6/2021,Masters 1000,Outdoor,Clay,3rd Round,3,Rublev A.,Isner J.,Isner J.,7,39,6000,1550,1.3,3.5,6-7 6-3 6-7
Mutua Madrid Open,5/6/2021,Masters 1000,Outdoor,Clay,3rd Round,3,Ruud C.,Tsitsipas S.,Ruud C.,22,5,2340,7910,4,1.25,7-6 6-4
Mutua Madrid Open,5/6/2021,Masters 1000,Outdoor,Clay,3rd Round,3,Evans D.,Zverev A.,Zverev A.,26,6,2140,6125,4,1.25,3-6 6-7
Mutua Madrid Open,5/6/2021,Masters 1000,Outdoor,Clay,3rd Round,3,Berrettini M.,Delbonis F.,Berrettini M.,10,77,3493,944,1.25,4,7-6 6-4
Mutua Madrid Open,5/7/2021,Masters 1000,Outdoor,Clay,Quarterfinals,3,Isner J.,Thiem D.,Thiem D.,39,4,1550,8365,3.75,1.28,6-3 3-6 4-6
Mutua Madrid Open,5/7/2021,Masters 1000,Outdoor,Clay,Quarterfinals,3,Zverev A.,Nadal R.,Zverev A.,6,2,6125,9810,4.33,1.22,6-4 6-4
Mutua Madrid Open,5/7/2021,Masters 1000,Outdoor,Clay,Quarterfinals,3,Bublik A.,Ruud C.,Ruud C.,44,22,1453,2340,3.5,1.3,5-7 1-6
Mutua Madrid Open,5/7/2021,Masters 1000,Outdoor,Clay,Quarterfinals,3,Berrettini M.,Garin C.,Berrettini M.,10,25,3493,2215,1.53,2.5,5-7 6-3 6-0
Mutua Madrid Open,5/8/2021,Masters 1000,Outdoor,Clay,Semifinals,3,Thiem D.,Zverev A.,Zverev A.,4,6,8365,6125,2.1,1.72,3-6 4-6
Mutua Madrid Open,5/8/2021,Masters 1000,Outdoor,Clay,Semifinals,3,Berrettini M.,Ruud C.,Berrettini M.,10,22,3493,2340,2.2,1.66,6-4 6-4
Mutua Madrid Open,5/9/2021,Masters 1000,Outdoor,Clay,The Final,3,Berrettini M.,Zverev A.,Zverev A.,10,6,3493,6125,2.3,1.61,7-6 4-6 3-6
Internazionali BNL d'Italia,5/9/2021,Masters 1000,Outdoor,Clay,1st Round,3,Auger-Aliassime F.,Krajinovic F.,Auger-Aliassime F.,21,39,2418,1619,1.72,2.1,6-3 6-7 6-4
Internazionali BNL d'Italia,5/9/2021,Masters 1000,Outdoor,Clay,1st Round,3,Djere L.,Carreno Busta P.,Carreno Busta P.,52,12,1168,3050,3.2,1.36,6-4 3-6 1-6
Internazionali BNL d'Italia,5/9/2021,Masters 1000,Outdoor,Clay,1st Round,3,Opelka R.,Gasquet R.,Opelka R.,47,53,1382,1163,2.1,1.72,6-1 7-5
Internazionali BNL d'Italia,5/9/2021,Masters 1000,Outdoor,Clay,1st Round,3,Caruso S.,Goffin D.,Goffin D.,81,13,928,2875,3,1.4,4-6 1-6
Internazionali BNL d'Italia,5/10/2021,Masters 1000,Outdoor,Clay,1st Round,3,Fritz T.,Evans D.,Fritz T.,31,26,1830,2185,2.3,1.61,6-3 6-2
Internazionali BNL d'Italia,5/10/2021,Masters 1000,Outdoor,Clay,1st Round,3,Nishioka Y.,Fucsovics M.,Fucsovics M.,59,44,1103,1421,2.94,1.39,0-6 2-6
Internazionali BNL d'Italia,5/10/2021,Masters 1000,Outdoor,Clay,1st Round,3,Travaglia S.,Paire B.,Travaglia S.,69,35,999,1680,1.3,3.5,6-4 6-3
Internazionali BNL d'Italia,5/10/2021,Masters 1000,Outdoor,Clay,1st Round,3,Kecmanovic M.,Karatsev A.,Karatsev A.,46,27,1384,2167,3.5,1.3,6-7 4-6
Internazionali BNL d'Italia,5/10/2021,Masters 1000,Outdoor,Clay,1st Round,3,Nishikori K.,Fognini F.,Nishikori K.,45,28,1408,2003,1.72,2.1,6-3 6-4
Internazionali BNL d'Italia,5/10/2021,Masters 1000,Outdoor,Clay,1st Round,3,Khachanov K.,Delbonis F.,Delbonis F.,24,64,2280,1036,1.8,2,6-3 4-6 0-6
Internazionali BNL d'Italia,5/10/2021,Masters 1000,Outdoor,Clay,1st Round,3,Sinner J.,Humbert U.,Sinner J.,18,32,2545,1825,1.16,5,6-2 6-4
Internazionali BNL d'Italia,5/10/2021,Masters 1000,Outdoor,Clay,1st Round,3,Harris L.,Garin C.,Garin C.,51,22,1198,2350,4,1.25,5-7 2-6
Internazionali BNL d'Italia,5/10/2021,Masters 1000,Outdoor,Clay,1st Round,3,Dellien H.,Mannarino A.,Dellien H.,128,36,594,1651,1.3,3.5,2-6 7-5 6-2
Internazionali BNL d'Italia,5/10/2021,Masters 1000,Outdoor,Clay,1st Round,3,De Minaur A.,Mager G.,Mager G.,23,90,2315,844,1.5,2.62,4-6 3-6
Internazionali BNL d'Italia,5/10/2021,Masters 1000,Outdoor,Clay,1st Round,3,Struff J.L.,Bedene A.,Struff J.L.,41,57,1545,1135,1.53,2.5,6-3 6-1
Internazionali BNL d'Italia,5/10/2021,Masters 1000,Outdoor,Clay,1st Round,3,Bublik A.,Cilic M.,Cilic M.,40,43,1613,1433,2.1,1.72,6-4 2-6 3-6
Internazionali BNL d'Italia,5/11/2021,Masters 1000,Outdoor,Clay,1st Round,3,Millman J.,Lajovic D.,Millman J.,42,37,1486,1630,2.2,1.66,6-3 6-4
Internazionali BNL d'Italia,5/11/2021,Masters 1000,Outdoor,Clay,1st Round,3,Dimitrov G.,Davidovich Fokina A.,Davidovich Fokina A.,17,48,2586,1328,2.2,1.66,4-6 6-7
Internazionali BNL d'Italia,5/11/2021,Masters 1000,Outdoor,Clay,1st Round,3,Bautista Agut R.,Paul T.,Bautista Agut R.,11,55,3170,1140,1.3,3.5,6-3 6-4
Internazionali BNL d'Italia,5/11/2021,Masters 1000,Outdoor,Clay,1st Round,3,Carballes Baena R.,Norrie C.,Norrie C.,96,49,819,1315,3,1.4,4-6 4-6
Internazionali BNL d'Italia,5/11/2021,Masters 1000,Outdoor,Clay,1st Round,3,Shapovalov D.,Majchrzak K.,Shapovalov D.,14,129,2855,589,1.36,3.2,6-1 6-3
Internazionali BNL d'Italia,5/11/2021,Masters 1000,Outdoor,Clay,1st Round,3,Monfils G.,Sonego L.,Sonego L.,15,33,2703,1817,4,1.25,4-6 7-5 4-6
Internazionali BNL d'Italia,5/11/2021,Masters 1000,Outdoor,Clay,1st Round,3,Berrettini M.,Basilashvili N.,Berrettini M.,9,30,4048,1885,1.33,3.4,4-6 6-2 6-4
Internazionali BNL d'Italia,5/11/2021,Masters 1000,Outdoor,Clay,2nd Round,3,Musetti L.,Opelka R.,Opelka R.,82,47,917,1382,1.33,3.4,4-6 4-6
Internazionali BNL d'Italia,5/11/2021,Masters 1000,Outdoor,Clay,2nd Round,3,Djokovic N.,Fritz T.,Djokovic N.,1,31,11463,1830,1.11,6.5,6-3 7-6
Internazionali BNL d'Italia,5/11/2021,Masters 1000,Outdoor,Clay,2nd Round,3,Schwartzman D.,Auger-Aliassime F.,Auger-Aliassime F.,10,21,3765,2418,1.53,2.5,1-6 3-6
Internazionali BNL d'Italia,5/12/2021,Masters 1000,Outdoor,Clay,2nd Round,3,Thiem D.,Fucsovics M.,Thiem D.,4,44,8365,1421,1.28,3.75,3-6 7-6 6-0
Internazionali BNL d'Italia,5/12/2021,Masters 1000,Outdoor,Clay,2nd Round,3,Garin C.,Bautista Agut R.,Bautista Agut R.,22,11,2350,3170,2.1,1.72,6-7 3-6
Internazionali BNL d'Italia,5/12/2021,Masters 1000,Outdoor,Clay,2nd Round,3,Davidovich Fokina A.,Norrie C.,Davidovich Fokina A.,48,49,1328,1315,1.53,2.5,6-2 6-3
Internazionali BNL d'Italia,5/12/2021,Masters 1000,Outdoor,Clay,2nd Round,3,Struff J.L.,Rublev A.,Rublev A.,41,7,1545,6000,5,1.16,7-6 1-6 4-6
Internazionali BNL d'Italia,5/12/2021,Masters 1000,Outdoor,Clay,2nd Round,3,Sonego L.,Mager G.,Sonego L.,33,90,1817,844,1.66,2.2,6-4 6-4
Internazionali BNL d'Italia,5/12/2021,Masters 1000,Outdoor,Clay,2nd Round,3,Dellien H.,Zverev A.,Zverev A.,128,6,594,6945,9,1.07,2-6 2-6
Internazionali BNL d'Italia,5/12/2021,Masters 1000,Outdoor,Clay,2nd Round,3,Karatsev A.,Medvedev D.,Karatsev A.,27,2,2167,9780,1.8,2,6-2 6-4
Internazionali BNL d'Italia,5/12/2021,Masters 1000,Outdoor,Clay,2nd Round,3,Goffin D.,Delbonis F.,Delbonis F.,13,64,2875,1036,1.72,2.1,2-6 1-6
Internazionali BNL d'Italia,5/12/2021,Masters 1000,Outdoor,Clay,2nd Round,3,Tsitsipas S.,Cilic M.,Tsitsipas S.,5,43,7610,1433,1.1,7,7-5 6-2
Internazionali BNL d'Italia,5/12/2021,Masters 1000,Outdoor,Clay,2nd Round,3,Travaglia S.,Shapovalov D.,Shapovalov D.,69,14,999,2855,2.75,1.44,6-7 3-6
Internazionali BNL d'Italia,5/12/2021,Masters 1000,Outdoor,Clay,2nd Round,3,Berrettini M.,Millman J.,Berrettini M.,9,42,4048,1486,1.14,5.5,6-4 6-2
Internazionali BNL d'Italia,5/12/2021,Masters 1000,Outdoor,Clay,2nd Round,3,Sinner J.,Nadal R.,Nadal R.,18,3,2545,9630,4.33,1.22,5-7 4-6
Internazionali BNL d'Italia,5/13/2021,Masters 1000,Outdoor,Clay,3rd Round,3,Opelka R.,Karatsev A.,Opelka R.,47,27,1382,2167,3.4,1.33,7-6 6-4
Internazionali BNL d'Italia,5/13/2021,Masters 1000,Outdoor,Clay,3rd Round,3,Davidovich Fokina A.,Djokovic N.,Djokovic N.,48,1,1328,11463,5,1.16,2-6 1-6
Internazionali BNL d'Italia,5/13/2021,Masters 1000,Outdoor,Clay,3rd Round,3,Tsitsipas S.,Berrettini M.,Tsitsipas S.,5,9,7610,4048,1.4,3,7-6 6-2
Internazionali BNL d'Italia,5/13/2021,Masters 1000,Outdoor,Clay,3rd Round,3,Shapovalov D.,Nadal R.,Nadal R.,14,3,2855,9630,9,1.07,6-3 4-6 6-7
Internazionali BNL d'Italia,5/13/2021,Masters 1000,Outdoor,Clay,3rd Round,3,Delbonis F.,Auger-Aliassime F.,Delbonis F.,64,21,1036,2418,2.37,1.57,7-6 6-1
Internazionali BNL d'Italia,5/13/2021,Masters 1000,Outdoor,Clay,3rd Round,3,Nishikori K.,Zverev A.,Zverev A.,45,6,1408,6945,4,1.25,6-4 3-6 4-6
Internazionali BNL d'Italia,5/13/2021,Masters 1000,Outdoor,Clay,3rd Round,3,Sonego L.,Thiem D.,Sonego L.,33,4,1817,8365,3.75,1.28,6-4 6-7 7-6
Internazionali BNL d'Italia,5/13/2021,Masters 1000,Outdoor,Clay,3rd Round,3,Bautista Agut R.,Rublev A.,Rublev A.,11,7,3170,6000,2.37,1.57,4-6 4-6
Internazionali BNL d'Italia,5/14/2021,Masters 1000,Outdoor,Clay,Quarterfinals,3,Opelka R.,Delbonis F.,Opelka R.,47,64,1382,1036,2.3,1.61,7-5 7-6
Internazionali BNL d'Italia,5/14/2021,Masters 1000,Outdoor,Clay,Quarterfinals,3,Zverev A.,Nadal R.,Nadal R.,6,3,6945,9630,3,1.4,3-6 4-6
Internazionali BNL d'Italia,5/15/2021,Masters 1000,Outdoor,Clay,Quarterfinals,3,Djokovic N.,Tsitsipas S.,Djokovic N.,1,5,11463,7610,1.57,2.37,4-6 7-5 7-5
Internazionali BNL d'Italia,5/15/2021,Masters 1000,Outdoor,Clay,Quarterfinals,3,Rublev A.,Sonego L.,Sonego L.,7,33,6000,1817,1.28,3.75,6-3 4-6 3-6
Internazionali BNL d'Italia,5/15/2021,Masters 1000,Outdoor,Clay,Semifinals,3,Nadal R.,Opelka R.,Nadal R.,3,47,9630,1382,1.08,8,6-4 6-4
Internazionali BNL d'Italia,5/15/2021,Masters 1000,Outdoor,Clay,Semifinals,3,Sonego L.,Djokovic N.,Djokovic N.,33,1,1817,11463,5,1.16,3-6 7-6 2-6
Internazionali BNL d'Italia,5/16/2021,Masters 1000,Outdoor,Clay,The Final,3,Nadal R.,Djokovic N.,Nadal R.,3,1,9630,11463,1.5,2.62,7-5 1-6 6-3
French Open,5/30/2021,Grand Slam,Outdoor,Clay,1st Round,5,Fognini F.,Barrere G.,Fognini F.,29,122,1933,644,1.25,4,6-4 6-1 6-4
French Open,5/30/2021,Grand Slam,Outdoor,Clay,1st Round,5,Gombos N.,Carreno Busta P.,Carreno Busta P.,81,12,912,3085,6,1.12,3-6 4-6 3-6
French Open,5/30/2021,Grand Slam,Outdoor,Clay,1st Round,5,Couacaud E.,Gerasimov E.,Couacaud E.,177,79,400,937,1.66,2.2,7-6 6-4 6-3
French Open,5/30/2021,Grand Slam,Outdoor,Clay,1st Round,5,Hanfmann Y.,Laaksonen H.,Laaksonen H.,96,150,822,498,1.72,2.1,1-6 3-6 6-4 2-6
French Open,5/30/2021,Grand Slam,Outdoor,Clay,1st Round,5,Bautista Agut R.,Vilella Martinez M.,Bautista Agut R.,11,183,3215,393,1.12,6,6-4 6-4 6-2
French Open,5/30/2021,Grand Slam,Outdoor,Clay,1st Round,5,Galan D.E.,Pella G.,Pella G.,107,61,764,1114,1.36,3.2,3-6 6-7 5-7
French Open,5/30/2021,Grand Slam,Outdoor,Clay,1st Round,5,Kecmanovic M.,Evans D.,Kecmanovic M.,48,27,1384,2195,2.5,1.53,1-6 6-3 6-3 6-4
French Open,5/30/2021,Grand Slam,Outdoor,Clay,1st Round,5,Thiem D.,Andujar P.,Andujar P.,4,68,8445,1020,1.1,7,6-4 7-5 3-6 4-6 4-6
French Open,5/30/2021,Grand Slam,Outdoor,Clay,1st Round,5,Khachanov K.,Vesely J.,Khachanov K.,25,71,2280,976,1.3,3.5,6-1 6-2 6-3
French Open,5/30/2021,Grand Slam,Outdoor,Clay,1st Round,5,Simon G.,Fucsovics M.,Fucsovics M.,69,44,995,1456,7,1.1,4-6 1-6 6-7
French Open,5/30/2021,Grand Slam,Outdoor,Clay,1st Round,5,Nishikori K.,Giannessi A.,Nishikori K.,49,159,1318,458,1.12,6,6-4 6-7 6-3 4-6 6-4
French Open,5/30/2021,Grand Slam,Outdoor,Clay,1st Round,5,Londero J.I.,Garin C.,Garin C.,102,23,793,2350,10,1.06,6-3 4-6 6-7 2-6
French Open,5/30/2021,Grand Slam,Outdoor,Clay,1st Round,5,Mcdonald M.,Ruusuvuori E.,Mcdonald M.,119,75,675,951,1.3,3.5,4-6 6-3 7-6 6-3
French Open,5/30/2021,Grand Slam,Outdoor,Clay,1st Round,5,Moutet C.,Djere L.,Djere L.,73,55,968,1168,2,1.8,3-6 7-6 6-7 5-7
French Open,5/30/2021,Grand Slam,Outdoor,Clay,1st Round,5,Zverev A.,Otte O.,Zverev A.,6,152,6990,485,1.04,13,3-6 3-6 6-2 6-2 6-0
French Open,5/30/2021,Grand Slam,Outdoor,Clay,1st Round,5,Kukushkin M.,Davidovich Fokina A.,Davidovich Fokina A.,106,46,772,1408,15,1.03,4-6 4-6 3-6
French Open,5/30/2021,Grand Slam,Outdoor,Clay,1st Round,5,Safiullin R.,Taberner C.,Safiullin R.,182,137,393,555,3.75,1.28,7-6 1-6 6-0 6-2
French Open,5/30/2021,Grand Slam,Outdoor,Clay,1st Round,5,Hurkacz H.,Van De Zandschulp B.,Van De Zandschulp B.,20,154,2498,478,1.57,2.37,7-6 7-6 2-6 2-6 4-6
French Open,5/30/2021,Grand Slam,Outdoor,Clay,1st Round,5,Tsitsipas S.,Chardy J.,Tsitsipas S.,5,60,7500,1123,1.02,17,7-6 6-3 6-1
French Open,5/31/2021,Grand Slam,Outdoor,Clay,1st Round,5,Herbert P.H.,Sinner J.,Sinner J.,85,19,897,2500,6.5,1.11,1-6 6-4 7-6 5-7 4-6
French Open,5/31/2021,Grand Slam,Outdoor,Clay,1st Round,5,Johnson S.,Tiafoe F.,Johnson S.,88,74,878,963,5,1.16,6-7 3-6 6-4 6-2 6-1
French Open,5/31/2021,Grand Slam,Outdoor,Clay,1st Round,5,Marterer M.,Krajinovic F.,Krajinovic F.,215,41,322,1524,2.62,1.5,4-6 1-6 6-7
French Open,5/31/2021,Grand Slam,Outdoor,Clay,1st Round,5,Monteiro T.,Cerundolo F.,Monteiro T.,80,117,936,688,1.66,2.2,6-3 6-4 6-3
French Open,5/31/2021,Grand Slam,Outdoor,Clay,1st Round,5,Gojowczyk P.,Mager G.,Mager G.,134,87,566,879,1.5,2.62,2-6 6-3 4-6 5-7
French Open,5/31/2021,Grand Slam,Outdoor,Clay,1st Round,5,Isner J.,Querrey S.,Isner J.,34,67,1730,1023,1.28,3.75,7-6 6-3 6-4
French Open,5/31/2021,Grand Slam,Outdoor,Clay,1st Round,5,Albot R.,Delbonis F.,Delbonis F.,89,51,870,1225,5.5,1.14,1-6 6-2 0-6 1-6
French Open,5/31/2021,Grand Slam,Outdoor,Clay,1st Round,5,Ruud C.,Paire B.,Ruud C.,16,40,2690,1544,1.05,11,5-7 6-2 6-1 7-6
French Open,5/31/2021,Grand Slam,Outdoor,Clay,1st Round,5,Fratangelo B.,Norrie C.,Norrie C.,198,45,354,1430,4.5,1.2,5-7 6-7 2-6
French Open,5/31/2021,Grand Slam,Outdoor,Clay,1st Round,5,Paul T.,O Connell C.,Paul T.,52,129,1225,611,1.3,3.5,6-2 6-4 4-6 4-6 10-8
French Open,5/31/2021,Grand Slam,Outdoor,Clay,1st Round,5,Bublik A.,Medvedev D.,Medvedev D.,37,2,1613,9793,3,1.4,3-6 3-6 5-7
French Open,5/31/2021,Grand Slam,Outdoor,Clay,1st Round,5,Munar J.,Thompson J.,Munar J.,72,64,974,1042,1.08,8,6-7 6-1 7-6 6-4
French Open,5/31/2021,Grand Slam,Outdoor,Clay,1st Round,5,Martin A.,Opelka R.,Opelka R.,108,35,760,1726,3,1.4,3-6 2-6 4-6
French Open,5/31/2021,Grand Slam,Outdoor,Clay,1st Round,5,Basilashvili N.,Lajovic D.,Basilashvili N.,31,39,1785,1585,1.66,2.2,6-4 6-3 0-6 6-2
French Open,5/31/2021,Grand Slam,Outdoor,Clay,1st Round,5,Korda S.,Martinez P.,Martinez P.,50,103,1289,793,1.33,3.4,4-6 2-6 2-6
French Open,5/31/2021,Grand Slam,Outdoor,Clay,1st Round,5,Alcaraz C.,Zapata Miralles B.,Alcaraz C.,97,128,815,631,1.28,3.75,6-3 2-6 6-1 7-6
French Open,5/31/2021,Grand Slam,Outdoor,Clay,1st Round,5,Cazaux A.,Majchrzak K.,Majchrzak K.,452,126,87,636,2.5,1.53,4-6 6-2 4-6 4-6
French Open,5/31/2021,Grand Slam,Outdoor,Clay,1st Round,5,Federer R.,Istomin D.,Federer R.,8,204,5605,343,1.12,6,6-2 6-4 6-3
French Open,5/31/2021,Grand Slam,Outdoor,Clay,1st Round,5,Sonego L.,Harris L.,Harris L.,28,54,2132,1198,1.14,5.5,5-7 4-6 4-6
French Open,5/31/2021,Grand Slam,Outdoor,Clay,1st Round,5,Cilic M.,Rinderknech A.,Cilic M.,47,118,1388,677,1.72,2.1,7-6 6-1 6-2
French Open,5/31/2021,Grand Slam,Outdoor,Clay,1st Round,5,Sousa J.,Fritz T.,Fritz T.,114,33,714,1760,6,1.12,4-6 2-6 4-6
French Open,5/31/2021,Grand Slam,Outdoor,Clay,1st Round,5,Koepfer D.,Bourgue M.,Koepfer D.,59,197,1134,359,1.25,4,6-3 6-3 6-4
French Open,5/31/2021,Grand Slam,Outdoor,Clay,1st Round,5,Goffin D.,Musetti L.,Musetti L.,13,76,2875,950,2.2,1.66,0-6 5-7 6-7
French Open,5/31/2021,Grand Slam,Outdoor,Clay,1st Round,5,Nishioka Y.,Tsonga J.W.,Nishioka Y.,57,77,1142,947,1.22,4.33,6-4 6-2 3-6 7-6
French Open,6/1/2021,Grand Slam,Outdoor,Clay,1st Round,5,Uchiyama Y.,Cecchinato M.,Cecchinato M.,115,83,704,903,13,1.04,6-3 1-6 2-6 4-6
French Open,6/1/2021,Grand Slam,Outdoor,Clay,1st Round,5,Ymer M.,Carballes Baena R.,Ymer M.,105,95,776,831,2.2,1.66,6-4 0-6 4-6 6-2 6-2
French Open,6/1/2021,Grand Slam,Outdoor,Clay,1st Round,5,Travaglia S.,De Minaur A.,De Minaur A.,78,22,939,2350,2.3,1.61,2-6 4-6 6-7
French Open,6/1/2021,Grand Slam,Outdoor,Clay,1st Round,5,Berankis R.,Humbert U.,Berankis R.,93,32,839,1780,3.75,1.28,6-4 6-4 2-6 6-4
French Open,6/1/2021,Grand Slam,Outdoor,Clay,1st Round,5,Brooksby J.,Karatsev A.,Karatsev A.,163,26,437,2245,5.5,1.14,3-6 4-6 4-6
French Open,6/1/2021,Grand Slam,Outdoor,Clay,1st Round,5,Bedene A.,Mannarino A.,Bedene A.,56,36,1166,1651,1.25,4,7-5 3-6 7-5 6-2
French Open,6/1/2021,Grand Slam,Outdoor,Clay,1st Round,5,Caruso S.,Duckworth J.,Duckworth J.,82,101,906,794,1.25,4,4-6 6-3 6-7 2-6
French Open,6/1/2021,Grand Slam,Outdoor,Clay,1st Round,5,Struff J.L.,Rublev A.,Struff J.L.,42,7,1500,6090,6.5,1.11,6-3 7-6 4-6 3-6 6-4
French Open,6/1/2021,Grand Slam,Outdoor,Clay,1st Round,5,Ramos-Vinolas A.,Monfils G.,Monfils G.,38,15,1595,2713,1.61,2.3,6-1 6-7 4-6 4-6
French Open,6/1/2021,Grand Slam,Outdoor,Clay,1st Round,5,Seppi A.,Auger-Aliassime F.,Seppi A.,98,21,811,2423,10,1.06,6-3 7-6 4-6 6-4
French Open,6/1/2021,Grand Slam,Outdoor,Clay,1st Round,5,Bonzi B.,Bagnis F.,Bagnis F.,116,104,693,778,2.1,1.72,5-7 3-6 4-6
French Open,6/1/2021,Grand Slam,Outdoor,Clay,1st Round,5,Kohlschreiber P.,Verdasco F.,Kohlschreiber P.,132,99,572,795,1.72,2.1,7-6 6-2 2-6 6-4
French Open,6/1/2021,Grand Slam,Outdoor,Clay,1st Round,5,Popyrin A.,Nadal R.,Nadal R.,63,3,1052,9630,23,1.01,3-6 2-6 6-7
French Open,6/1/2021,Grand Slam,Outdoor,Clay,1st Round,5,Coria F.,Lopez F.,Coria F.,94,62,838,1072,1.57,2.37,6-3 7-6 6-2
French Open,6/1/2021,Grand Slam,Outdoor,Clay,1st Round,5,Lu Y.,Schwartzman D.,Schwartzman D.,680,10,35,3465,23,1.01,2-6 2-6 3-6
French Open,6/1/2021,Grand Slam,Outdoor,Clay,1st Round,5,Gasquet R.,Gaston H.,Gasquet R.,53,141,1213,531,1.72,2.1,6-1 6-4 6-2
French Open,6/1/2021,Grand Slam,Outdoor,Clay,1st Round,5,Daniel T.,Berrettini M.,Berrettini M.,113,9,716,3958,9,1.07,0-6 4-6 6-4 4-6
French Open,6/1/2021,Grand Slam,Outdoor,Clay,1st Round,5,Kwon S.W.,Anderson K.,Kwon S.W.,91,100,854,795,2.75,1.44,7-5 6-4 2-6 7-6
French Open,6/1/2021,Grand Slam,Outdoor,Clay,1st Round,5,Pouille L.,Cuevas P.,Cuevas P.,86,92,892,846,3,1.4,3-6 1-6 3-6
French Open,6/1/2021,Grand Slam,Outdoor,Clay,1st Round,5,Djokovic N.,Sandgren T.,Djokovic N.,1,66,11313,1033,29,0.967,6-2 6-4 6-2
French Open,6/2/2021,Grand Slam,Outdoor,Clay,2nd Round,5,Andujar P.,Delbonis F.,Delbonis F.,68,51,1020,1225,2.2,1.66,6-4 1-6 6-3 3-6 2-6
French Open,6/2/2021,Grand Slam,Outdoor,Clay,2nd Round,5,Djere L.,Kecmanovic M.,Djere L.,55,48,1168,1384,1.66,2.2,4-6 4-6 6-3 6-2 6-3
French Open,6/2/2021,Grand Slam,Outdoor,Clay,2nd Round,5,Safiullin R.,Zverev A.,Zverev A.,182,6,393,6990,15,1.03,6-7 3-6 6-7
French Open,6/2/2021,Grand Slam,Outdoor,Clay,2nd Round,5,Ruud C.,Majchrzak K.,Ruud C.,16,126,2690,636,1.06,10,6-3 6-2 6-4
French Open,6/2/2021,Grand Slam,Outdoor,Clay,2nd Round,5,Bautista Agut R.,Laaksonen H.,Laaksonen H.,11,150,3215,498,1.08,8,3-6 6-2 3-6 2-6
French Open,6/2/2021,Grand Slam,Outdoor,Clay,2nd Round,5,Davidovich Fokina A.,Van De Zandschulp B.,Davidovich Fokina A.,46,154,1408,478,1.2,4.5,6-4 6-4 5-7 2-6 6-4
French Open,6/2/2021,Grand Slam,Outdoor,Clay,2nd Round,5,Khachanov K.,Nishikori K.,Nishikori K.,25,49,2280,1318,1.9,1.9,6-4 2-6 6-2 4-6 4-6
French Open,6/2/2021,Grand Slam,Outdoor,Clay,2nd Round,5,Fognini F.,Fucsovics M.,Fognini F.,29,44,1933,1456,1.72,2.1,7-6 6-1 6-2
French Open,6/2/2021,Grand Slam,Outdoor,Clay,2nd Round,5,Krajinovic F.,Isner J.,Isner J.,41,34,1524,1730,1.8,2,6-7 1-6 6-7
French Open,6/2/2021,Grand Slam,Outdoor,Clay,2nd Round,5,Opelka R.,Munar J.,Opelka R.,35,72,1726,974,1.8,2,6-3 6-2 3-6 7-5
French Open,6/2/2021,Grand Slam,Outdoor,Clay,2nd Round,5,Pella G.,Giron M.,Giron M.,61,84,1114,900,1.44,2.75,6-7 1-6 7-6 4-6
French Open,6/2/2021,Grand Slam,Outdoor,Clay,2nd Round,5,Tsitsipas S.,Martinez P.,Tsitsipas S.,5,103,7500,793,1.05,11,6-3 6-4 6-3
French Open,6/2/2021,Grand Slam,Outdoor,Clay,2nd Round,5,Mcdonald M.,Garin C.,Garin C.,119,23,675,2350,3.75,1.28,6-4 6-4 6-7 3-6 6-8
French Open,6/2/2021,Grand Slam,Outdoor,Clay,2nd Round,5,Carreno Busta P.,Couacaud E.,Carreno Busta P.,12,177,3085,400,1.04,13,2-6 6-3 6-4 6-4
French Open,6/2/2021,Grand Slam,Outdoor,Clay,2nd Round,5,Monteiro T.,Johnson S.,Johnson S.,80,88,936,878,1.16,5,3-6 7-6 6-7 6-3 3-6
French Open,6/2/2021,Grand Slam,Outdoor,Clay,2nd Round,5,Medvedev D.,Paul T.,Medvedev D.,2,52,9793,1225,1.28,3.75,3-6 6-1 6-4 6-3
French Open,6/3/2021,Grand Slam,Outdoor,Clay,2nd Round,5,Seppi A.,Kwon S.W.,Kwon S.W.,98,91,811,854,2,1.8,4-6 5-7 5-7
French Open,6/3/2021,Grand Slam,Outdoor,Clay,2nd Round,5,Berrettini M.,Coria F.,Berrettini M.,9,94,3958,838,1.06,10,6-3 6-3 6-2
French Open,6/3/2021,Grand Slam,Outdoor,Clay,2nd Round,5,Karatsev A.,Kohlschreiber P.,Kohlschreiber P.,26,132,2245,572,1.08,8,3-6 6-7 6-4 1-6
French Open,6/3/2021,Grand Slam,Outdoor,Clay,2nd Round,5,Schwartzman D.,Bedene A.,Schwartzman D.,10,56,3465,1166,1.33,3.4,6-4 6-2 6-4
French Open,6/3/2021,Grand Slam,Outdoor,Clay,2nd Round,5,Monfils G.,Ymer M.,Ymer M.,15,105,2713,776,1.44,2.75,0-6 6-2 4-6 3-6
French Open,6/3/2021,Grand Slam,Outdoor,Clay,2nd Round,5,Koepfer D.,Fritz T.,Koepfer D.,59,33,1134,1760,2.75,1.44,6-3 6-2 3-6 6-4
French Open,6/3/2021,Grand Slam,Outdoor,Clay,2nd Round,5,Nishioka Y.,Musetti L.,Musetti L.,57,76,1142,950,2.75,1.44,5-7 3-6 2-6
French Open,6/3/2021,Grand Slam,Outdoor,Clay,2nd Round,5,Sinner J.,Mager G.,Sinner J.,19,87,2500,879,1.12,6,6-1 7-5 3-6 6-3
French Open,6/3/2021,Grand Slam,Outdoor,Clay,2nd Round,5,Harris L.,Norrie C.,Norrie C.,54,45,1198,1430,3,1.4,6-4 3-6 3-6 2-6
French Open,6/3/2021,Grand Slam,Outdoor,Clay,2nd Round,5,Berankis R.,Duckworth J.,Berankis R.,93,101,839,794,1.44,2.75,7-5 2-6 7-6 6-0
French Open,6/3/2021,Grand Slam,Outdoor,Clay,2nd Round,5,Cuevas P.,Djokovic N.,Djokovic N.,92,1,846,11313,19,1.02,3-6 2-6 4-6
French Open,6/3/2021,Grand Slam,Outdoor,Clay,2nd Round,5,Cecchinato M.,De Minaur A.,Cecchinato M.,83,22,903,2350,1.9,1.9,6-4 6-1 3-6 6-1
French Open,6/3/2021,Grand Slam,Outdoor,Clay,2nd Round,5,Cilic M.,Federer R.,Federer R.,47,8,1388,5605,2.5,1.53,2-6 6-2 6-7 2-6
French Open,6/3/2021,Grand Slam,Outdoor,Clay,2nd Round,5,Struff J.L.,Bagnis F.,Struff J.L.,42,104,1500,778,1.5,2.62,7-5 7-6 6-4
French Open,6/3/2021,Grand Slam,Outdoor,Clay,2nd Round,5,Basilashvili N.,Alcaraz C.,Alcaraz C.,31,97,1785,815,2.1,1.72,4-6 2-6 4-6
French Open,6/3/2021,Grand Slam,Outdoor,Clay,2nd Round,5,Nadal R.,Gasquet R.,Nadal R.,3,53,9630,1213,1.01,26,6-0 7-5 6-2
French Open,6/4/2021,Grand Slam,Outdoor,Clay,3rd Round,5,Ruud C.,Davidovich Fokina A.,Davidovich Fokina A.,16,46,2690,1408,1.25,4,6-7 6-2 6-7 6-0 5-7
French Open,6/4/2021,Grand Slam,Outdoor,Clay,3rd Round,5,Delbonis F.,Fognini F.,Delbonis F.,51,29,1225,1933,2.5,1.53,6-4 6-1 6-3
French Open,6/4/2021,Grand Slam,Outdoor,Clay,3rd Round,5,Djere L.,Zverev A.,Zverev A.,55,6,1168,6990,5,1.16,2-6 5-7 2-6
French Open,6/4/2021,Grand Slam,Outdoor,Clay,3rd Round,5,Garin C.,Giron M.,Garin C.,23,84,2350,900,1.3,3.5,6-1 5-7 6-2 6-2
French Open,6/4/2021,Grand Slam,Outdoor,Clay,3rd Round,5,Johnson S.,Carreno Busta P.,Carreno Busta P.,88,12,878,3085,6.5,1.11,4-6 4-6 2-6
French Open,6/4/2021,Grand Slam,Outdoor,Clay,3rd Round,5,Medvedev D.,Opelka R.,Medvedev D.,2,35,9793,1726,1.3,3.5,6-4 6-2 6-4
French Open,6/4/2021,Grand Slam,Outdoor,Clay,3rd Round,5,Isner J.,Tsitsipas S.,Tsitsipas S.,34,5,1730,7500,5.5,1.14,7-5 3-6 6-7 1-6
French Open,6/5/2021,Grand Slam,Outdoor,Clay,3rd Round,5,Musetti L.,Cecchinato M.,Musetti L.,76,83,950,903,1.61,2.3,3-6 6-4 6-3 3-6 6-3
French Open,6/5/2021,Grand Slam,Outdoor,Clay,3rd Round,5,Kohlschreiber P.,Schwartzman D.,Schwartzman D.,132,10,572,3465,5,1.16,4-6 2-6 1-6
French Open,6/5/2021,Grand Slam,Outdoor,Clay,3rd Round,5,Struff J.L.,Alcaraz C.,Struff J.L.,42,97,1500,815,2.5,1.53,6-4 7-6 6-2
French Open,6/5/2021,Grand Slam,Outdoor,Clay,3rd Round,5,Ymer M.,Sinner J.,Sinner J.,105,19,776,2500,6,1.12,1-6 5-7 3-6
French Open,6/5/2021,Grand Slam,Outdoor,Clay,3rd Round,5,Djokovic N.,Berankis R.,Djokovic N.,1,93,11313,839,29,0.967,6-1 6-4 6-1
French Open,6/5/2021,Grand Slam,Outdoor,Clay,3rd Round,5,Norrie C.,Nadal R.,Nadal R.,45,3,1430,9630,19,1.02,3-6 3-6 3-6
French Open,6/5/2021,Grand Slam,Outdoor,Clay,3rd Round,5,Berrettini M.,Kwon S.W.,Berrettini M.,9,91,3958,854,1.07,9,7-6 6-3 6-4
French Open,6/5/2021,Grand Slam,Outdoor,Clay,3rd Round,5,Koepfer D.,Federer R.,Federer R.,59,8,1134,5605,3.5,1.3,6-7 7-6 6-7 5-7
French Open,6/6/2021,Grand Slam,Outdoor,Clay,4th Round,5,Tsitsipas S.,Carreno Busta P.,Tsitsipas S.,5,12,7500,3085,1.14,5.5,6-3 6-2 7-5
French Open,6/6/2021,Grand Slam,Outdoor,Clay,4th Round,5,Garin C.,Medvedev D.,Medvedev D.,23,2,2350,9793,3.2,1.36,2-6 1-6 5-7
French Open,6/6/2021,Grand Slam,Outdoor,Clay,4th Round,5,Davidovich Fokina A.,Delbonis F.,Davidovich Fokina A.,46,51,1408,1225,1.8,2,6-4 6-4 4-6 6-4
French Open,6/6/2021,Grand Slam,Outdoor,Clay,4th Round,5,Nishikori K.,Zverev A.,Zverev A.,49,6,1318,6990,4.5,1.2,4-6 1-6 1-6
French Open,6/7/2021,Grand Slam,Outdoor,Clay,4th Round,5,Schwartzman D.,Struff J.L.,Schwartzman D.,10,42,3465,1500,1.44,2.75,7-6 6-4 7-5
French Open,6/7/2021,Grand Slam,Outdoor,Clay,4th Round,5,Sinner J.,Nadal R.,Nadal R.,19,3,2500,9630,7,1.1,5-7 3-6 0-6
French Open,6/8/2021,Grand Slam,Outdoor,Clay,Quarterfinals,5,Zverev A.,Davidovich Fokina A.,Zverev A.,6,46,6990,1408,1.12,6,6-4 6-1 6-1
French Open,6/8/2021,Grand Slam,Outdoor,Clay,Quarterfinals,5,Medvedev D.,Tsitsipas S.,Tsitsipas S.,2,5,9793,7500,2.75,1.44,3-6 6-7 5-7
French Open,6/9/2021,Grand Slam,Outdoor,Clay,Quarterfinals,5,Nadal R.,Schwartzman D.,Nadal R.,3,10,9630,3465,1.06,10,6-3 4-6 6-4 6-0
French Open,6/9/2021,Grand Slam,Outdoor,Clay,Quarterfinals,5,Berrettini M.,Djokovic N.,Djokovic N.,9,1,3958,11313,5,1.16,3-6 2-6 7-6 5-7
French Open,6/11/2021,Grand Slam,Outdoor,Clay,Semifinals,5,Tsitsipas S.,Zverev A.,Tsitsipas S.,5,6,7500,6990,1.44,2.75,6-3 6-3 4-6 4-6 6-3
French Open,6/11/2021,Grand Slam,Outdoor,Clay,Semifinals,5,Nadal R.,Djokovic N.,Djokovic N.,3,1,9630,11313,1.4,3,6-3 3-6 6-7 2-6
French Open,6/13/2021,Grand Slam,Outdoor,Clay,The Final,5,Djokovic N.,Tsitsipas S.,Djokovic N.,1,5,11313,7500,1.4,3,6-7 2-6 6-3 6-2 6-4
Wimbledon,6/28/2021,Grand Slam,Outdoor,Grass,1st Round,5,Djokovic N.,Draper J.,Djokovic N.,1,253,12113,255,1.01,26,4-6 6-1 6-2 6-2
Wimbledon,6/28/2021,Grand Slam,Outdoor,Grass,1st Round,5,Tsitsipas S.,Tiafoe F.,Tiafoe F.,4,57,7980,1148,1.14,5.5,4-6 4-6 3-6
Wimbledon,6/28/2021,Grand Slam,Outdoor,Grass,1st Round,5,Kecmanovic M.,Bagnis F.,Kecmanovic M.,49,92,1309,828,1.1,7,6-4 3-6 6-3 7-6
Wimbledon,6/28/2021,Grand Slam,Outdoor,Grass,1st Round,5,Barrios M.,Anderson K.,Anderson K.,209,102,334,753,4,1.25,7-6 4-6 4-6 6-7
Wimbledon,6/28/2021,Grand Slam,Outdoor,Grass,1st Round,5,Kudla D.,Davidovich Fokina A.,Kudla D.,114,35,698,1723,1.9,1.9,5-7 4-6 7-6 6-3 6-3
Wimbledon,6/28/2021,Grand Slam,Outdoor,Grass,1st Round,5,Sousa J.,Seppi A.,Seppi A.,120,90,682,863,2.75,1.44,6-4 4-6 5-7 2-6
Wimbledon,6/28/2021,Grand Slam,Outdoor,Grass,1st Round,5,Fucsovics M.,Sinner J.,Fucsovics M.,48,23,1344,2320,2.62,1.5,5-7 6-3 7-5 6-3
Wimbledon,6/28/2021,Grand Slam,Outdoor,Grass,1st Round,5,Millman J.,Bautista Agut R.,Bautista Agut R.,43,10,1521,3125,4.33,1.22,2-6 6-3 3-6 6-7
Wimbledon,6/28/2021,Grand Slam,Outdoor,Grass,1st Round,5,Vesely J.,Hanfmann Y.,Vesely J.,72,99,954,793,1.53,2.5,6-1 7-5 7-6
Wimbledon,6/28/2021,Grand Slam,Outdoor,Grass,1st Round,5,Delbonis F.,Rublev A.,Rublev A.,47,7,1360,6120,15,1.03,6-4 4-6 1-6 2-6
Wimbledon,6/28/2021,Grand Slam,Outdoor,Grass,1st Round,5,Khachanov K.,Mcdonald M.,Khachanov K.,29,108,1965,735,1.61,2.3,3-6 6-3 6-4 7-6
Wimbledon,6/28/2021,Grand Slam,Outdoor,Grass,1st Round,5,Opelka R.,Koepfer D.,Koepfer D.,32,62,1806,1108,1.61,2.3,4-6 6-7 2-6
Wimbledon,6/28/2021,Grand Slam,Outdoor,Grass,1st Round,5,Martinez P.,Travaglia S.,Martinez P.,107,88,736,870,3.75,1.28,6-3 2-6 6-4 6-4
Wimbledon,6/28/2021,Grand Slam,Outdoor,Grass,1st Round,5,Basilashvili N.,Murray A.,Murray A.,28,118,1985,685,1.9,1.9,4-6 3-6 7-5 3-6
Wimbledon,6/28/2021,Grand Slam,Outdoor,Grass,1st Round,5,Pospisil V.,Carballes Baena R.,Pospisil V.,65,100,1071,786,1.25,4,6-3 6-3 6-3
Wimbledon,6/28/2021,Grand Slam,Outdoor,Grass,1st Round,5,Cecchinato M.,Broady L.,Broady L.,86,143,878,509,3,1.4,3-6 4-6 0-6
Wimbledon,6/29/2021,Grand Slam,Outdoor,Grass,1st Round,5,Korda S.,De Minaur A.,Korda S.,50,15,1272,2690,2.37,1.57,6-3 6-4 6-7 7-6
Wimbledon,6/29/2021,Grand Slam,Outdoor,Grass,1st Round,5,Lopez F.,Evans D.,Evans D.,89,26,865,2151,2.75,1.44,6-7 2-6 5-7
Wimbledon,6/29/2021,Grand Slam,Outdoor,Grass,1st Round,5,Fognini F.,Ramos-Vinolas A.,Fognini F.,31,39,1868,1595,1.36,3.2,7-6 6-2 6-4
Wimbledon,6/29/2021,Grand Slam,Outdoor,Grass,1st Round,5,Griekspoor T.,Zverev A.,Zverev A.,124,6,673,7305,11,1.05,3-6 4-6 1-6
Wimbledon,6/29/2021,Grand Slam,Outdoor,Grass,1st Round,5,Schwartzman D.,Paire B.,Schwartzman D.,11,46,3060,1387,1.14,5.5,6-3 6-4 6-0
Wimbledon,6/29/2021,Grand Slam,Outdoor,Grass,1st Round,5,Struff J.L.,Medvedev D.,Medvedev D.,45,2,1455,10280,5.5,1.14,4-6 1-6 6-4 6-7
Wimbledon,6/29/2021,Grand Slam,Outdoor,Grass,1st Round,5,Hoang A.,Zhang Zh.,Hoang A.,156,175,456,412,1.8,2,4-6 7-6 6-7 6-3 6-2
Wimbledon,6/29/2021,Grand Slam,Outdoor,Grass,1st Round,5,Sugita Y.,Gasquet R.,Gasquet R.,110,56,730,1148,4.33,1.22,6-7 6-4 2-6 1-6
Wimbledon,6/29/2021,Grand Slam,Outdoor,Grass,1st Round,5,Hurkacz H.,Musetti L.,Hurkacz H.,18,63,2533,1106,1.44,2.75,6-4 7-6 6-1
Wimbledon,6/29/2021,Grand Slam,Outdoor,Grass,1st Round,5,Clarke J.,Gerasimov E.,Gerasimov E.,230,73,301,941,3,1.4,3-6 6-3 6-7 2-6
Wimbledon,6/29/2021,Grand Slam,Outdoor,Grass,1st Round,5,Lajovic D.,Simon G.,Lajovic D.,42,97,1540,801,2.37,1.57,6-4 7-5 3-6 4-6 6-3
Wimbledon,6/29/2021,Grand Slam,Outdoor,Grass,1st Round,5,Kohlschreiber P.,Shapovalov D.,Shapovalov D.,115,12,697,2915,4.33,1.22,4-6 6-4 3-6 7-5 4-6
Wimbledon,6/29/2021,Grand Slam,Outdoor,Grass,1st Round,5,Harris L.,Berankis R.,Harris L.,51,80,1268,895,1.53,2.5,6-3 6-4 7-6
Wimbledon,6/29/2021,Grand Slam,Outdoor,Grass,1st Round,5,Cuevas P.,Djere L.,Djere L.,84,55,881,1168,1.53,2.5,7-5 4-6 4-6 4-6
Wimbledon,6/29/2021,Grand Slam,Outdoor,Grass,1st Round,5,Kwon S.W.,Masur D.,Kwon S.W.,71,222,986,316,1.28,3.75,6-7 6-3 6-4 6-4
Wimbledon,6/29/2021,Grand Slam,Outdoor,Grass,1st Round,5,Gombos N.,Sandgren T.,Sandgren T.,94,68,822,1019,2.37,1.57,4-6 7-6 1-6 3-6
Wimbledon,6/29/2021,Grand Slam,Outdoor,Grass,1st Round,5,Andujar P.,Herbert P.H.,Andujar P.,70,101,1005,785,4.5,1.2,7-6 4-6 7-6 5-7 8-6
Wimbledon,6/29/2021,Grand Slam,Outdoor,Grass,1st Round,5,Lu Y.,Polmans M.,Polmans M.,625,154,45,467,3.2,1.36,2-6 5-7 6-4 1-6
Wimbledon,6/29/2021,Grand Slam,Outdoor,Grass,1st Round,5,Bolt A.,Krajinovic F.,Bolt A.,149,44,482,1479,1.57,2.37,7-6 6-4 7-5
Wimbledon,6/29/2021,Grand Slam,Outdoor,Grass,1st Round,5,Rinderknech A.,Otte O.,Otte O.,109,151,734,479,1.61,2.3,6-4 3-6 2-6 7-6 12-13
Wimbledon,6/30/2021,Grand Slam,Outdoor,Grass,1st Round,5,Thompson J.,Ruud C.,Thompson J.,78,14,902,2690,2.62,1.5,7-6 7-6 2-6 2-6 6-2
Wimbledon,6/30/2021,Grand Slam,Outdoor,Grass,1st Round,5,Popyrin A.,Nishikori K.,Nishikori K.,67,53,1027,1183,3,1.4,4-6 4-6 4-6
Wimbledon,6/30/2021,Grand Slam,Outdoor,Grass,1st Round,5,Ivashka I.,Munar J.,Ivashka I.,79,69,900,1009,1.36,3.2,6-1 7-5 7-6
Wimbledon,6/30/2021,Grand Slam,Outdoor,Grass,1st Round,5,Moutet C.,Bedene A.,Bedene A.,83,64,883,1089,2,1.8,4-6 4-6 0-6
Wimbledon,6/30/2021,Grand Slam,Outdoor,Grass,1st Round,5,Van De Zandschulp B.,Barrere G.,Van De Zandschulp B.,139,131,540,607,2.37,1.57,6-2 6-7 6-1 7-6
Wimbledon,6/30/2021,Grand Slam,Outdoor,Grass,1st Round,5,Pella G.,Berrettini M.,Berrettini M.,59,9,1114,4468,17,1.02,4-6 6-3 4-6 0-6
Wimbledon,6/30/2021,Grand Slam,Outdoor,Grass,1st Round,5,Chardy J.,Karatsev A.,Chardy J.,61,24,1111,2304,2.2,1.66,7-6 7-6 6-3
Wimbledon,6/30/2021,Grand Slam,Outdoor,Grass,1st Round,5,Isner J.,Nishioka Y.,Nishioka Y.,33,58,1775,1142,1.14,5.5,6-7 6-2 3-6 7-6 4-6
Wimbledon,6/30/2021,Grand Slam,Outdoor,Grass,1st Round,5,Alcaraz C.,Uchiyama Y.,Alcaraz C.,75,116,924,697,1.44,2.75,6-3 6-7 6-2 3-6 6-3
Wimbledon,6/30/2021,Grand Slam,Outdoor,Grass,1st Round,5,Tsonga J.W.,Ymer M.,Ymer M.,85,98,880,796,1.9,1.9,5-7 7-6 7-5 4-6 3-6
Wimbledon,6/30/2021,Grand Slam,Outdoor,Grass,1st Round,5,Giron M.,Ruusuvuori E.,Giron M.,66,76,1037,919,1.66,2.2,6-4 2-6 6-2 0-6 6-4
Wimbledon,6/30/2021,Grand Slam,Outdoor,Grass,1st Round,5,Carreno Busta P.,Querrey S.,Querrey S.,13,54,2905,1183,2.1,1.72,6-7 4-6 5-7
Wimbledon,6/30/2021,Grand Slam,Outdoor,Grass,1st Round,5,Norrie C.,Pouille L.,Norrie C.,34,95,1770,820,1.22,4.33,6-7 7-5 6-2 7-5
Wimbledon,6/30/2021,Grand Slam,Outdoor,Grass,1st Round,5,Coria F.,Galan D.E.,Galan D.E.,87,112,873,706,4.33,1.22,4-6 6-4 5-7 5-7
Wimbledon,6/30/2021,Grand Slam,Outdoor,Grass,1st Round,5,Duckworth J.,Albot R.,Duckworth J.,91,93,853,826,1.57,2.37,6-4 6-4 6-1
Wimbledon,6/30/2021,Grand Slam,Outdoor,Grass,1st Round,5,Zapata Miralles B.,Garin C.,Garin C.,125,20,650,2440,2.5,1.53,7-6 3-6 6-3 3-6 2-6
Wimbledon,6/30/2021,Grand Slam,Outdoor,Grass,1st Round,5,Mager G.,Londero J.I.,Mager G.,77,129,918,623,1.5,2.62,7-6 6-0 4-6 6-3
Wimbledon,6/30/2021,Grand Slam,Outdoor,Grass,1st Round,5,Verdasco F.,Dimitrov G.,Dimitrov G.,106,21,738,2431,4,1.25,6-3 3-6 4-6 4-6
Wimbledon,6/30/2021,Grand Slam,Outdoor,Grass,1st Round,5,Sonego L.,Sousa P.,Sonego L.,27,121,2038,678,1.03,15,6-2 7-5 6-0
Wimbledon,6/30/2021,Grand Slam,Outdoor,Grass,1st Round,5,Caruso S.,Cilic M.,Cilic M.,96,37,809,1660,10,1.06,6-7 6-7 1-6
Wimbledon,6/30/2021,Grand Slam,Outdoor,Grass,1st Round,5,Fritz T.,Nakashima B.,Fritz T.,40,138,1590,549,2.75,1.44,7-5 3-6 6-4 7-5
Wimbledon,6/30/2021,Grand Slam,Outdoor,Grass,1st Round,5,Monteiro T.,Auger-Aliassime F.,Auger-Aliassime F.,81,19,891,2468,8,1.08,3-6 3-6 3-6
Wimbledon,6/30/2021,Grand Slam,Outdoor,Grass,1st Round,5,Kyrgios N.,Humbert U.,Kyrgios N.,60,25,1113,2270,2.5,1.53,6-4 4-6 3-6 6-1 9-7
Wimbledon,6/30/2021,Grand Slam,Outdoor,Grass,1st Round,5,Trungelliti M.,Bonzi B.,Bonzi B.,205,119,341,683,4,1.25,1-6 6-1 6-4 3-6 4-6
Wimbledon,6/30/2021,Grand Slam,Outdoor,Grass,1st Round,5,Monfils G.,O Connell C.,Monfils G.,17,130,2568,609,1.9,1.9,4-6 6-2 7-6 4-6 6-4
Wimbledon,6/30/2021,Grand Slam,Outdoor,Grass,1st Round,5,Kukushkin M.,Bublik A.,Bublik A.,105,38,742,1641,4.33,1.22,4-6 2-6 1-6
Wimbledon,6/30/2021,Grand Slam,Outdoor,Grass,1st Round,5,Johnson S.,Novak D.,Johnson S.,74,122,929,677,1.8,2,7-6 6-2 7-5
Wimbledon,6/30/2021,Grand Slam,Outdoor,Grass,2nd Round,5,Anderson K.,Djokovic N.,Djokovic N.,102,1,753,12113,19,1.02,3-6 3-6 3-6
Wimbledon,6/30/2021,Grand Slam,Outdoor,Grass,2nd Round,5,Kudla D.,Seppi A.,Kudla D.,114,90,698,863,1.66,2.2,6-2 6-4 6-2
Wimbledon,6/30/2021,Grand Slam,Outdoor,Grass,2nd Round,5,Lajovic D.,Evans D.,Evans D.,42,26,1540,2151,7,1.1,3-6 3-6 4-6
Wimbledon,6/30/2021,Grand Slam,Outdoor,Grass,2nd Round,5,Khachanov K.,Gerasimov E.,Khachanov K.,29,73,1965,941,1.2,4.5,6-1 7-6 6-3
Wimbledon,6/30/2021,Grand Slam,Outdoor,Grass,2nd Round,5,Djere L.,Fognini F.,Fognini F.,55,31,1168,1868,3.4,1.33,3-6 4-6 6-0 4-6
Wimbledon,6/30/2021,Grand Slam,Outdoor,Grass,2nd Round,5,Koepfer D.,Kwon S.W.,Koepfer D.,62,71,1108,986,1.57,2.37,6-3 6-7 7-6 5-7 6-3
Wimbledon,6/30/2021,Grand Slam,Outdoor,Grass,2nd Round,5,Pospisil V.,Tiafoe F.,Tiafoe F.,65,57,1071,1148,2,1.8,4-6 4-6 4-6
Wimbledon,6/30/2021,Grand Slam,Outdoor,Grass,2nd Round,5,Schwartzman D.,Broady L.,Schwartzman D.,11,143,3060,509,1.22,4.33,4-6 6-2 6-1 6-4
Wimbledon,6/30/2021,Grand Slam,Outdoor,Grass,2nd Round,5,Hoang A.,Korda S.,Korda S.,156,50,456,1272,8,1.08,5-7 4-6 4-6
Wimbledon,6/30/2021,Grand Slam,Outdoor,Grass,2nd Round,5,Murray A.,Otte O.,Murray A.,118,151,685,479,1.33,3.4,6-3 4-6 4-6 6-4 6-2
Wimbledon,6/30/2021,Grand Slam,Outdoor,Grass,2nd Round,5,Harris L.,Rublev A.,Rublev A.,51,7,1268,6120,5,1.16,1-6 2-6 5-7
Wimbledon,7/1/2021,Grand Slam,Outdoor,Grass,2nd Round,5,Zverev A.,Sandgren T.,Zverev A.,6,68,7305,1019,1.08,8,7-5 6-2 6-3
Wimbledon,7/1/2021,Grand Slam,Outdoor,Grass,2nd Round,5,Nishioka Y.,Bedene A.,Bedene A.,58,64,1142,1089,2.75,1.44,1-6 0-6 2-6
Wimbledon,7/1/2021,Grand Slam,Outdoor,Grass,2nd Round,5,Garin C.,Polmans M.,Garin C.,20,154,2440,467,1.33,3.4,7-6 6-2 2-6 7-6
Wimbledon,7/1/2021,Grand Slam,Outdoor,Grass,2nd Round,5,Querrey S.,Duckworth J.,Duckworth J.,54,91,1183,853,1.28,3.75,5-7 7-6 3-6 2-6
Wimbledon,7/1/2021,Grand Slam,Outdoor,Grass,2nd Round,5,Bautista Agut R.,Kecmanovic M.,Bautista Agut R.,10,49,3125,1309,1.28,3.75,6-3 6-3 6-7 3-6 6-3
Wimbledon,7/1/2021,Grand Slam,Outdoor,Grass,2nd Round,5,Van De Zandschulp B.,Berrettini M.,Berrettini M.,139,9,540,4468,11,1.05,3-6 4-6 6-7
Wimbledon,7/1/2021,Grand Slam,Outdoor,Grass,2nd Round,5,Martinez P.,Monfils G.,Martinez P.,107,17,736,2568,2.75,1.44,6-3 6-4 4-6 7-6
Wimbledon,7/1/2021,Grand Slam,Outdoor,Grass,2nd Round,5,Bolt A.,Norrie C.,Norrie C.,149,34,482,1770,3.5,1.3,3-6 1-6 2-6
Wimbledon,7/1/2021,Grand Slam,Outdoor,Grass,2nd Round,5,Thompson J.,Nishikori K.,Thompson J.,78,53,902,1183,4.33,1.22,7-5 6-4 5-7 6-3
Wimbledon,7/1/2021,Grand Slam,Outdoor,Grass,2nd Round,5,Chardy J.,Ivashka I.,Ivashka I.,61,79,1111,900,2.2,1.66,6-4 3-6 2-6 4-6
Wimbledon,7/1/2021,Grand Slam,Outdoor,Grass,2nd Round,5,Sonego L.,Galan D.E.,Sonego L.,27,112,2038,706,1.1,7,4-6 6-3 7-6 6-1
Wimbledon,7/1/2021,Grand Slam,Outdoor,Grass,2nd Round,5,Johnson S.,Fritz T.,Fritz T.,74,40,929,1590,2.3,1.61,4-6 6-7 6-4 7-6 4-6
Wimbledon,7/1/2021,Grand Slam,Outdoor,Grass,2nd Round,5,Bublik A.,Dimitrov G.,Bublik A.,38,21,1641,2431,1.8,2,6-4 7-6 7-6
Wimbledon,7/1/2021,Grand Slam,Outdoor,Grass,2nd Round,5,Alcaraz C.,Medvedev D.,Medvedev D.,75,2,924,10280,11,1.05,4-6 1-6 2-6
Wimbledon,7/1/2021,Grand Slam,Outdoor,Grass,2nd Round,5,Hurkacz H.,Giron M.,Hurkacz H.,18,66,2533,1037,1.4,3,6-3 6-2 6-4
Wimbledon,7/1/2021,Grand Slam,Outdoor,Grass,2nd Round,5,Bonzi B.,Cilic M.,Cilic M.,119,37,683,1660,4.5,1.2,4-6 6-3 3-6 6-7
Wimbledon,7/1/2021,Grand Slam,Outdoor,Grass,2nd Round,5,Federer R.,Gasquet R.,Federer R.,8,56,4815,1148,1.2,4.5,7-6 6-1 6-4
Wimbledon,7/1/2021,Grand Slam,Outdoor,Grass,2nd Round,5,Mager G.,Kyrgios N.,Kyrgios N.,77,60,918,1113,6,1.12,6-7 4-6 4-6
Wimbledon,7/1/2021,Grand Slam,Outdoor,Grass,2nd Round,5,Auger-Aliassime F.,Ymer M.,Auger-Aliassime F.,19,98,2468,796,1.08,8,6-4 4-6 7-6 6-1
Wimbledon,7/2/2021,Grand Slam,Outdoor,Grass,3rd Round,5,Fognini F.,Rublev A.,Rublev A.,31,7,1868,6120,6,1.12,3-6 7-5 4-6 2-6
Wimbledon,7/2/2021,Grand Slam,Outdoor,Grass,3rd Round,5,Khachanov K.,Tiafoe F.,Khachanov K.,29,57,1965,1148,2.2,1.66,6-3 6-4 6-4
Wimbledon,7/2/2021,Grand Slam,Outdoor,Grass,3rd Round,5,Martinez P.,Garin C.,Garin C.,107,20,736,2440,3,1.4,4-6 3-6 6-4 4-6
Wimbledon,7/2/2021,Grand Slam,Outdoor,Grass,3rd Round,5,Fucsovics M.,Schwartzman D.,Fucsovics M.,48,11,1344,3060,1.9,1.9,6-3 6-3 6-7 6-4
Wimbledon,7/2/2021,Grand Slam,Outdoor,Grass,3rd Round,5,Koepfer D.,Bautista Agut R.,Bautista Agut R.,62,10,1108,3125,3.2,1.36,5-7 1-6 6-7
Wimbledon,7/2/2021,Grand Slam,Outdoor,Grass,3rd Round,5,Djokovic N.,Kudla D.,Djokovic N.,1,114,12113,698,1.02,19,6-4 6-3 7-6
Wimbledon,7/2/2021,Grand Slam,Outdoor,Grass,3rd Round,5,Evans D.,Korda S.,Korda S.,26,50,2151,1272,1.72,2.1,3-6 6-3 3-6 4-6
Wimbledon,7/2/2021,Grand Slam,Outdoor,Grass,3rd Round,5,Shapovalov D.,Murray A.,Shapovalov D.,12,118,2915,685,1.28,3.75,6-4 6-2 6-2
Wimbledon,7/3/2021,Grand Slam,Outdoor,Grass,3rd Round,5,Bedene A.,Berrettini M.,Berrettini M.,64,9,1089,4468,5,1.16,4-6 4-6 4-6
Wimbledon,7/3/2021,Grand Slam,Outdoor,Grass,3rd Round,5,Ivashka I.,Thompson J.,Ivashka I.,79,78,900,902,1.61,2.3,6-4 6-4 6-4
Wimbledon,7/3/2021,Grand Slam,Outdoor,Grass,3rd Round,5,Duckworth J.,Sonego L.,Sonego L.,91,27,853,2038,3,1.4,3-6 4-6 4-6
Wimbledon,7/3/2021,Grand Slam,Outdoor,Grass,3rd Round,5,Hurkacz H.,Bublik A.,Hurkacz H.,18,38,2533,1641,1.66,2.2,6-3 6-4 6-2
Wimbledon,7/3/2021,Grand Slam,Outdoor,Grass,3rd Round,5,Fritz T.,Zverev A.,Zverev A.,40,6,1590,7305,8,1.08,7-6 4-6 3-6 6-7
Wimbledon,7/3/2021,Grand Slam,Outdoor,Grass,3rd Round,5,Federer R.,Norrie C.,Federer R.,8,34,4815,1770,1.44,2.75,6-4 6-4 5-7 6-4
Wimbledon,7/3/2021,Grand Slam,Outdoor,Grass,3rd Round,3,Cilic M.,Medvedev D.,Medvedev D.,37,2,1660,10280,5,1.16,7-6 6-3 3-6 3-6 2-6
Wimbledon,7/5/2021,Grand Slam,Outdoor,Grass,4th Round,5,Berrettini M.,Ivashka I.,Berrettini M.,9,79,4468,900,1.12,6,6-4 6-3 6-1
Wimbledon,7/5/2021,Grand Slam,Outdoor,Grass,4th Round,5,Korda S.,Khachanov K.,Khachanov K.,50,29,1272,1965,1.9,1.9,6-3 4-6 3-6 7-5 8-10
Wimbledon,7/5/2021,Grand Slam,Outdoor,Grass,4th Round,5,Shapovalov D.,Bautista Agut R.,Shapovalov D.,12,10,2915,3125,1.66,2.2,6-1 6-3 7-5
Wimbledon,7/5/2021,Grand Slam,Outdoor,Grass,4th Round,5,Rublev A.,Fucsovics M.,Fucsovics M.,7,48,6120,1344,1.14,5.5,3-6 6-4 6-4 0-6 3-6
Wimbledon,7/5/2021,Grand Slam,Outdoor,Grass,4th Round,5,Djokovic N.,Garin C.,Djokovic N.,1,20,12113,2440,1.01,21,6-2 6-4 6-2
Wimbledon,7/5/2021,Grand Slam,Outdoor,Grass,4th Round,5,Zverev A.,Auger-Aliassime F.,Auger-Aliassime F.,6,19,7305,2468,1.3,3.5,4-6 6-7 6-3 6-3 4-6
Wimbledon,7/5/2021,Grand Slam,Outdoor,Grass,4th Round,5,Federer R.,Sonego L.,Federer R.,8,27,4815,2038,1.3,3.5,7-5 6-4 6-2
Wimbledon,7/6/2021,Grand Slam,Outdoor,Grass,4th Round,5,Medvedev D.,Hurkacz H.,Hurkacz H.,2,18,10280,2533,1.16,5,6-2 6-7 6-3 3-6 3-6
Wimbledon,7/7/2021,Grand Slam,Outdoor,Grass,Quarterfinals,5,Shapovalov D.,Khachanov K.,Shapovalov D.,12,29,2915,1965,1.3,3.5,6-4 3-6 5-7 6-1 6-4
Wimbledon,7/7/2021,Grand Slam,Outdoor,Grass,Quarterfinals,5,Fucsovics M.,Djokovic N.,Djokovic N.,48,1,1344,12113,15,1.03,3-6 4-6 4-6
Wimbledon,7/7/2021,Grand Slam,Outdoor,Grass,Quarterfinals,5,Hurkacz H.,Federer R.,Hurkacz H.,18,8,2533,4815,3,1.4,6-3 7-6 6-0
Wimbledon,7/7/2021,Grand Slam,Outdoor,Grass,Quarterfinals,5,Auger-Aliassime F.,Berrettini M.,Berrettini M.,19,9,2468,4468,4,1.25,3-6 7-5 5-7 3-6
Wimbledon,7/9/2021,Grand Slam,Outdoor,Grass,Semifinals,5,Berrettini M.,Hurkacz H.,Berrettini M.,9,18,4468,2533,1.44,2.75,6-3 6-0 6-7 6-4
Wimbledon,7/9/2021,Grand Slam,Outdoor,Grass,Semifinals,5,Shapovalov D.,Djokovic N.,Djokovic N.,12,1,2915,12113,8,1.08,6-7 5-7 5-7
Wimbledon,7/11/2021,Grand Slam,Outdoor,Grass,The Final,5,Djokovic N.,Berrettini M.,Djokovic N.,1,9,12113,4468,1.22,4.5,6-7 6-4 6-4 6-3
Canadian Open,8/9/2021,Masters 1000,Outdoor,Hard,1st Round,3,Ramos-Vinolas A.,Cilic M.,Cilic M.,48,39,1378,1593,3.4,1.33,2-6 6-4 3-6
Canadian Open,8/9/2021,Masters 1000,Outdoor,Hard,1st Round,3,Humbert U.,Sonego L.,Humbert U.,26,25,2090,2147,1.5,2.62,6-3 6-4
Canadian Open,8/9/2021,Masters 1000,Outdoor,Hard,1st Round,3,Struff J.L.,Fognini F.,Fognini F.,46,37,1410,1619,1.9,1.9,7-6 2-6 4-6
Canadian Open,8/9/2021,Masters 1000,Outdoor,Hard,1st Round,3,Duckworth J.,Fritz T.,Duckworth J.,85,40,899,1550,3.2,1.36,7-6 6-3
Canadian Open,8/9/2021,Masters 1000,Outdoor,Hard,1st Round,3,Evans D.,Bublik A.,Bublik A.,27,38,2084,1611,2,1.8,4-6 4-6
Canadian Open,8/9/2021,Masters 1000,Outdoor,Hard,1st Round,3,Harris L.,Schnur B.,Harris L.,49,247,1368,272,1.28,3.75,6-3 6-2
Canadian Open,8/9/2021,Masters 1000,Outdoor,Hard,1st Round,3,Berankis R.,Millman J.,Millman J.,84,42,902,1505,1.9,1.9,3-6 6-7
Canadian Open,8/10/2021,Masters 1000,Outdoor,Hard,1st Round,3,Paul T.,Pospisil V.,Paul T.,58,61,1143,1125,2,1.8,6-7 6-2 6-3
Canadian Open,8/10/2021,Masters 1000,Outdoor,Hard,1st Round,3,Kyrgios N.,Opelka R.,Opelka R.,80,32,918,1741,1.72,2.1,6-4 6-7 4-6
Canadian Open,8/10/2021,Masters 1000,Outdoor,Hard,1st Round,3,Lajovic D.,Ruusuvuori E.,Lajovic D.,44,72,1485,983,3.4,1.33,3-6 6-3 6-3
Canadian Open,8/10/2021,Masters 1000,Outdoor,Hard,1st Round,3,Kecmanovic M.,Nishikori K.,Nishikori K.,59,55,1142,1173,3,1.4,4-6 7-6 2-6
Canadian Open,8/10/2021,Masters 1000,Outdoor,Hard,1st Round,3,Basilashvili N.,Brooksby J.,Basilashvili N.,43,97,1498,812,2.75,1.44,2-6 6-0 6-4
Canadian Open,8/10/2021,Masters 1000,Outdoor,Hard,1st Round,3,Norrie C.,Khachanov K.,Khachanov K.,28,29,1975,1920,2,1.8,4-6 7-5 4-6
Canadian Open,8/10/2021,Masters 1000,Outdoor,Hard,1st Round,3,Isner J.,Davidovich Fokina A.,Isner J.,30,34,1901,1723,1.61,2.3,6-4 6-1
Canadian Open,8/10/2021,Masters 1000,Outdoor,Hard,1st Round,3,Nishioka Y.,Tiafoe F.,Tiafoe F.,56,52,1155,1226,2.5,1.53,4-6 3-6
Canadian Open,8/10/2021,Masters 1000,Outdoor,Hard,1st Round,3,Paire B.,Mcdonald M.,Paire B.,50,64,1354,1060,2.37,1.57,6-3 6-4
Canadian Open,8/10/2021,Masters 1000,Outdoor,Hard,2nd Round,3,Bublik A.,Medvedev D.,Medvedev D.,38,2,1611,9643,4.5,1.2,6-4 3-6 4-6
Canadian Open,8/10/2021,Masters 1000,Outdoor,Hard,2nd Round,3,Ruud C.,Cilic M.,Ruud C.,12,39,3205,1593,1.72,2.1,6-3 3-6 6-3
Canadian Open,8/11/2021,Masters 1000,Outdoor,Hard,2nd Round,3,Humbert U.,Tsitsipas S.,Tsitsipas S.,26,3,2090,8115,2.5,1.36,3-6 7-6 1-6
Canadian Open,8/11/2021,Masters 1000,Outdoor,Hard,2nd Round,3,Opelka R.,Dimitrov G.,Opelka R.,32,21,1741,2466,1.53,2.5,6-3 6-4
Canadian Open,8/11/2021,Masters 1000,Outdoor,Hard,2nd Round,3,Sinner J.,Duckworth J.,Duckworth J.,15,85,2745,899,1.2,4.5,3-6 4-6
Canadian Open,8/11/2021,Masters 1000,Outdoor,Hard,2nd Round,3,Isner J.,Garin C.,Isner J.,30,20,1901,2475,1.44,2.75,4-6 6-3 6-4
Canadian Open,8/11/2021,Masters 1000,Outdoor,Hard,2nd Round,3,Lopez F.,Harris L.,Harris L.,99,49,810,1368,4,1.25,2-6 3-6
Canadian Open,8/11/2021,Masters 1000,Outdoor,Hard,2nd Round,3,Lajovic D.,Auger-Aliassime F.,Lajovic D.,44,16,1485,2693,4,1.25,7-5 6-4
Canadian Open,8/11/2021,Masters 1000,Outdoor,Hard,2nd Round,3,Fognini F.,Rublev A.,Rublev A.,37,7,1619,6005,4,1.25,6-7 3-6
Canadian Open,8/11/2021,Masters 1000,Outdoor,Hard,2nd Round,3,Khachanov K.,Karatsev A.,Khachanov K.,29,22,1920,2287,1.57,2.37,7-6 6-4
Canadian Open,8/11/2021,Masters 1000,Outdoor,Hard,2nd Round,3,De Minaur A.,Basilashvili N.,Basilashvili N.,17,43,2600,1498,1.53,2.5,1-6 1-6
Canadian Open,8/11/2021,Masters 1000,Outdoor,Hard,2nd Round,3,Schwartzman D.,Paire B.,Schwartzman D.,14,50,2913,1354,1.36,3.2,7-5 6-1
Canadian Open,8/11/2021,Masters 1000,Outdoor,Hard,2nd Round,3,Paul T.,Bautista Agut R.,Bautista Agut R.,58,18,1143,2585,2.75,1.44,3-6 4-6
Canadian Open,8/12/2021,Masters 1000,Outdoor,Hard,2nd Round,3,Tiafoe F.,Shapovalov D.,Tiafoe F.,52,10,1226,3625,3.2,2.5,6-1 6-4
Canadian Open,8/12/2021,Masters 1000,Outdoor,Hard,2nd Round,3,Millman J.,Monfils G.,Monfils G.,42,24,1505,2253,1.61,2.3,6-3 3-6 4-6
Canadian Open,8/12/2021,Masters 1000,Outdoor,Hard,3rd Round,3,Tsitsipas S.,Khachanov K.,Tsitsipas S.,3,29,8115,1920,1.36,2.5,6-3 6-2
Canadian Open,8/12/2021,Masters 1000,Outdoor,Hard,3rd Round,3,Lajovic D.,Ruud C.,Ruud C.,44,12,1485,3205,3.2,1.36,4-6 3-6
Canadian Open,8/12/2021,Masters 1000,Outdoor,Hard,3rd Round,3,Isner J.,Rublev A.,Isner J.,30,7,1901,6005,2.75,1.44,7-5 7-6
Canadian Open,8/12/2021,Masters 1000,Outdoor,Hard,3rd Round,3,Harris L.,Opelka R.,Opelka R.,49,32,1368,1741,1.9,1.9,6-4 6-7 6-7
Canadian Open,8/12/2021,Masters 1000,Outdoor,Hard,3rd Round,3,Bautista Agut R.,Schwartzman D.,Bautista Agut R.,18,14,2585,2913,1.8,2,6-3 3-6 7-5
Canadian Open,8/12/2021,Masters 1000,Outdoor,Hard,3rd Round,3,Tiafoe F.,Monfils G.,Monfils G.,52,24,1226,2253,1.4,3,1-6 6-7
Canadian Open,8/13/2021,Masters 1000,Outdoor,Hard,3rd Round,3,Medvedev D.,Duckworth J.,Medvedev D.,2,85,9643,899,1.08,8,6-2 6-4
Canadian Open,8/13/2021,Masters 1000,Outdoor,Hard,3rd Round,3,Basilashvili N.,Hurkacz H.,Hurkacz H.,43,13,1498,3118,2.2,1.66,7-6 4-6 4-6
Canadian Open,8/13/2021,Masters 1000,Outdoor,Hard,Quarterfinals,3,Tsitsipas S.,Ruud C.,Tsitsipas S.,3,12,8115,3205,1.25,2.5,6-1 6-4
Canadian Open,8/13/2021,Masters 1000,Outdoor,Hard,Quarterfinals,3,Bautista Agut R.,Opelka R.,Opelka R.,18,32,2585,1741,1.66,2.2,3-6 6-7
Canadian Open,8/14/2021,Masters 1000,Outdoor,Hard,Quarterfinals,3,Medvedev D.,Hurkacz H.,Medvedev D.,2,13,9643,3118,1.22,4.33,2-6 7-6 7-6
Canadian Open,8/14/2021,Masters 1000,Outdoor,Hard,Quarterfinals,3,Monfils G.,Isner J.,Isner J.,24,30,2253,1901,2.62,1.5,6-7 4-6
Canadian Open,8/14/2021,Masters 1000,Outdoor,Hard,Semifinals,3,Opelka R.,Tsitsipas S.,Opelka R.,32,3,1741,8115,4.33,1.22,6-7 7-6 6-4
Canadian Open,8/15/2021,Masters 1000,Outdoor,Hard,Semifinals,3,Isner J.,Medvedev D.,Medvedev D.,30,2,1901,9643,3.5,1.3,2-6 2-6
Canadian Open,8/15/2021,Masters 1000,Outdoor,Hard,The Final,3,Medvedev D.,Opelka R.,Medvedev D.,2,32,9643,1741,1.16,5,6-4 6-3
Western & Southern Financial Group Masters,8/15/2021,Masters 1000,Outdoor,Hard,1st Round,3,Kecmanovic M.,Paire B.,Paire B.,58,50,1142,1375,1.57,2.37,7-5 3-6 2-6
Western & Southern Financial Group Masters,8/16/2021,Masters 1000,Outdoor,Hard,1st Round,3,Pella G.,Goffin D.,Pella G.,93,19,834,2513,3.5,1.3,6-3 6-3
Western & Southern Financial Group Masters,8/16/2021,Masters 1000,Outdoor,Hard,1st Round,3,Delbonis F.,Sinner J.,Sinner J.,48,15,1407,2745,5.5,1.14,2-6 5-7
Western & Southern Financial Group Masters,8/16/2021,Masters 1000,Outdoor,Hard,1st Round,3,Fognini F.,Basilashvili N.,Fognini F.,36,40,1689,1578,2.1,1.72,7-6 6-3
Western & Southern Financial Group Masters,8/16/2021,Masters 1000,Outdoor,Hard,1st Round,3,Struff J.L.,Koepfer D.,Koepfer D.,47,59,1410,1126,1.66,2.2,6-7 7-5 3-6
Western & Southern Financial Group Masters,8/16/2021,Masters 1000,Outdoor,Hard,1st Round,3,Ramos-Vinolas A.,Fritz T.,Ramos-Vinolas A.,49,42,1378,1550,3.2,1.36,4-6 6-4 6-4
Western & Southern Financial Group Masters,8/16/2021,Masters 1000,Outdoor,Hard,1st Round,3,Fucsovics M.,Auger-Aliassime F.,Auger-Aliassime F.,37,17,1644,2693,2.75,1.44,6-7 3-6
Western & Southern Financial Group Masters,8/16/2021,Masters 1000,Outdoor,Hard,1st Round,3,Harris L.,Nishioka Y.,Harris L.,46,57,1433,1170,1.4,3,6-3 6-4
Western & Southern Financial Group Masters,8/16/2021,Masters 1000,Outdoor,Hard,1st Round,3,Evans D.,Schwartzman D.,Schwartzman D.,28,14,2096,2980,2.75,1.44,2-6 6-4 3-6
Western & Southern Financial Group Masters,8/17/2021,Masters 1000,Outdoor,Hard,1st Round,3,De Minaur A.,Krajinovic F.,De Minaur A.,18,33,2600,1724,1.66,2.2,0-6 6-4 6-4
Western & Southern Financial Group Masters,8/17/2021,Masters 1000,Outdoor,Hard,1st Round,3,Gasquet R.,Murray A.,Murray A.,53,105,1221,775,1.72,2.1,4-6 4-6
Western & Southern Financial Group Masters,8/17/2021,Masters 1000,Outdoor,Hard,1st Round,3,Khachanov K.,Anderson K.,Khachanov K.,30,76,2055,958,1.61,2.3,6-2 6-4
Western & Southern Financial Group Masters,8/17/2021,Masters 1000,Outdoor,Hard,1st Round,3,Nakashima B.,Mcdonald M.,Mcdonald M.,86,64,893,1060,1.66,2.2,5-7 2-6
Western & Southern Financial Group Masters,8/17/2021,Masters 1000,Outdoor,Hard,1st Round,3,Hurkacz H.,Davidovich Fokina A.,Hurkacz H.,12,34,3288,1723,1.36,3.2,6-1 6-7 6-1
Western & Southern Financial Group Masters,8/17/2021,Masters 1000,Outdoor,Hard,1st Round,3,Djere L.,Korda S.,Korda S.,52,45,1307,1449,4.5,1.2,4-6 4-6
Western & Southern Financial Group Masters,8/17/2021,Masters 1000,Outdoor,Hard,1st Round,3,Dimitrov G.,Bautista Agut R.,Dimitrov G.,21,16,2466,2720,2.62,1.5,6-3 6-4
Western & Southern Financial Group Masters,8/17/2021,Masters 1000,Outdoor,Hard,1st Round,3,Giron M.,Bublik A.,Bublik A.,66,38,1047,1633,2.37,1.57,6-3 3-6 6-7
Western & Southern Financial Group Masters,8/17/2021,Masters 1000,Outdoor,Hard,1st Round,3,Cilic M.,Karatsev A.,Cilic M.,39,25,1628,2287,2,1.8,7-5 6-3
Western & Southern Financial Group Masters,8/17/2021,Masters 1000,Outdoor,Hard,1st Round,3,Norrie C.,Isner J.,Isner J.,31,26,1975,2238,1.9,1.9,6-4 6-7 4-6
Western & Southern Financial Group Masters,8/17/2021,Masters 1000,Outdoor,Hard,1st Round,3,Sonego L.,Alcaraz C.,Sonego L.,27,55,2157,1196,2.2,1.66,6-3 7-6
Western & Southern Financial Group Masters,8/17/2021,Masters 1000,Outdoor,Hard,1st Round,3,Moutet C.,Opelka R.,Opelka R.,90,23,848,2341,2.75,1.44,6-7 6-4 4-6
Western & Southern Financial Group Masters,8/18/2021,Masters 1000,Outdoor,Hard,1st Round,3,Monfils G.,Lajovic D.,Monfils G.,22,41,2423,1565,1.61,2.3,7-6 6-2
Western & Southern Financial Group Masters,8/18/2021,Masters 1000,Outdoor,Hard,1st Round,3,Humbert U.,Tiafoe F.,Tiafoe F.,29,51,2090,1312,1.53,2.5,5-7 6-7
Western & Southern Financial Group Masters,8/18/2021,Masters 1000,Outdoor,Hard,1st Round,3,Paul T.,Garin C.,Paul T.,56,20,1193,2510,1.72,2.1,4-6 6-3 6-4
Western & Southern Financial Group Masters,8/18/2021,Masters 1000,Outdoor,Hard,2nd Round,3,Ramos-Vinolas A.,Berrettini M.,Berrettini M.,49,8,1378,5533,5.5,1.14,7-6 3-6 5-7
Western & Southern Financial Group Masters,8/18/2021,Masters 1000,Outdoor,Hard,2nd Round,3,Paire B.,Shapovalov D.,Paire B.,50,10,1375,3625,3.75,1.28,6-3 4-6 7-5
Western & Southern Financial Group Masters,8/18/2021,Masters 1000,Outdoor,Hard,2nd Round,3,Bublik A.,Dimitrov G.,Dimitrov G.,38,21,1633,2466,2.1,1.72,3-6 5-7
Western & Southern Financial Group Masters,8/18/2021,Masters 1000,Outdoor,Hard,2nd Round,3,Carreno Busta P.,Koepfer D.,Carreno Busta P.,13,59,3260,1126,1.3,3.5,6-4 6-2
Western & Southern Financial Group Masters,8/18/2021,Masters 1000,Outdoor,Hard,2nd Round,3,Khachanov K.,Auger-Aliassime F.,Auger-Aliassime F.,30,17,2055,2693,1.57,2.37,7-6 3-6 4-6
Western & Southern Financial Group Masters,8/18/2021,Masters 1000,Outdoor,Hard,2nd Round,3,Pella G.,Fognini F.,Pella G.,93,36,834,1689,3.5,1.3,6-1 7-5
Western & Southern Financial Group Masters,8/18/2021,Masters 1000,Outdoor,Hard,2nd Round,3,Murray A.,Hurkacz H.,Hurkacz H.,105,12,775,3288,3.4,1.33,6-7 3-6
Western & Southern Financial Group Masters,8/18/2021,Masters 1000,Outdoor,Hard,2nd Round,3,Rublev A.,Cilic M.,Rublev A.,7,39,6005,1628,1.3,3.5,5-7 6-3 6-1
Western & Southern Financial Group Masters,8/18/2021,Masters 1000,Outdoor,Hard,2nd Round,3,Opelka R.,Ruud C.,Ruud C.,23,11,2341,3350,2.1,1.72,7-6 0-6 6-7
Western & Southern Financial Group Masters,8/18/2021,Masters 1000,Outdoor,Hard,2nd Round,3,Medvedev D.,Mcdonald M.,Medvedev D.,2,64,10620,1060,1.16,5,6-2 6-2
Western & Southern Financial Group Masters,8/18/2021,Masters 1000,Outdoor,Hard,2nd Round,3,Sinner J.,Isner J.,Isner J.,15,26,2745,2238,1.66,2.2,7-5 6-7 4-6
Western & Southern Financial Group Masters,8/18/2021,Masters 1000,Outdoor,Hard,2nd Round,3,Zverev A.,Harris L.,Zverev A.,5,46,7263,1433,1.3,3.5,7-6 6-2
Western & Southern Financial Group Masters,8/18/2021,Masters 1000,Outdoor,Hard,2nd Round,3,Paul T.,Sonego L.,Sonego L.,56,27,1193,2157,2.1,1.72,6-7 2-6
Western & Southern Financial Group Masters,8/18/2021,Masters 1000,Outdoor,Hard,2nd Round,3,Monfils G.,De Minaur A.,Monfils G.,22,18,2423,2600,2.1,1.72,6-3 7-5
Western & Southern Financial Group Masters,8/19/2021,Masters 1000,Outdoor,Hard,2nd Round,3,Tiafoe F.,Schwartzman D.,Schwartzman D.,51,14,1312,2980,2.1,1.72,1-6 6-4 4-6
Western & Southern Financial Group Masters,8/19/2021,Masters 1000,Outdoor,Hard,2nd Round,3,Tsitsipas S.,Korda S.,Tsitsipas S.,3,45,8350,1449,1.3,3.5,7-6 6-3
Western & Southern Financial Group Masters,8/19/2021,Masters 1000,Outdoor,Hard,3rd Round,3,Dimitrov G.,Medvedev D.,Medvedev D.,21,2,2466,10620,5,1.16,3-6 3-6
Western & Southern Financial Group Masters,8/19/2021,Masters 1000,Outdoor,Hard,3rd Round,3,Paire B.,Isner J.,Paire B.,50,26,1375,2238,3.2,1.36,7-6 6-7 6-1
Western & Southern Financial Group Masters,8/19/2021,Masters 1000,Outdoor,Hard,3rd Round,3,Monfils G.,Rublev A.,Rublev A.,22,7,2423,6005,3.5,1.3,6-7 6-7
Western & Southern Financial Group Masters,8/19/2021,Masters 1000,Outdoor,Hard,3rd Round,3,Carreno Busta P.,Hurkacz H.,Carreno Busta P.,13,12,3260,3288,2,1.8,7-6 7-6
Western & Southern Financial Group Masters,8/19/2021,Masters 1000,Outdoor,Hard,3rd Round,3,Pella G.,Zverev A.,Zverev A.,93,5,834,7263,8,1.08,2-6 3-6
Western & Southern Financial Group Masters,8/19/2021,Masters 1000,Outdoor,Hard,3rd Round,3,Ruud C.,Schwartzman D.,Ruud C.,11,14,3350,2980,1.8,2,6-4 6-3
Western & Southern Financial Group Masters,8/20/2021,Masters 1000,Outdoor,Hard,3rd Round,3,Sonego L.,Tsitsipas S.,Tsitsipas S.,27,3,2157,8350,5,1.16,7-5 3-6 4-6
Western & Southern Financial Group Masters,8/20/2021,Masters 1000,Outdoor,Hard,3rd Round,3,Auger-Aliassime F.,Berrettini M.,Auger-Aliassime F.,17,8,2693,5533,2.5,1.53,6-4 6-3
Western & Southern Financial Group Masters,8/20/2021,Masters 1000,Outdoor,Hard,Quarterfinals,3,Paire B.,Rublev A.,Rublev A.,50,7,1375,6005,4.5,1.2,2-6 6-3 3-6
Western & Southern Financial Group Masters,8/20/2021,Masters 1000,Outdoor,Hard,Quarterfinals,3,Medvedev D.,Carreno Busta P.,Medvedev D.,2,13,10620,3260,1.28,3.75,6-1 6-1
Western & Southern Financial Group Masters,8/21/2021,Masters 1000,Outdoor,Hard,Quarterfinals,3,Auger-Aliassime F.,Tsitsipas S.,Tsitsipas S.,17,3,2693,8350,3.2,1.36,2-6 7-5 1-6
Western & Southern Financial Group Masters,8/21/2021,Masters 1000,Outdoor,Hard,Quarterfinals,3,Zverev A.,Ruud C.,Zverev A.,5,11,7263,3350,1.25,4,6-1 6-3
Western & Southern Financial Group Masters,8/21/2021,Masters 1000,Outdoor,Hard,Semifinals,3,Medvedev D.,Rublev A.,Rublev A.,2,7,10620,6005,1.22,4.33,6-2 3-6 3-6
Western & Southern Financial Group Masters,8/21/2021,Masters 1000,Outdoor,Hard,Semifinals,3,Zverev A.,Tsitsipas S.,Zverev A.,5,3,7263,8350,1.66,2.2,6-4 3-6 7-6
Western & Southern Financial Group Masters,8/22/2021,Masters 1000,Outdoor,Hard,The Final,3,Rublev A.,Zverev A.,Zverev A.,7,5,6005,7263,3,1.4,2-6 3-6
US Open,8/30/2021,Grand Slam,Outdoor,Hard,1st Round,5,Paire B.,Lajovic D.,Lajovic D.,49,40,1384,1565,1.53,2.5,3-6 5-7 6-2 4-6
US Open,8/30/2021,Grand Slam,Outdoor,Hard,1st Round,5,Bagnis F.,Daniel T.,Bagnis F.,80,109,913,744,2.37,1.57,6-3 6-3 6-3
US Open,8/30/2021,Grand Slam,Outdoor,Hard,1st Round,5,Berankis R.,Schwartzman D.,Schwartzman D.,96,14,818,2980,5.5,1.14,5-7 3-6 3-6
US Open,8/30/2021,Grand Slam,Outdoor,Hard,1st Round,5,Anderson K.,Vesely J.,Anderson K.,77,90,948,865,1.3,3.5,7-6 4-6 3-6 7-6 7-6
US Open,8/30/2021,Grand Slam,Outdoor,Hard,1st Round,5,Monteiro T.,Evans D.,Evans D.,93,27,831,2074,3.75,1.28,3-6 7-6 4-6 1-6
US Open,8/30/2021,Grand Slam,Outdoor,Hard,1st Round,5,Zapata Miralles B.,Lopez F.,Zapata Miralles B.,116,97,702,813,1.66,2.2,5-7 7-6 4-6 6-3 6-3
US Open,8/30/2021,Grand Slam,Outdoor,Hard,1st Round,5,Millman J.,Laaksonen H.,Laaksonen H.,43,130,1480,613,1.53,2.5,6-7 6-7 1-6
US Open,8/30/2021,Grand Slam,Outdoor,Hard,1st Round,5,Gojowczyk P.,Humbert U.,Gojowczyk P.,141,26,563,2090,4.5,1.2,1-6 6-1 6-2 5-7 6-4
US Open,8/30/2021,Grand Slam,Outdoor,Hard,1st Round,5,Donskoy E.,Auger-Aliassime F.,Auger-Aliassime F.,152,15,498,2828,9,1.07,6-7 6-3 6-7 6-7
US Open,8/30/2021,Grand Slam,Outdoor,Hard,1st Round,5,Rublev A.,Karlovic I.,Rublev A.,7,221,6400,309,1.05,11,6-3 7-6 6-3
US Open,8/30/2021,Grand Slam,Outdoor,Hard,1st Round,5,Duckworth J.,Martinez P.,Martinez P.,68,75,1004,950,1.44,2.75,6-4 6-4 6-7 2-6 2-6
US Open,8/30/2021,Grand Slam,Outdoor,Hard,1st Round,5,Garin C.,Gombos N.,Garin C.,19,111,2510,740,1.3,3.5,6-3 4-6 6-4 7-6
US Open,8/30/2021,Grand Slam,Outdoor,Hard,1st Round,5,Kukushkin M.,Andujar P.,Andujar P.,129,74,614,970,1.5,2.62,6-3 6-4 4-6 4-6 2-6
US Open,8/30/2021,Grand Slam,Outdoor,Hard,1st Round,5,Nakashima B.,Isner J.,Nakashima B.,84,22,893,2238,2.5,1.53,7-6 7-6 6-3
US Open,8/30/2021,Grand Slam,Outdoor,Hard,1st Round,5,Hoang A.,Giron M.,Giron M.,150,64,505,1037,4.33,1.22,3-6 4-6 5-7
US Open,8/30/2021,Grand Slam,Outdoor,Hard,1st Round,5,Mannarino A.,Herbert P.H.,Mannarino A.,44,104,1469,773,2.75,1.44,3-6 4-6 6-4 6-3 6-3
US Open,8/30/2021,Grand Slam,Outdoor,Hard,1st Round,5,Murray A.,Tsitsipas S.,Tsitsipas S.,112,3,740,8350,9,1.07,6-2 6-7 6-3 3-6 4-6
US Open,8/30/2021,Grand Slam,Outdoor,Hard,1st Round,5,Ruud C.,Sugita Y.,Ruud C.,11,131,3455,612,1.06,10,6-3 6-2 6-2
US Open,8/30/2021,Grand Slam,Outdoor,Hard,1st Round,5,Riffice S.,Dimitrov G.,Dimitrov G.,542,18,63,2511,11,1.05,1-6 6-7 3-6
US Open,8/30/2021,Grand Slam,Outdoor,Hard,1st Round,5,Trungelliti M.,Davidovich Fokina A.,Trungelliti M.,198,32,361,1723,5.5,1.14,5-7 6-3 7-5 6-7 6-4
US Open,8/30/2021,Grand Slam,Outdoor,Hard,1st Round,5,Ilkel C.,Molcan A.,Molcan A.,188,138,381,579,3.5,1.3,6-4 3-6 1-6 1-6
US Open,8/30/2021,Grand Slam,Outdoor,Hard,1st Round,5,Van De Zandschulp B.,Taberner C.,Van De Zandschulp B.,117,105,698,758,1.36,3.2,2-6 3-6 6-4 7-5 6-3
US Open,8/30/2021,Grand Slam,Outdoor,Hard,1st Round,5,Majchrzak K.,Ruusuvuori E.,Ruusuvuori E.,114,66,719,1018,2.75,1.44,4-6 2-6 6-3 1-6
US Open,8/30/2021,Grand Slam,Outdoor,Hard,1st Round,5,Rinderknech A.,Kecmanovic M.,Rinderknech A.,83,63,907,1050,2,1.8,6-7 3-6 7-5 6-3 6-4
US Open,8/30/2021,Grand Slam,Outdoor,Hard,1st Round,5,Albot R.,Popyrin A.,Popyrin A.,108,73,744,970,4.33,1.22,3-6 7-6 3-6 3-6
US Open,8/30/2021,Grand Slam,Outdoor,Hard,1st Round,5,Koepfer D.,Halys Q.,Koepfer D.,57,183,1175,394,1.4,3,6-4 3-6 4-6 6-3 6-4
US Open,8/30/2021,Grand Slam,Outdoor,Hard,1st Round,5,Norrie C.,Alcaraz C.,Alcaraz C.,29,55,1975,1209,1.44,2.75,4-6 4-6 3-6
US Open,8/31/2021,Grand Slam,Outdoor,Hard,1st Round,5,Tiafoe F.,Eubanks C.,Tiafoe F.,50,214,1312,325,1.2,4.5,7-6 5-7 6-3 6-4
US Open,8/31/2021,Grand Slam,Outdoor,Hard,1st Round,5,Krajinovic F.,Pella G.,Pella G.,38,85,1589,879,1.3,3.5,7-6 3-6 2-6 2-6
US Open,8/31/2021,Grand Slam,Outdoor,Hard,1st Round,5,Bautista Agut R.,Kyrgios N.,Bautista Agut R.,21,86,2405,878,1.57,2.37,6-3 6-4 6-0
US Open,8/31/2021,Grand Slam,Outdoor,Hard,1st Round,5,Gasquet R.,Medvedev D.,Medvedev D.,79,2,918,9980,13,1.04,4-6 3-6 1-6
US Open,8/31/2021,Grand Slam,Outdoor,Hard,1st Round,5,Opelka R.,Kwon S.W.,Opelka R.,24,76,2206,949,1.3,3.5,7-6 6-4 6-4
US Open,8/31/2021,Grand Slam,Outdoor,Hard,1st Round,5,Nava E.,Musetti L.,Musetti L.,385,60,115,1081,3,1.4,7-6 4-6 1-6 3-6
US Open,8/31/2021,Grand Slam,Outdoor,Hard,1st Round,5,Mcdonald M.,Goffin D.,Mcdonald M.,61,30,1070,1933,1.4,3,6-2 7-5 6-3
US Open,8/31/2021,Grand Slam,Outdoor,Hard,1st Round,5,Munar J.,Karatsev A.,Karatsev A.,65,25,1022,2109,4,1.25,5-7 6-1 3-6 2-6
US Open,8/31/2021,Grand Slam,Outdoor,Hard,1st Round,5,Kudla D.,Djere L.,Kudla D.,92,51,833,1307,1.53,2.5,4-6 6-3 7-5 7-6
US Open,8/31/2021,Grand Slam,Outdoor,Hard,1st Round,5,Pouille L.,Ramos-Vinolas A.,Ramos-Vinolas A.,133,48,605,1400,2.3,1.61,1-6 7-5 7-5 5-7 4-6
US Open,8/31/2021,Grand Slam,Outdoor,Hard,1st Round,5,Harris L.,Khachanov K.,Harris L.,46,28,1443,2010,2.75,1.44,6-4 1-6 4-6 6-3 6-2
US Open,8/31/2021,Grand Slam,Outdoor,Hard,1st Round,5,Caruso S.,Nishikori K.,Nishikori K.,113,56,735,1208,6.5,1.11,1-6 1-6 7-5 3-6
US Open,8/31/2021,Grand Slam,Outdoor,Hard,1st Round,5,Escobedo E.,Cuevas P.,Escobedo E.,178,101,410,807,1.57,2.37,6-1 6-3 6-1
US Open,8/31/2021,Grand Slam,Outdoor,Hard,1st Round,5,Querrey S.,Zverev A.,Zverev A.,78,4,943,8240,13,1.04,4-6 5-7 2-6
US Open,8/31/2021,Grand Slam,Outdoor,Hard,1st Round,5,Hurkacz H.,Gerasimov E.,Hurkacz H.,13,82,3128,910,1.12,6,6-3 6-4 6-3
US Open,8/31/2021,Grand Slam,Outdoor,Hard,1st Round,5,Hanfmann Y.,Bublik A.,Bublik A.,134,37,594,1633,5,1.16,0-6 6-4 2-6 1-6
US Open,8/31/2021,Grand Slam,Outdoor,Hard,1st Round,5,Seppi A.,Fucsovics M.,Seppi A.,89,41,873,1549,5,1.16,2-6 7-5 6-4 2-6 7-6
US Open,8/31/2021,Grand Slam,Outdoor,Hard,1st Round,5,Sonego L.,Otte O.,Otte O.,23,144,2227,543,1.33,3.4,7-6 5-7 6-7 6-7
US Open,8/31/2021,Grand Slam,Outdoor,Hard,1st Round,5,Berrettini M.,Chardy J.,Berrettini M.,8,70,5533,994,1.1,7,7-6 7-6 6-3
US Open,8/31/2021,Grand Slam,Outdoor,Hard,1st Round,5,Carreno Busta P.,Cressy M.,Cressy M.,12,151,3325,504,1.1,7,7-5 6-4 1-6 4-6 6-7
US Open,8/31/2021,Grand Slam,Outdoor,Hard,1st Round,5,Sinner J.,Purcell M.,Sinner J.,16,191,2750,375,1.08,8,6-4 6-2 4-6 6-2
US Open,8/31/2021,Grand Slam,Outdoor,Hard,1st Round,5,Delbonis F.,Shapovalov D.,Shapovalov D.,47,10,1407,3580,7,1.1,2-6 2-6 3-6
US Open,8/31/2021,Grand Slam,Outdoor,Hard,1st Round,5,Thompson J.,Mager G.,Thompson J.,59,71,1090,990,1.33,3.4,4-6 6-3 7-5 2-6 7-6
US Open,8/31/2021,Grand Slam,Outdoor,Hard,1st Round,5,Paul T.,Carballes Baena R.,Carballes Baena R.,54,95,1243,819,1.16,5,6-7 2-6 6-1 3-6
US Open,8/31/2021,Grand Slam,Outdoor,Hard,1st Round,5,Moutet C.,Travaglia S.,Moutet C.,88,100,873,811,1.61,2.3,6-4 7-5 7-6
US Open,8/31/2021,Grand Slam,Outdoor,Hard,1st Round,5,Coria F.,Monfils G.,Monfils G.,62,20,1054,2503,6,1.12,3-6 2-6 2-6
US Open,8/31/2021,Grand Slam,Outdoor,Hard,1st Round,5,Griekspoor T.,Struff J.L.,Griekspoor T.,121,52,675,1275,3.5,1.3,2-6 7-6 4-6 6-4 7-5
US Open,8/31/2021,Grand Slam,Outdoor,Hard,1st Round,5,Nishioka Y.,Sock J.,Sock J.,69,184,1000,393,1.8,2,7-6 2-6 4-6 2-6
US Open,8/31/2021,Grand Slam,Outdoor,Hard,1st Round,5,Johnson S.,Marterer M.,Johnson S.,87,212,876,329,1.5,2.62,5-7 7-6 7-6 6-3
US Open,8/31/2021,Grand Slam,Outdoor,Hard,1st Round,5,Sandgren T.,Ivashka I.,Ivashka I.,91,53,833,1250,4,1.25,6-7 3-6 4-6
US Open,8/31/2021,Grand Slam,Outdoor,Hard,1st Round,5,Pospisil V.,Fognini F.,Pospisil V.,58,31,1125,1734,2.37,1.57,2-6 3-6 6-1 6-3 7-6
US Open,8/31/2021,Grand Slam,Outdoor,Hard,1st Round,5,Cecchinato M.,Svajda Z.,Svajda Z.,81,716,911,32,1.44,2.75,6-7 7-5 4-6 4-6
US Open,8/31/2021,Grand Slam,Outdoor,Hard,1st Round,5,Brooksby J.,Ymer M.,Brooksby J.,99,72,812,981,1.4,3,7-5 6-2 5-7 6-3
US Open,9/1/2021,Grand Slam,Outdoor,Hard,1st Round,5,Rune H.,Djokovic N.,Djokovic N.,145,1,541,11113,23,1.01,1-6 7-6 2-6 1-6
US Open,9/1/2021,Grand Slam,Outdoor,Hard,1st Round,5,Fritz T.,De Minaur A.,Fritz T.,42,17,1540,2555,2.37,1.57,7-6 6-2 1-6 6-4
US Open,9/1/2021,Grand Slam,Outdoor,Hard,2nd Round,5,Martinez P.,Rublev A.,Rublev A.,75,7,950,6400,13,1.04,6-7 7-6 1-6 1-6
US Open,9/1/2021,Grand Slam,Outdoor,Hard,2nd Round,5,Alcaraz C.,Rinderknech A.,Alcaraz C.,55,83,1209,907,1.33,3.4,7-6 4-6 6-1 6-4
US Open,9/1/2021,Grand Slam,Outdoor,Hard,2nd Round,5,Nakashima B.,Molcan A.,Molcan A.,84,138,893,579,1.3,3.5,3-6 6-3 6-1 2-6 4-6
US Open,9/1/2021,Grand Slam,Outdoor,Hard,2nd Round,5,Evans D.,Giron M.,Evans D.,27,64,2074,1037,1.8,2,6-4 7-6 2-6 6-3
US Open,9/1/2021,Grand Slam,Outdoor,Hard,2nd Round,5,Ruud C.,Van De Zandschulp B.,Van De Zandschulp B.,11,117,3455,698,1.08,8,6-3 4-6 3-6 4-6
US Open,9/1/2021,Grand Slam,Outdoor,Hard,2nd Round,5,Gojowczyk P.,Lajovic D.,Gojowczyk P.,141,40,563,1565,2.2,1.66,2-6 6-4 2-6 7-5 6-4
US Open,9/1/2021,Grand Slam,Outdoor,Hard,2nd Round,5,Garin C.,Laaksonen H.,Laaksonen H.,19,130,2510,613,1.57,2.37,6-3 6-7 2-6 4-6
US Open,9/1/2021,Grand Slam,Outdoor,Hard,2nd Round,5,Andujar P.,Kohlschreiber P.,Andujar P.,74,115,970,716,3.5,1.3,6-4 6-3 6-1
US Open,9/1/2021,Grand Slam,Outdoor,Hard,2nd Round,5,Trungelliti M.,Bagnis F.,Bagnis F.,198,80,361,913,2.1,1.72,6-7 6-4 3-6 3-6
US Open,9/1/2021,Grand Slam,Outdoor,Hard,2nd Round,5,Medvedev D.,Koepfer D.,Medvedev D.,2,57,9980,1175,1.02,17,6-4 6-1 6-2
US Open,9/1/2021,Grand Slam,Outdoor,Hard,2nd Round,5,Zapata Miralles B.,Auger-Aliassime F.,Auger-Aliassime F.,116,15,702,2828,6.5,1.11,6-7 3-6 2-6
US Open,9/1/2021,Grand Slam,Outdoor,Hard,2nd Round,5,Bautista Agut R.,Ruusuvuori E.,Bautista Agut R.,21,66,2405,1018,1.5,2.62,6-1 6-3 6-2
US Open,9/1/2021,Grand Slam,Outdoor,Hard,2nd Round,5,Pella G.,Tiafoe F.,Tiafoe F.,85,50,879,1312,3.2,1.36,1-6 2-6 5-7
US Open,9/2/2021,Grand Slam,Outdoor,Hard,2nd Round,5,Schwartzman D.,Anderson K.,Schwartzman D.,14,77,2980,948,1.44,2.75,7-6 6-3 6-4
US Open,9/2/2021,Grand Slam,Outdoor,Hard,2nd Round,5,Mannarino A.,Tsitsipas S.,Tsitsipas S.,44,3,1469,8350,11,1.05,3-6 4-6 7-6 0-6
US Open,9/2/2021,Grand Slam,Outdoor,Hard,2nd Round,5,Opelka R.,Musetti L.,Opelka R.,24,60,2206,1081,1.22,4.33,7-6 7-5 6-4
US Open,9/2/2021,Grand Slam,Outdoor,Hard,2nd Round,5,Thompson J.,Karatsev A.,Karatsev A.,59,25,1090,2109,3,1.4,6-3 6-3 5-7 6-7 1-6
US Open,9/2/2021,Grand Slam,Outdoor,Hard,2nd Round,5,Basilashvili N.,Cressy M.,Basilashvili N.,39,151,1578,504,1.44,2.75,7-6 6-3 7-5
US Open,9/2/2021,Grand Slam,Outdoor,Hard,2nd Round,5,Moutet C.,Berrettini M.,Berrettini M.,88,8,873,5533,6,1.12,6-7 6-4 4-6 3-6
US Open,9/2/2021,Grand Slam,Outdoor,Hard,2nd Round,5,Ivashka I.,Pospisil V.,Ivashka I.,53,58,1250,1125,1.22,4.33,6-3 6-4 7-6
US Open,9/2/2021,Grand Slam,Outdoor,Hard,2nd Round,5,Ramos-Vinolas A.,Zverev A.,Zverev A.,48,4,1400,8240,17,1.02,1-6 0-6 3-6
US Open,9/2/2021,Grand Slam,Outdoor,Hard,2nd Round,5,Seppi A.,Hurkacz H.,Seppi A.,89,13,873,3128,6.5,1.11,2-6 6-4 6-4 7-6
US Open,9/2/2021,Grand Slam,Outdoor,Hard,2nd Round,5,Kudla D.,Otte O.,Otte O.,92,144,833,543,1.57,2.37,4-6 4-6 2-6
US Open,9/2/2021,Grand Slam,Outdoor,Hard,2nd Round,5,Monfils G.,Johnson S.,Monfils G.,20,87,2503,876,1.36,3.2,7-5 4-6 6-4 6-4
US Open,9/2/2021,Grand Slam,Outdoor,Hard,2nd Round,5,Escobedo E.,Harris L.,Harris L.,178,46,410,1443,4,1.25,4-6 4-6 2-6
US Open,9/2/2021,Grand Slam,Outdoor,Hard,2nd Round,5,Nishikori K.,Mcdonald M.,Nishikori K.,56,61,1208,1070,1.57,2.37,7-6 6-3 6-7 2-6 6-3
US Open,9/2/2021,Grand Slam,Outdoor,Hard,2nd Round,5,Svajda Z.,Sinner J.,Sinner J.,716,16,32,2750,11,1.05,3-6 6-7 7-6 4-6
US Open,9/2/2021,Grand Slam,Outdoor,Hard,2nd Round,5,Sock J.,Bublik A.,Sock J.,184,37,393,1633,2.1,1.72,7-6 6-7 6-4 4-6 6-3
US Open,9/2/2021,Grand Slam,Outdoor,Hard,2nd Round,5,Fritz T.,Brooksby J.,Brooksby J.,42,99,1540,812,1.9,1.9,7-6 6-7 5-7 2-6
US Open,9/3/2021,Grand Slam,Outdoor,Hard,2nd Round,5,Djokovic N.,Griekspoor T.,Djokovic N.,1,121,11113,675,1.01,26,6-2 6-3 6-2
US Open,9/3/2021,Grand Slam,Outdoor,Hard,2nd Round,5,Carballes Baena R.,Shapovalov D.,Shapovalov D.,95,10,819,3580,8,1.08,6-7 3-6 0-6
US Open,9/3/2021,Grand Slam,Outdoor,Hard,3rd Round,5,Gojowczyk P.,Laaksonen H.,Gojowczyk P.,141,130,563,613,2.3,1.61,3-6 6-3 6-1 6-4
US Open,9/3/2021,Grand Slam,Outdoor,Hard,3rd Round,5,Popyrin A.,Evans D.,Evans D.,73,27,970,2074,2.1,1.72,6-4 6-3 3-6 4-6 6-7
US Open,9/3/2021,Grand Slam,Outdoor,Hard,3rd Round,5,Medvedev D.,Andujar P.,Medvedev D.,2,74,9980,970,1.01,23,6-0 6-4 6-3
US Open,9/3/2021,Grand Slam,Outdoor,Hard,3rd Round,5,Tsitsipas S.,Alcaraz C.,Alcaraz C.,3,55,8350,1209,1.2,4.5,3-6 6-4 6-7 6-0 6-7
US Open,9/3/2021,Grand Slam,Outdoor,Hard,3rd Round,5,Schwartzman D.,Molcan A.,Schwartzman D.,14,138,2980,579,1.2,4.5,6-4 6-3 6-3
US Open,9/3/2021,Grand Slam,Outdoor,Hard,3rd Round,5,Bagnis F.,Van De Zandschulp B.,Van De Zandschulp B.,80,117,913,698,3.2,1.36,6-3 0-6 2-6 2-6
US Open,9/4/2021,Grand Slam,Outdoor,Hard,3rd Round,5,Auger-Aliassime F.,Bautista Agut R.,Auger-Aliassime F.,15,21,2828,2405,2,1.8,6-3 6-4 4-6 3-6 6-3
US Open,9/4/2021,Grand Slam,Outdoor,Hard,3rd Round,5,Rublev A.,Tiafoe F.,Tiafoe F.,7,50,6400,1312,1.25,4,6-4 3-6 6-7 6-4 1-6
US Open,9/4/2021,Grand Slam,Outdoor,Hard,3rd Round,5,Berrettini M.,Ivashka I.,Berrettini M.,8,53,5533,1250,1.44,2.75,6-7 6-2 6-4 2-6 6-3
US Open,9/4/2021,Grand Slam,Outdoor,Hard,3rd Round,5,Seppi A.,Otte O.,Otte O.,89,144,873,543,2.1,1.72,3-6 4-6 6-2 5-7
US Open,9/4/2021,Grand Slam,Outdoor,Hard,3rd Round,5,Djokovic N.,Nishikori K.,Djokovic N.,1,56,11113,1208,1.03,15,6-7 6-3 6-3 6-2
US Open,9/4/2021,Grand Slam,Outdoor,Hard,3rd Round,5,Monfils G.,Sinner J.,Sinner J.,20,16,2503,2750,2.37,1.57,6-7 2-6 6-4 6-4 4-6
US Open,9/4/2021,Grand Slam,Outdoor,Hard,3rd Round,5,Brooksby J.,Karatsev A.,Brooksby J.,99,25,812,2109,1.72,2.1,6-2 3-6 2-6 6-3 6-3
US Open,9/5/2021,Grand Slam,Outdoor,Hard,3rd Round,5,Shapovalov D.,Harris L.,Harris L.,10,46,3580,1443,1.53,2.5,4-6 4-6 4-6
US Open,9/5/2021,Grand Slam,Outdoor,Hard,3rd Round,5,Opelka R.,Basilashvili N.,Opelka R.,24,39,2206,1578,1.53,2.5,7-6 6-3 6-4
US Open,9/5/2021,Grand Slam,Outdoor,Hard,4th Round,5,Schwartzman D.,Van De Zandschulp B.,Van De Zandschulp B.,14,117,2980,698,1.25,4,3-6 4-6 7-5 7-5 1-6
US Open,9/5/2021,Grand Slam,Outdoor,Hard,4th Round,5,Medvedev D.,Evans D.,Medvedev D.,2,27,9980,2074,1.03,15,6-3 6-4 6-3
US Open,9/5/2021,Grand Slam,Outdoor,Hard,4th Round,5,Gojowczyk P.,Alcaraz C.,Alcaraz C.,141,55,563,1209,4.33,1.22,7-5 1-6 7-5 2-6 0-6
US Open,9/6/2021,Grand Slam,Outdoor,Hard,4th Round,5,Auger-Aliassime F.,Tiafoe F.,Auger-Aliassime F.,15,50,2828,1312,1.57,2.37,4-6 6-2 7-6 6-4
US Open,9/6/2021,Grand Slam,Outdoor,Hard,4th Round,5,Sinner J.,Zverev A.,Zverev A.,16,4,2750,8240,5,1.16,4-6 4-6 6-7
US Open,9/6/2021,Grand Slam,Outdoor,Hard,4th Round,5,Harris L.,Opelka R.,Harris L.,46,24,1443,2206,1.8,2,6-7 6-4 6-1 6-3
US Open,9/6/2021,Grand Slam,Outdoor,Hard,4th Round,5,Otte O.,Berrettini M.,Berrettini M.,144,8,543,5533,6.5,1.11,4-6 6-3 3-6 2-6
US Open,9/7/2021,Grand Slam,Outdoor,Hard,4th Round,5,Djokovic N.,Brooksby J.,Djokovic N.,1,99,11113,812,1.03,15,1-6 6-3 6-2 6-2
US Open,9/7/2021,Grand Slam,Outdoor,Hard,Quarterfinals,5,Van De Zandschulp B.,Medvedev D.,Medvedev D.,117,2,698,9980,19,1.02,3-6 0-6 6-4 5-7
US Open,9/8/2021,Grand Slam,Outdoor,Hard,Quarterfinals,5,Zverev A.,Harris L.,Zverev A.,4,46,8240,1443,1.12,6,7-6 6-3 6-4
US Open,9/9/2021,Grand Slam,Outdoor,Hard,Quarterfinals,5,Berrettini M.,Djokovic N.,Djokovic N.,8,1,5533,11113,7,1.1,7-5 2-6 2-6 3-6
US Open,9/10/2021,Grand Slam,Outdoor,Hard,Semifinals,5,Medvedev D.,Auger-Aliassime F.,Medvedev D.,2,15,9980,2828,1.16,5,6-4 7-5 6-2
US Open,9/11/2021,Grand Slam,Outdoor,Hard,Semifinals,5,Zverev A.,Djokovic N.,Djokovic N.,4,1,8240,11113,3,1.4,6-4 2-6 4-6 6-4 2-6
US Open,9/12/2021,Grand Slam,Outdoor,Hard,The Final,5,Medvedev D.,Djokovic N.,Medvedev D.,2,1,9980,11113,3,1.4,6-4 6-4 6-4
BNP Paribas Open,10/7/2021,Masters 1000,Outdoor,Hard,1st Round,3,Kecmanovic M.,Popyrin A.,Popyrin A.,63,71,1025,965,2,1.8,3-6 6-7
BNP Paribas Open,10/7/2021,Masters 1000,Outdoor,Hard,1st Round,3,Altmaier D.,Querrey S.,Altmaier D.,114,89,707,853,2.2,1.66,6-2 6-4
BNP Paribas Open,10/7/2021,Masters 1000,Outdoor,Hard,1st Round,3,Munar J.,Taberner C.,Taberner C.,70,116,966,698,1.66,2.2,3-6 3-6
BNP Paribas Open,10/7/2021,Masters 1000,Outdoor,Hard,1st Round,3,Daniel T.,Kohlschreiber P.,Daniel T.,123,107,649,733,3.2,1.36,6-2 6-4
BNP Paribas Open,10/7/2021,Masters 1000,Outdoor,Hard,1st Round,3,Lopez F.,Paul T.,Paul T.,108,60,733,1058,4,1.25,3-6 6-7
BNP Paribas Open,10/7/2021,Masters 1000,Outdoor,Hard,1st Round,3,Mcdonald M.,Duckworth J.,Mcdonald M.,57,55,1105,1174,1.9,1.9,6-3 6-3
BNP Paribas Open,10/7/2021,Masters 1000,Outdoor,Hard,1st Round,3,Kwon S.W.,Pella G.,Pella G.,56,80,1117,914,1.5,2.62,6-1 3-6 4-6
BNP Paribas Open,10/7/2021,Masters 1000,Outdoor,Hard,1st Round,3,Sandgren T.,Monteiro T.,Sandgren T.,102,92,758,834,1.8,2,6-4 6-3
BNP Paribas Open,10/7/2021,Masters 1000,Outdoor,Hard,1st Round,3,Van De Zandschulp B.,Giron M.,Giron M.,66,59,1013,1077,1.8,2,7-6 2-6 4-6
BNP Paribas Open,10/7/2021,Masters 1000,Outdoor,Hard,1st Round,3,Cressy M.,Djere L.,Cressy M.,145,47,518,1342,1.9,1.9,6-7 6-1 7-5
BNP Paribas Open,10/7/2021,Masters 1000,Outdoor,Hard,1st Round,3,Sousa J.,Nishikori K.,Nishikori K.,182,53,395,1208,5.5,1.14,7-6 3-6 2-6
BNP Paribas Open,10/8/2021,Masters 1000,Outdoor,Hard,1st Round,3,Caruso S.,Svajda Z.,Caruso S.,135,434,548,90,1.8,2,6-3 6-1
BNP Paribas Open,10/8/2021,Masters 1000,Outdoor,Hard,1st Round,3,Olivo R.,Carballes Baena R.,Carballes Baena R.,199,85,336,877,3.2,1.36,5-7 5-7
BNP Paribas Open,10/8/2021,Masters 1000,Outdoor,Hard,1st Round,3,Tiafoe F.,Paire B.,Tiafoe F.,49,50,1312,1295,1.33,3.4,6-4 6-4
BNP Paribas Open,10/8/2021,Masters 1000,Outdoor,Hard,1st Round,3,Johnson S.,Davidovich Fokina A.,Davidovich Fokina A.,86,43,876,1420,2.2,1.66,7-6 3-6 5-7
BNP Paribas Open,10/8/2021,Masters 1000,Outdoor,Hard,1st Round,3,Pospisil V.,Wolf J.J.,Pospisil V.,68,187,1000,373,1.72,2.1,6-4 4-6 6-4
BNP Paribas Open,10/8/2021,Masters 1000,Outdoor,Hard,1st Round,3,Koepfer D.,Ruusuvuori E.,Ruusuvuori E.,65,78,1015,923,2.75,1.44,7-6 2-6 0-6
BNP Paribas Open,10/8/2021,Masters 1000,Outdoor,Hard,1st Round,3,Nishioka Y.,Delbonis F.,Nishioka Y.,75,44,946,1420,1.61,2.3,6-3 3-6 7-6
BNP Paribas Open,10/8/2021,Masters 1000,Outdoor,Hard,1st Round,3,Kudla D.,Tabilo A.,Tabilo A.,95,184,807,391,1.61,2.3,1-6 6-7
BNP Paribas Open,10/8/2021,Masters 1000,Outdoor,Hard,1st Round,3,Escobedo E.,Rune H.,Escobedo E.,178,124,410,645,2.75,1.44,6-4 6-1
BNP Paribas Open,10/8/2021,Masters 1000,Outdoor,Hard,1st Round,3,Thompson J.,Anderson K.,Anderson K.,76,69,930,989,2.37,1.57,5-7 2-6
BNP Paribas Open,10/8/2021,Masters 1000,Outdoor,Hard,1st Round,3,Struff J.L.,Galan D.E.,Struff J.L.,54,105,1208,735,1.4,3,7-6 6-3
BNP Paribas Open,10/8/2021,Masters 1000,Outdoor,Hard,1st Round,3,Musetti L.,Ramos-Vinolas A.,Ramos-Vinolas A.,62,48,1028,1324,1.8,2,1-6 3-6
BNP Paribas Open,10/8/2021,Masters 1000,Outdoor,Hard,1st Round,3,Brooksby J.,Ilkel C.,Brooksby J.,79,179,922,408,1.14,5.5,7-6 6-4
BNP Paribas Open,10/8/2021,Masters 1000,Outdoor,Hard,1st Round,3,Bagnis F.,Gomez E.,Gomez E.,74,174,952,417,2.3,1.61,3-6 1-6
BNP Paribas Open,10/9/2021,Masters 1000,Outdoor,Hard,1st Round,3,Vukic A.,Andujar P.,Vukic A.,202,96,331,805,1.61,2.3,7-5 6-4
BNP Paribas Open,10/9/2021,Masters 1000,Outdoor,Hard,1st Round,3,Coria F.,Nakashima B.,Nakashima B.,67,83,1010,895,5.5,1.14,3-6 2-6
BNP Paribas Open,10/9/2021,Masters 1000,Outdoor,Hard,1st Round,3,Martinez P.,Marcora R.,Martinez P.,61,208,1054,320,1.28,3.75,6-4 6-0
BNP Paribas Open,10/9/2021,Masters 1000,Outdoor,Hard,1st Round,3,Sock J.,Millman J.,Millman J.,162,58,438,1100,2,1.8,5-7 6-4 3-6
BNP Paribas Open,10/9/2021,Masters 1000,Outdoor,Hard,1st Round,3,Mager G.,Fucsovics M.,Mager G.,73,42,955,1459,3.2,1.36,1-6 6-3 6-2
BNP Paribas Open,10/9/2021,Masters 1000,Outdoor,Hard,1st Round,3,Mannarino A.,Murray A.,Murray A.,51,121,1287,661,4.5,1.2,3-6 2-6
BNP Paribas Open,10/9/2021,Masters 1000,Outdoor,Hard,1st Round,3,Eubanks C.,Gerasimov E.,Eubanks C.,194,101,354,761,1.8,2,6-3 6-3
BNP Paribas Open,10/9/2021,Masters 1000,Outdoor,Hard,2nd Round,3,Daniel T.,Opelka R.,Opelka R.,123,20,649,2161,3.75,1.28,5-7 3-6
BNP Paribas Open,10/9/2021,Masters 1000,Outdoor,Hard,2nd Round,3,Hurkacz H.,Popyrin A.,Hurkacz H.,12,71,3333,965,1.36,3.2,6-1 7-5
BNP Paribas Open,10/9/2021,Masters 1000,Outdoor,Hard,2nd Round,3,Cressy M.,Schwartzman D.,Schwartzman D.,145,15,518,2800,3.5,1.3,2-6 6-3 5-7
BNP Paribas Open,10/9/2021,Masters 1000,Outdoor,Hard,2nd Round,3,Evans D.,Nishikori K.,Evans D.,22,53,2122,1208,2.2,1.66,4-6 6-3 6-4
BNP Paribas Open,10/9/2021,Masters 1000,Outdoor,Hard,2nd Round,3,Pella G.,Bautista Agut R.,Bautista Agut R.,80,19,914,2360,4,1.25,5-7 3-6
BNP Paribas Open,10/9/2021,Masters 1000,Outdoor,Hard,2nd Round,3,Tiafoe F.,Korda S.,Tiafoe F.,49,40,1312,1469,2.1,1.72,6-0 6-4
BNP Paribas Open,10/9/2021,Masters 1000,Outdoor,Hard,2nd Round,3,Carballes Baena R.,Ruud C.,Ruud C.,85,10,877,3615,8,1.08,1-6 2-6
BNP Paribas Open,10/9/2021,Masters 1000,Outdoor,Hard,2nd Round,3,Norrie C.,Sandgren T.,Norrie C.,26,102,2015,758,1.16,5,6-4 5-7 6-0
BNP Paribas Open,10/9/2021,Masters 1000,Outdoor,Hard,2nd Round,3,Altmaier D.,Dimitrov G.,Dimitrov G.,114,28,707,1881,3.4,1.33,4-6 2-6
BNP Paribas Open,10/10/2021,Masters 1000,Outdoor,Hard,2nd Round,3,Medvedev D.,Mcdonald M.,Medvedev D.,2,57,10575,1105,1.06,10,6-4 6-2
BNP Paribas Open,10/10/2021,Masters 1000,Outdoor,Hard,2nd Round,3,Lajovic D.,Paul T.,Paul T.,35,60,1565,1058,2.37,1.57,2-6 3-6
BNP Paribas Open,10/10/2021,Masters 1000,Outdoor,Hard,2nd Round,3,Karatsev A.,Caruso S.,Karatsev A.,23,135,2109,548,1.28,3.75,6-0 6-2
BNP Paribas Open,10/10/2021,Masters 1000,Outdoor,Hard,2nd Round,3,Davidovich Fokina A.,Harris L.,Harris L.,43,31,1420,1652,2.75,1.44,3-6 3-6
BNP Paribas Open,10/10/2021,Masters 1000,Outdoor,Hard,2nd Round,3,Krajinovic F.,Giron M.,Krajinovic F.,34,59,1589,1077,1.9,1.9,7-6 7-5
BNP Paribas Open,10/10/2021,Masters 1000,Outdoor,Hard,2nd Round,3,Taberner C.,Rublev A.,Rublev A.,116,5,698,6130,9,1.07,3-6 4-6
BNP Paribas Open,10/10/2021,Masters 1000,Outdoor,Hard,2nd Round,3,Berrettini M.,Tabilo A.,Berrettini M.,7,184,5173,391,1.1,7,6-4 7-5
BNP Paribas Open,10/10/2021,Masters 1000,Outdoor,Hard,2nd Round,3,Mager G.,Monfils G.,Monfils G.,73,18,955,2418,4.33,1.22,4-6 2-6
BNP Paribas Open,10/10/2021,Masters 1000,Outdoor,Hard,2nd Round,3,Sinner J.,Millman J.,Sinner J.,14,58,3100,1100,1.2,4.5,6-2 6-2
BNP Paribas Open,10/10/2021,Masters 1000,Outdoor,Hard,2nd Round,3,Sonego L.,Anderson K.,Anderson K.,21,69,2122,989,1.8,2,6-7 6-7
BNP Paribas Open,10/10/2021,Masters 1000,Outdoor,Hard,2nd Round,3,Fognini F.,Struff J.L.,Fognini F.,30,54,1664,1208,1.8,2,6-4 4-6 6-3
BNP Paribas Open,10/10/2021,Masters 1000,Outdoor,Hard,2nd Round,3,Nakashima B.,Fritz T.,Fritz T.,83,39,895,1495,1.61,2.3,3-6 4-6
BNP Paribas Open,10/10/2021,Masters 1000,Outdoor,Hard,2nd Round,3,Murray A.,Alcaraz C.,Murray A.,121,38,661,1499,2,1.8,5-7 6-3 6-2
BNP Paribas Open,10/10/2021,Masters 1000,Outdoor,Hard,2nd Round,3,Escobedo E.,Garin C.,Garin C.,178,17,410,2510,2,1.8,5-7 2-6
BNP Paribas Open,10/10/2021,Masters 1000,Outdoor,Hard,2nd Round,3,Ramos-Vinolas A.,Auger-Aliassime F.,Ramos-Vinolas A.,48,11,1324,3368,4.5,1.2,6-4 6-2
BNP Paribas Open,10/10/2021,Masters 1000,Outdoor,Hard,2nd Round,3,Gomez E.,Carreno Busta P.,Carreno Busta P.,174,16,417,2550,6,1.12,1-6 4-6
BNP Paribas Open,10/10/2021,Masters 1000,Outdoor,Hard,2nd Round,3,Zverev A.,Brooksby J.,Zverev A.,4,79,7603,922,1.2,4.5,6-4 3-6 6-1
BNP Paribas Open,10/10/2021,Masters 1000,Outdoor,Hard,2nd Round,3,Vukic A.,De Minaur A.,De Minaur A.,202,27,331,1991,2.75,1.44,4-6 5-7
BNP Paribas Open,10/11/2021,Masters 1000,Outdoor,Hard,2nd Round,3,Khachanov K.,Ruusuvuori E.,Khachanov K.,29,78,1830,923,1.61,2.3,6-2 7-5
BNP Paribas Open,10/11/2021,Masters 1000,Outdoor,Hard,2nd Round,3,Martinez P.,Tsitsipas S.,Tsitsipas S.,61,3,1054,8175,8,1.08,2-6 4-6
BNP Paribas Open,10/11/2021,Masters 1000,Outdoor,Hard,2nd Round,3,Basilashvili N.,Eubanks C.,Basilashvili N.,36,194,1556,354,1.57,2.37,6-4 6-3
BNP Paribas Open,10/11/2021,Masters 1000,Outdoor,Hard,2nd Round,3,Nishioka Y.,Isner J.,Isner J.,75,24,946,2091,3.5,1.3,3-6 4-6
BNP Paribas Open,10/11/2021,Masters 1000,Outdoor,Hard,3rd Round,3,Schwartzman D.,Evans D.,Schwartzman D.,15,22,2800,2122,1.57,2.37,5-7 6-4 6-0
BNP Paribas Open,10/11/2021,Masters 1000,Outdoor,Hard,3rd Round,3,Harris L.,Ruud C.,Ruud C.,31,10,1652,3615,3.2,1.36,7-6 4-6 4-6
BNP Paribas Open,10/11/2021,Masters 1000,Outdoor,Hard,3rd Round,3,Dimitrov G.,Opelka R.,Dimitrov G.,28,20,1881,2161,2,1.8,6-3 6-4
BNP Paribas Open,10/11/2021,Masters 1000,Outdoor,Hard,3rd Round,3,Shapovalov D.,Karatsev A.,Karatsev A.,13,23,3265,2109,1.66,2.2,5-7 2-6
BNP Paribas Open,10/12/2021,Masters 1000,Outdoor,Hard,3rd Round,3,Hurkacz H.,Tiafoe F.,Hurkacz H.,12,49,3333,1312,1.53,2.5,6-3 6-2
BNP Paribas Open,10/12/2021,Masters 1000,Outdoor,Hard,3rd Round,3,Rublev A.,Paul T.,Paul T.,5,60,6130,1058,1.2,4.5,4-6 6-3 5-7
BNP Paribas Open,10/12/2021,Masters 1000,Outdoor,Hard,3rd Round,3,Norrie C.,Bautista Agut R.,Norrie C.,26,19,2015,2360,1.8,2,6-4 5-7 6-3
BNP Paribas Open,10/12/2021,Masters 1000,Outdoor,Hard,3rd Round,3,Krajinovic F.,Medvedev D.,Medvedev D.,34,2,1589,10575,8,1.08,2-6 6-7
BNP Paribas Open,10/12/2021,Masters 1000,Outdoor,Hard,3rd Round,3,Fritz T.,Berrettini M.,Fritz T.,39,7,1495,5173,3,1.4,6-4 6-3
BNP Paribas Open,10/12/2021,Masters 1000,Outdoor,Hard,3rd Round,3,Carreno Busta P.,Khachanov K.,Khachanov K.,16,29,2550,1830,1.72,2.1,0-6 4-6
BNP Paribas Open,10/12/2021,Masters 1000,Outdoor,Hard,3rd Round,3,Basilashvili N.,Ramos-Vinolas A.,Basilashvili N.,36,48,1556,1324,1.66,2.2,4-6 7-6 6-2
BNP Paribas Open,10/12/2021,Masters 1000,Outdoor,Hard,3rd Round,3,Murray A.,Zverev A.,Zverev A.,121,4,661,7603,5,1.16,4-6 6-7
BNP Paribas Open,10/13/2021,Masters 1000,Outdoor,Hard,3rd Round,3,Monfils G.,Anderson K.,Monfils G.,18,69,2418,989,1.4,3,7-5 6-2
BNP Paribas Open,10/13/2021,Masters 1000,Outdoor,Hard,3rd Round,3,Fognini F.,Tsitsipas S.,Tsitsipas S.,30,3,1664,8175,5.5,1.14,6-2 3-6 4-6
BNP Paribas Open,10/13/2021,Masters 1000,Outdoor,Hard,3rd Round,3,De Minaur A.,Garin C.,De Minaur A.,27,17,1991,2510,1.66,2.2,6-4 6-2
BNP Paribas Open,10/13/2021,Masters 1000,Outdoor,Hard,4th Round,3,Ruud C.,Schwartzman D.,Schwartzman D.,10,15,3615,2800,1.4,3,3-6 3-6
BNP Paribas Open,10/13/2021,Masters 1000,Outdoor,Hard,4th Round,3,Hurkacz H.,Karatsev A.,Hurkacz H.,12,23,3333,2109,1.57,2.37,6-1 6-3
BNP Paribas Open,10/13/2021,Masters 1000,Outdoor,Hard,4th Round,3,Paul T.,Norrie C.,Norrie C.,60,26,1058,2015,2.62,1.5,4-6 6-4 2-6
BNP Paribas Open,10/13/2021,Masters 1000,Outdoor,Hard,4th Round,3,Dimitrov G.,Medvedev D.,Dimitrov G.,28,2,1881,10575,6,1.12,4-6 6-4 6-3
BNP Paribas Open,10/13/2021,Masters 1000,Outdoor,Hard,4th Round,3,Khachanov K.,Basilashvili N.,Basilashvili N.,29,36,1830,1556,1.33,3.4,4-6 6-7
BNP Paribas Open,10/13/2021,Masters 1000,Outdoor,Hard,4th Round,3,Fritz T.,Sinner J.,Fritz T.,39,14,1495,3100,2.75,1.44,6-4 6-3
BNP Paribas Open,10/14/2021,Masters 1000,Outdoor,Hard,4th Round,3,De Minaur A.,Tsitsipas S.,Tsitsipas S.,27,3,1991,8175,4.5,1.2,7-6 6-7 2-6
BNP Paribas Open,10/14/2021,Masters 1000,Outdoor,Hard,4th Round,3,Zverev A.,Monfils G.,Zverev A.,4,18,7603,2418,1.2,4.5,6-1 6-3
BNP Paribas Open,10/14/2021,Masters 1000,Outdoor,Hard,Quarterfinals,3,Schwartzman D.,Norrie C.,Norrie C.,15,26,2800,2015,1.72,2.1,0-6 2-6
BNP Paribas Open,10/14/2021,Masters 1000,Outdoor,Hard,Quarterfinals,3,Dimitrov G.,Hurkacz H.,Dimitrov G.,28,12,1881,3333,2.37,1.57,3-6 6-4 7-6
BNP Paribas Open,10/15/2021,Masters 1000,Outdoor,Hard,Quarterfinals,3,Tsitsipas S.,Basilashvili N.,Basilashvili N.,3,36,8175,1556,1.28,3.75,4-6 6-2 4-6
BNP Paribas Open,10/15/2021,Masters 1000,Outdoor,Hard,Quarterfinals,3,Fritz T.,Zverev A.,Fritz T.,39,4,1495,7603,5,1.16,4-6 6-3 7-6
BNP Paribas Open,10/16/2021,Masters 1000,Outdoor,Hard,Semifinals,3,Dimitrov G.,Norrie C.,Norrie C.,28,26,1881,2015,1.9,1.9,2-6 4-6
BNP Paribas Open,10/16/2021,Masters 1000,Outdoor,Hard,Semifinals,3,Basilashvili N.,Fritz T.,Basilashvili N.,36,39,1556,1495,2.3,1.61,7-6 6-3
BNP Paribas Open,10/18/2021,Masters 1000,Outdoor,Hard,The Final,3,Basilashvili N.,Norrie C.,Norrie C.,36,26,1556,2015,2.37,1.57,6-3 4-6 1-6
BNP Paribas Masters,11/1/2021,Masters 1000,Indoor,Hard,1st Round,3,Ramos-Vinolas A.,Ivashka I.,Ivashka I.,44,46,1294,1253,4,1.25,3-6 6-7
BNP Paribas Masters,11/1/2021,Masters 1000,Indoor,Hard,1st Round,3,Lajovic D.,Mcdonald M.,Lajovic D.,34,54,1566,1089,2.75,1.44,6-3 6-4
BNP Paribas Masters,11/1/2021,Masters 1000,Indoor,Hard,1st Round,3,Fognini F.,Fucsovics M.,Fucsovics M.,37,40,1484,1439,2.37,1.57,1-6 7-6 6-7
BNP Paribas Masters,11/1/2021,Masters 1000,Indoor,Hard,1st Round,3,Korda S.,Karatsev A.,Korda S.,39,16,1474,2392,2.37,1.57,6-2 6-7 7-6
BNP Paribas Masters,11/1/2021,Masters 1000,Indoor,Hard,1st Round,3,Delbonis F.,Norrie C.,Norrie C.,43,13,1370,2900,8,1.08,2-6 1-6
BNP Paribas Masters,11/1/2021,Masters 1000,Indoor,Hard,1st Round,3,Bublik A.,Evans D.,Bublik A.,36,24,1516,1917,2.2,1.66,2-6 7-5 7-5
BNP Paribas Masters,11/1/2021,Masters 1000,Indoor,Hard,1st Round,3,Basilashvili N.,Mannarino A.,Mannarino A.,21,59,2101,1004,1.44,2.75,2-6 4-6
BNP Paribas Masters,11/1/2021,Masters 1000,Indoor,Hard,1st Round,3,Gaston H.,Rinderknech A.,Gaston H.,103,62,722,1000,2.3,1.61,4-6 6-4 6-3
BNP Paribas Masters,11/1/2021,Masters 1000,Indoor,Hard,1st Round,3,Murray A.,Koepfer D.,Koepfer D.,144,58,476,1015,1.25,4,4-6 7-5 6-7
BNP Paribas Masters,11/1/2021,Masters 1000,Indoor,Hard,1st Round,3,Musetti L.,Djere L.,Musetti L.,67,51,958,1137,1.61,2.3,4-6 7-6 6-4
BNP Paribas Masters,11/1/2021,Masters 1000,Indoor,Hard,1st Round,3,Paire B.,Carreno Busta P.,Carreno Busta P.,47,17,1245,2365,4,1.25,3-6 4-6
BNP Paribas Masters,11/2/2021,Masters 1000,Indoor,Hard,1st Round,3,Auger-Aliassime F.,Mager G.,Auger-Aliassime F.,11,66,3263,959,1.14,5.5,4-6 6-4 6-1
BNP Paribas Masters,11/2/2021,Masters 1000,Indoor,Hard,1st Round,3,Struff J.L.,Paul T.,Paul T.,50,53,1156,1103,2.1,1.72,3-6 4-6
BNP Paribas Masters,11/2/2021,Masters 1000,Indoor,Hard,1st Round,3,Duckworth J.,Bautista Agut R.,Duckworth J.,55,20,1076,2260,3.5,1.3,6-4 5-7 7-6
BNP Paribas Masters,11/2/2021,Masters 1000,Indoor,Hard,1st Round,3,Krajinovic F.,Opelka R.,Opelka R.,42,25,1402,1891,1.9,1.9,3-6 6-7
BNP Paribas Masters,11/2/2021,Masters 1000,Indoor,Hard,1st Round,3,Alcaraz C.,Herbert P.H.,Alcaraz C.,35,99,1529,748,1.25,4,6-7 7-6 7-5
BNP Paribas Masters,11/2/2021,Masters 1000,Indoor,Hard,1st Round,3,Ymer M.,Khachanov K.,Khachanov K.,97,31,757,1706,3.75,1.28,4-6 5-7
BNP Paribas Masters,11/2/2021,Masters 1000,Indoor,Hard,1st Round,3,Fritz T.,Sonego L.,Fritz T.,26,27,1890,1860,1.61,2.3,3-6 6-2 6-3
BNP Paribas Masters,11/2/2021,Masters 1000,Indoor,Hard,1st Round,3,Millman J.,Schwartzman D.,Schwartzman D.,73,15,900,2760,3.75,1.28,6-7 7-5 2-6
BNP Paribas Masters,11/2/2021,Masters 1000,Indoor,Hard,1st Round,3,Popyrin A.,De Minaur A.,Popyrin A.,71,32,912,1676,2.64,1.54,6-0 6-3
BNP Paribas Masters,11/2/2021,Masters 1000,Indoor,Hard,1st Round,3,Gasquet R.,Dimitrov G.,Dimitrov G.,74,30,899,1721,3.75,1.28,1-6 6-4 2-6
BNP Paribas Masters,11/2/2021,Masters 1000,Indoor,Hard,1st Round,3,Monfils G.,Kecmanovic M.,Monfils G.,22,69,2078,926,1.33,3.4,4-6 7-5 6-3
BNP Paribas Masters,11/2/2021,Masters 1000,Indoor,Hard,1st Round,3,Davidovich Fokina A.,Cilic M.,Cilic M.,45,28,1255,1755,2.5,1.53,3-6 4-6
BNP Paribas Masters,11/2/2021,Masters 1000,Indoor,Hard,1st Round,3,Giron M.,Tiafoe F.,Giron M.,57,41,1034,1422,2.62,1.5,6-7 6-4 6-3
BNP Paribas Masters,11/2/2021,Masters 1000,Indoor,Hard,2nd Round,3,Fucsovics M.,Djokovic N.,Djokovic N.,40,1,1439,10340,8,1.08,2-6 6-4 3-6
BNP Paribas Masters,11/2/2021,Masters 1000,Indoor,Hard,2nd Round,3,Ruud C.,Bublik A.,Ruud C.,8,36,3670,1516,1.3,3.5,6-4 6-0
BNP Paribas Masters,11/3/2021,Masters 1000,Indoor,Hard,2nd Round,3,Musetti L.,Duckworth J.,Duckworth J.,67,55,958,1076,2.36,1.67,3-6 6-3 3-6
BNP Paribas Masters,11/3/2021,Masters 1000,Indoor,Hard,2nd Round,3,Koepfer D.,Auger-Aliassime F.,Koepfer D.,58,11,1015,3263,5.74,1.18,6-3 7-5
BNP Paribas Masters,11/3/2021,Masters 1000,Indoor,Hard,2nd Round,3,Carreno Busta P.,Gaston H.,Gaston H.,17,103,2365,722,1.25,4,7-6 4-6 5-7
BNP Paribas Masters,11/3/2021,Masters 1000,Indoor,Hard,2nd Round,3,Fritz T.,Rublev A.,Fritz T.,26,6,1890,5150,2.92,1.47,7-5 7-6
BNP Paribas Masters,11/3/2021,Masters 1000,Indoor,Hard,2nd Round,3,Paul T.,Hurkacz H.,Hurkacz H.,53,10,1103,3366,3.04,1.44,5-7 6-7
BNP Paribas Masters,11/3/2021,Masters 1000,Indoor,Hard,2nd Round,3,Dimitrov G.,Khachanov K.,Dimitrov G.,30,31,1721,1706,1.83,2.1,4-6 6-2 6-0
BNP Paribas Masters,11/3/2021,Masters 1000,Indoor,Hard,2nd Round,3,Opelka R.,Norrie C.,Norrie C.,25,13,1891,2900,3.05,1.44,3-6 4-6
BNP Paribas Masters,11/3/2021,Masters 1000,Indoor,Hard,2nd Round,3,Alcaraz C.,Sinner J.,Alcaraz C.,35,9,1529,3395,3.17,1.41,7-6 7-5
BNP Paribas Masters,11/3/2021,Masters 1000,Indoor,Hard,2nd Round,3,Mannarino A.,Monfils G.,Monfils G.,59,22,1004,2078,3.93,1.3,6-2 6-7 2-6
BNP Paribas Masters,11/3/2021,Masters 1000,Indoor,Hard,2nd Round,3,Giron M.,Schwartzman D.,Giron M.,57,15,1034,2760,3.32,1.38,7-6 7-6
BNP Paribas Masters,11/3/2021,Masters 1000,Indoor,Hard,2nd Round,3,Lajovic D.,Zverev A.,Zverev A.,34,4,1566,7180,8,1.08,3-6 6-7
BNP Paribas Masters,11/3/2021,Masters 1000,Indoor,Hard,2nd Round,3,Korda S.,Cilic M.,Korda S.,39,28,1474,1755,2.05,1.86,6-2 6-4
BNP Paribas Masters,11/3/2021,Masters 1000,Indoor,Hard,2nd Round,3,Ivashka I.,Medvedev D.,Medvedev D.,46,2,1253,9540,6,1.12,5-7 4-6
BNP Paribas Masters,11/4/2021,Masters 1000,Indoor,Hard,3rd Round,3,Hurkacz H.,Koepfer D.,Hurkacz H.,10,58,3366,1015,1.22,4.33,4-6 7-5 6-2
BNP Paribas Masters,11/4/2021,Masters 1000,Indoor,Hard,3rd Round,3,Popyrin A.,Duckworth J.,Duckworth J.,71,55,912,1076,1.57,2.37,6-7 4-6
BNP Paribas Masters,11/4/2021,Masters 1000,Indoor,Hard,3rd Round,3,Fritz T.,Norrie C.,Fritz T.,26,13,1890,2900,2.5,1.53,6-3 7-6
BNP Paribas Masters,11/4/2021,Masters 1000,Indoor,Hard,3rd Round,3,Dimitrov G.,Zverev A.,Zverev A.,30,4,1721,7180,3.4,1.33,6-7 7-6 3-6
BNP Paribas Masters,11/4/2021,Masters 1000,Indoor,Hard,3rd Round,3,Ruud C.,Giron M.,Ruud C.,8,57,3670,1034,1.33,3.4,6-2 6-1
BNP Paribas Masters,11/4/2021,Masters 1000,Indoor,Hard,3rd Round,3,Korda S.,Medvedev D.,Medvedev D.,39,2,1474,9540,5,1.16,6-4 1-6 3-6
BNP Paribas Masters,11/4/2021,Masters 1000,Indoor,Hard,3rd Round,3,Gaston H.,Alcaraz C.,Gaston H.,103,35,722,1529,5,1.16,6-4 7-5
BNP Paribas Masters,11/5/2021,Masters 1000,Indoor,Hard,Quarterfinals,3,Duckworth J.,Hurkacz H.,Hurkacz H.,55,10,1076,3366,3.2,1.36,2-6 7-6 5-7
BNP Paribas Masters,11/5/2021,Masters 1000,Indoor,Hard,Quarterfinals,3,Djokovic N.,Fritz T.,Djokovic N.,1,26,10340,1890,1.22,4.33,6-4 6-3
BNP Paribas Masters,11/5/2021,Masters 1000,Indoor,Hard,Quarterfinals,3,Gaston H.,Medvedev D.,Medvedev D.,103,2,722,9540,7,1.1,6-7 4-6
BNP Paribas Masters,11/5/2021,Masters 1000,Indoor,Hard,Quarterfinals,3,Zverev A.,Ruud C.,Zverev A.,4,8,7180,3670,1.4,3,7-5 6-4
BNP Paribas Masters,11/6/2021,Masters 1000,Indoor,Hard,Semifinals,3,Hurkacz H.,Djokovic N.,Djokovic N.,10,1,3366,10340,5,1.16,6-3 0-6 6-7
BNP Paribas Masters,11/6/2021,Masters 1000,Indoor,Hard,Semifinals,3,Medvedev D.,Zverev A.,Medvedev D.,2,4,9540,7180,1.72,2.1,6-2 6-2
BNP Paribas Masters,11/7/2021,Masters 1000,Indoor,Hard,The Final,3,Medvedev D.,Djokovic N.,Djokovic N.,2,1,9540,10340,1.8,2,5-4 6-4 3-6 3-6
Australian Open,1/17/2022,Grand Slam,Outdoor,Hard,1st Round,5,Djere L.,Shapovalov D.,Shapovalov D.,51,14,1156,2593,7,1.1,6-7 4-6 6-3 6-7
Australian Open,1/17/2022,Grand Slam,Outdoor,Hard,1st Round,5,Kwon S.W.,Rune H.,Kwon S.W.,54,99,1085,742,1.66,2.2,3-6 6-4 3-6 6-3 6-2
Australian Open,1/17/2022,Grand Slam,Outdoor,Hard,1st Round,5,Fucsovics M.,Lajovic D.,Lajovic D.,35,39,1457,1346,1.36,3.2,3-6 6-4 1-6 7-6 1-6
Australian Open,1/17/2022,Grand Slam,Outdoor,Hard,1st Round,5,Vukic A.,Harris L.,Vukic A.,144,33,477,1473,3.5,1.3,4-6 6-3 7-5 7-6
Australian Open,1/17/2022,Grand Slam,Outdoor,Hard,1st Round,5,Bagnis F.,Garin C.,Garin C.,72,19,868,2375,2.62,1.5,3-6 4-6 7-5 7-6 3-6
Australian Open,1/17/2022,Grand Slam,Outdoor,Hard,1st Round,5,Martinez P.,Delbonis F.,Martinez P.,61,38,1001,1347,1.3,3.5,7-6 3-6 6-4 6-2
Australian Open,1/17/2022,Grand Slam,Outdoor,Hard,1st Round,5,Gojowczyk P.,Bonzi B.,Bonzi B.,82,63,802,979,3.2,1.36,3-6 3-6 3-6
Australian Open,1/17/2022,Grand Slam,Outdoor,Hard,1st Round,5,Albot R.,Nishioka Y.,Albot R.,124,119,587,610,2,1.8,6-3 6-4 4-6 6-2
Australian Open,1/17/2022,Grand Slam,Outdoor,Hard,1st Round,5,Tabilo A.,Alcaraz C.,Alcaraz C.,135,31,518,1609,5,1.16,2-6 2-6 3-6
Australian Open,1/17/2022,Grand Slam,Outdoor,Hard,1st Round,5,Kozlov S.,Vesely J.,Kozlov S.,169,78,401,824,2.62,1.5,7-5 6-3 6-4
Australian Open,1/17/2022,Grand Slam,Outdoor,Hard,1st Round,5,Coria F.,Monfils G.,Monfils G.,64,20,976,2373,13,1.04,1-6 1-6 3-6
Australian Open,1/17/2022,Grand Slam,Outdoor,Hard,1st Round,5,Berrettini M.,Nakashima B.,Berrettini M.,7,68,4568,917,1.3,3.5,4-6 6-2 7-6 6-3
Australian Open,1/17/2022,Grand Slam,Outdoor,Hard,1st Round,5,Kudla D.,Khachanov K.,Khachanov K.,105,30,714,1748,6,1.12,6-3 3-6 2-6 6-7
Australian Open,1/17/2022,Grand Slam,Outdoor,Hard,1st Round,5,Mannarino A.,Duckworth J.,Mannarino A.,69,49,879,1166,2.37,1.57,6-4 2-6 3-6 6-2 6-1
Australian Open,1/17/2022,Grand Slam,Outdoor,Hard,1st Round,5,Etcheverry T.,Carreno Busta P.,Carreno Busta P.,131,21,556,2305,10,1.06,1-6 2-6 6-7
Australian Open,1/17/2022,Grand Slam,Outdoor,Hard,1st Round,5,Bublik A.,Escobedo E.,Bublik A.,37,141,1411,497,1.72,2.1,3-6 7-6 6-3 6-3
Australian Open,1/17/2022,Grand Slam,Outdoor,Hard,1st Round,5,Giron M.,Nadal R.,Nadal R.,66,5,920,4875,11,1.05,1-6 4-6 2-6
Australian Open,1/17/2022,Grand Slam,Outdoor,Hard,1st Round,5,Korda S.,Norrie C.,Korda S.,43,12,1286,2900,2.37,1.57,6-3 6-0 6-4
Australian Open,1/17/2022,Grand Slam,Outdoor,Hard,1st Round,5,Gerasimov E.,Hurkacz H.,Hurkacz H.,106,11,714,3336,6.5,1.11,2-6 6-7 7-6 3-6
Australian Open,1/17/2022,Grand Slam,Outdoor,Hard,1st Round,5,Koepfer D.,Taberner C.,Koepfer D.,53,108,1096,707,1.3,3.5,6-1 3-6 6-4 6-1
Australian Open,1/17/2022,Grand Slam,Outdoor,Hard,1st Round,5,Pouille L.,Moutet C.,Moutet C.,160,100,440,737,4,1.25,6-3 3-6 4-6 3-6
Australian Open,1/17/2022,Grand Slam,Outdoor,Hard,1st Round,5,Griekspoor T.,Fognini F.,Griekspoor T.,62,32,1001,1494,2.2,1.66,6-1 6-4 6-4
Australian Open,1/17/2022,Grand Slam,Outdoor,Hard,1st Round,5,Milojevic N.,Mcdonald M.,Mcdonald M.,139,55,506,1084,5,1.16,7-5 4-6 3-6 2-6
Australian Open,1/17/2022,Grand Slam,Outdoor,Hard,1st Round,5,Kecmanovic M.,Caruso S.,Kecmanovic M.,77,146,836,458,1.33,3.4,6-4 6-2 6-1
Australian Open,1/17/2022,Grand Slam,Outdoor,Hard,1st Round,5,Querrey S.,Sonego L.,Sonego L.,110,26,685,1860,4.5,1.2,5-7 3-6 3-6
Australian Open,1/17/2022,Grand Slam,Outdoor,Hard,1st Round,5,Hanfmann Y.,Kokkinakis T.,Hanfmann Y.,126,103,583,726,3.75,1.28,6-2 6-3 6-2
Australian Open,1/17/2022,Grand Slam,Outdoor,Hard,1st Round,5,Anderson K.,Opelka R.,Opelka R.,97,29,744,1776,3,1.4,3-6 4-6 6-7
Australian Open,1/17/2022,Grand Slam,Outdoor,Hard,1st Round,5,Millman J.,Lopez F.,Millman J.,89,109,788,696,1.44,2.75,6-1 6-3 4-6 7-5
Australian Open,1/17/2022,Grand Slam,Outdoor,Hard,1st Round,5,Tseng C.H.,Otte O.,Otte O.,190,96,348,748,3.75,1.28,4-6 3-6 2-6
Australian Open,1/17/2022,Grand Slam,Outdoor,Hard,1st Round,5,Karatsev A.,Munar J.,Karatsev A.,15,71,2553,875,1.16,5,3-6 7-6 6-7 6-4 6-4
Australian Open,1/17/2022,Grand Slam,Outdoor,Hard,1st Round,5,Kukushkin M.,Paul T.,Paul T.,180,41,362,1317,4.33,1.22,3-6 4-6 2-6
Australian Open,1/17/2022,Grand Slam,Outdoor,Hard,1st Round,5,Zverev A.,Altmaier D.,Zverev A.,3,87,7970,792,1.03,15,7-6 6-1 7-6
Australian Open,1/18/2022,Grand Slam,Outdoor,Hard,1st Round,5,Krajinovic F.,Schwartzman D.,Schwartzman D.,36,13,1427,2730,4,1.25,3-6 4-6 5-7
Australian Open,1/18/2022,Grand Slam,Outdoor,Hard,1st Round,5,Van De Zandschulp B.,Struff J.L.,Van De Zandschulp B.,57,52,1069,1149,1.5,2.62,6-4 6-3 6-2
Australian Open,1/18/2022,Grand Slam,Outdoor,Hard,1st Round,5,Humbert U.,Gasquet R.,Gasquet R.,40,81,1318,807,1.2,4.5,6-3 6-7 6-7 3-6
Australian Open,1/18/2022,Grand Slam,Outdoor,Hard,1st Round,5,O Connell C.,Gaston H.,O Connell C.,175,67,383,919,1.8,2,7-6 6-0 4-6 6-1
Australian Open,1/18/2022,Grand Slam,Outdoor,Hard,1st Round,5,Skatov T.,Gombos N.,Gombos N.,253,117,240,624,2.1,1.72,3-6 2-6 6-1 4-6
Australian Open,1/18/2022,Grand Slam,Outdoor,Hard,1st Round,5,Cilic M.,Gomez E.,Cilic M.,27,153,1840,450,1.08,8,6-3 6-1 6-2
Australian Open,1/18/2022,Grand Slam,Outdoor,Hard,1st Round,5,Cecchinato M.,Kohlschreiber P.,Kohlschreiber P.,95,134,759,533,2.62,1.5,4-6 5-7 6-7
Australian Open,1/18/2022,Grand Slam,Outdoor,Hard,1st Round,5,Bautista Agut R.,Travaglia S.,Bautista Agut R.,18,98,2385,744,1.07,9,7-6 6-4 5-7 6-1
Australian Open,1/18/2022,Grand Slam,Outdoor,Hard,1st Round,5,Carballes Baena R.,Berankis R.,Berankis R.,75,93,837,761,2.75,1.44,1-6 6-3 6-2 3-6 4-6
Australian Open,1/18/2022,Grand Slam,Outdoor,Hard,1st Round,5,Rublev A.,Mager G.,Rublev A.,6,65,4785,957,1.04,13,6-3 6-2 6-2
Australian Open,1/18/2022,Grand Slam,Outdoor,Hard,1st Round,5,Lehecka J.,Dimitrov G.,Dimitrov G.,142,28,494,1821,5,1.16,4-6 6-4 3-6 5-7
Australian Open,1/18/2022,Grand Slam,Outdoor,Hard,1st Round,5,Johnson S.,Thompson J.,Johnson S.,104,73,724,860,2,1.8,7-6 6-7 4-6 6-3 6-3
Australian Open,1/18/2022,Grand Slam,Outdoor,Hard,1st Round,5,Sousa J.,Sinner J.,Sinner J.,140,10,500,3390,13,1.04,4-6 5-7 1-6
Australian Open,1/18/2022,Grand Slam,Outdoor,Hard,1st Round,5,Paire B.,Monteiro T.,Paire B.,56,79,1075,824,3.2,1.36,6-4 3-6 7-5 2-6 7-5
Australian Open,1/18/2022,Grand Slam,Outdoor,Hard,1st Round,5,Isner J.,Cressy M.,Cressy M.,25,70,1881,875,2,1.8,6-7 5-7 7-6 7-6 4-6
Australian Open,1/18/2022,Grand Slam,Outdoor,Hard,1st Round,5,Medvedev D.,Laaksonen H.,Medvedev D.,2,91,8935,781,1.01,21,6-1 6-4 7-6
Australian Open,1/18/2022,Grand Slam,Outdoor,Hard,1st Round,5,Basilashvili N.,Murray A.,Murray A.,23,113,2051,671,2.5,1.53,1-6 6-3 4-6 7-6 4-6
Australian Open,1/18/2022,Grand Slam,Outdoor,Hard,1st Round,5,Auger-Aliassime F.,Ruusuvuori E.,Auger-Aliassime F.,9,90,3608,783,1.33,3.4,6-4 0-6 3-6 6-3 6-4
Australian Open,1/18/2022,Grand Slam,Outdoor,Hard,1st Round,5,Cerundolo J.M.,Machac T.,Machac T.,80,132,818,555,5,1.16,3-6 6-2 4-6 2-6
Australian Open,1/18/2022,Grand Slam,Outdoor,Hard,1st Round,5,Daniel T.,Barrios M.,Daniel T.,120,147,606,458,1.36,3.2,7-6 6-1 6-1
Australian Open,1/18/2022,Grand Slam,Outdoor,Hard,1st Round,5,Safiullin R.,Molcan A.,Molcan A.,149,74,455,839,2.3,1.61,3-6 6-7 7-5 6-7
Australian Open,1/18/2022,Grand Slam,Outdoor,Hard,1st Round,5,Andujar P.,Dzumhur D.,Andujar P.,83,161,800,429,2.2,1.66,6-1 7-5 6-1
Australian Open,1/18/2022,Grand Slam,Outdoor,Hard,1st Round,5,Goffin D.,Evans D.,Evans D.,45,24,1216,1957,4.5,1.2,4-6 3-6 0-6
Australian Open,1/18/2022,Grand Slam,Outdoor,Hard,1st Round,5,Fritz T.,Marterer M.,Fritz T.,22,228,2175,279,1.12,6,7-6 6-3 6-2
Australian Open,1/18/2022,Grand Slam,Outdoor,Hard,1st Round,5,Bolt A.,Davidovich Fokina A.,Davidovich Fokina A.,152,50,451,1160,3.75,1.28,3-6 3-6 4-6
Australian Open,1/18/2022,Grand Slam,Outdoor,Hard,1st Round,5,Baez S.,Ramos-Vinolas A.,Baez S.,88,44,791,1259,1.5,2.62,6-4 4-6 6-3 1-6 6-2
Australian Open,1/18/2022,Grand Slam,Outdoor,Hard,1st Round,5,Trungelliti M.,Tiafoe F.,Tiafoe F.,198,34,326,1467,6.5,1.11,6-3 4-6 2-6 6-3 3-6
Australian Open,1/18/2022,Grand Slam,Outdoor,Hard,1st Round,5,Rinderknech A.,Popyrin A.,Rinderknech A.,48,59,1178,1010,1.72,2.1,7-5 4-6 6-2 3-6 6-3
Australian Open,1/18/2022,Grand Slam,Outdoor,Hard,1st Round,5,Seppi A.,Majchrzak K.,Majchrzak K.,101,107,736,708,2.3,1.61,1-6 1-6 5-7
Australian Open,1/18/2022,Grand Slam,Outdoor,Hard,1st Round,5,De Minaur A.,Musetti L.,De Minaur A.,42,60,1316,1004,1.14,5.5,3-6 6-3 6-0 6-3
Australian Open,1/18/2022,Grand Slam,Outdoor,Hard,1st Round,5,Broady L.,Kyrgios N.,Kyrgios N.,128,115,569,648,2.62,1.5,4-6 4-6 3-6
Australian Open,1/18/2022,Grand Slam,Outdoor,Hard,1st Round,5,Tsitsipas S.,Ymer M.,Tsitsipas S.,4,86,6540,793,1.2,4.5,6-2 6-4 6-3
Australian Open,1/19/2022,Grand Slam,Outdoor,Hard,2nd Round,5,Otte O.,Sonego L.,Sonego L.,96,26,748,1860,2.75,1.44,6-2 2-6 3-6 1-6
Australian Open,1/19/2022,Grand Slam,Outdoor,Hard,2nd Round,5,Kecmanovic M.,Paul T.,Kecmanovic M.,77,41,836,1317,3,1.4,7-6 7-5 7-6
Australian Open,1/19/2022,Grand Slam,Outdoor,Hard,2nd Round,5,Griekspoor T.,Carreno Busta P.,Carreno Busta P.,62,21,1001,2305,3,1.4,3-6 7-6 6-7 6-3 4-6
Australian Open,1/19/2022,Grand Slam,Outdoor,Hard,2nd Round,5,Opelka R.,Koepfer D.,Opelka R.,29,53,1776,1096,1.3,3.5,6-4 6-3 7-6
Australian Open,1/19/2022,Grand Slam,Outdoor,Hard,2nd Round,5,Moutet C.,Korda S.,Korda S.,100,43,737,1286,3.4,1.33,6-3 4-6 7-6 5-7 6-7
Australian Open,1/19/2022,Grand Slam,Outdoor,Hard,2nd Round,5,Shapovalov D.,Kwon S.W.,Shapovalov D.,14,54,2593,1085,1.25,4,7-6 6-7 6-7 7-5 6-2
Australian Open,1/19/2022,Grand Slam,Outdoor,Hard,2nd Round,5,Hanfmann Y.,Nadal R.,Nadal R.,126,5,583,4875,15,1.03,2-6 3-6 4-6
Australian Open,1/19/2022,Grand Slam,Outdoor,Hard,2nd Round,5,Alcaraz C.,Lajovic D.,Alcaraz C.,31,39,1609,1346,1.12,6,6-2 6-1 7-5
Australian Open,1/19/2022,Grand Slam,Outdoor,Hard,2nd Round,5,Kozlov S.,Berrettini M.,Berrettini M.,169,7,401,4568,10,1.06,1-6 6-4 4-6 1-6
Australian Open,1/19/2022,Grand Slam,Outdoor,Hard,2nd Round,5,Garin C.,Martinez P.,Garin C.,19,61,2375,1001,1.9,1.9,6-7 7-6 2-6 6-2 6-2
Australian Open,1/19/2022,Grand Slam,Outdoor,Hard,2nd Round,5,Vukic A.,Albot R.,Albot R.,144,124,477,587,1.53,2.5,4-6 6-7 4-6
Australian Open,1/19/2022,Grand Slam,Outdoor,Hard,2nd Round,5,Mannarino A.,Hurkacz H.,Mannarino A.,69,11,879,3336,5.5,1.14,6-4 6-2 6-3
Australian Open,1/19/2022,Grand Slam,Outdoor,Hard,2nd Round,5,Bonzi B.,Khachanov K.,Khachanov K.,63,30,979,1748,3.75,1.28,4-6 0-6 5-7
Australian Open,1/19/2022,Grand Slam,Outdoor,Hard,2nd Round,5,Karatsev A.,Mcdonald M.,Karatsev A.,15,55,2553,1084,1.44,2.75,3-6 6-2 6-2 6-3
Australian Open,1/19/2022,Grand Slam,Outdoor,Hard,2nd Round,5,Millman J.,Zverev A.,Zverev A.,89,3,788,7970,11,1.05,4-6 4-6 0-6
Australian Open,1/19/2022,Grand Slam,Outdoor,Hard,2nd Round,5,Monfils G.,Bublik A.,Monfils G.,20,37,2373,1411,1.2,4.5,6-1 6-0 6-4
Australian Open,1/20/2022,Grand Slam,Outdoor,Hard,2nd Round,5,Gombos N.,Cilic M.,Cilic M.,117,27,624,1840,6,1.12,2-6 3-6 6-3 6-7
Australian Open,1/20/2022,Grand Slam,Outdoor,Hard,2nd Round,5,O Connell C.,Schwartzman D.,O Connell C.,175,13,383,2730,5,1.16,7-6 6-4 6-4
Australian Open,1/20/2022,Grand Slam,Outdoor,Hard,2nd Round,5,Machac T.,Cressy M.,Cressy M.,132,70,555,875,2.3,1.61,1-6 6-3 1-6 6-7
Australian Open,1/20/2022,Grand Slam,Outdoor,Hard,2nd Round,5,Rublev A.,Berankis R.,Rublev A.,6,93,4785,761,1.06,10,6-4 6-2 6-0
Australian Open,1/20/2022,Grand Slam,Outdoor,Hard,2nd Round,5,Molcan A.,Andujar P.,Andujar P.,74,83,839,800,1.53,2.5,4-6 6-7 6-0 1-6
Australian Open,1/20/2022,Grand Slam,Outdoor,Hard,2nd Round,5,Fritz T.,Tiafoe F.,Fritz T.,22,34,2175,1467,1.4,3,6-4 6-3 7-6
Australian Open,1/20/2022,Grand Slam,Outdoor,Hard,2nd Round,5,Kohlschreiber P.,Bautista Agut R.,Bautista Agut R.,134,18,533,2385,5.5,1.14,1-6 0-6 3-6
Australian Open,1/20/2022,Grand Slam,Outdoor,Hard,2nd Round,5,Auger-Aliassime F.,Davidovich Fokina A.,Auger-Aliassime F.,9,50,3608,1160,1.22,4.33,7-6 6-7 7-6 7-6
Australian Open,1/20/2022,Grand Slam,Outdoor,Hard,2nd Round,5,Majchrzak K.,De Minaur A.,De Minaur A.,107,42,708,1316,4.33,1.22,4-6 4-6 2-6
Australian Open,1/20/2022,Grand Slam,Outdoor,Hard,2nd Round,5,Tsitsipas S.,Baez S.,Tsitsipas S.,4,88,6540,791,1.06,10,7-6 6-7 6-3 6-4
Australian Open,1/20/2022,Grand Slam,Outdoor,Hard,2nd Round,5,Dimitrov G.,Paire B.,Paire B.,28,56,1821,1075,1.16,5,4-6 4-6 7-6 6-7
Australian Open,1/20/2022,Grand Slam,Outdoor,Hard,2nd Round,5,Daniel T.,Murray A.,Daniel T.,120,113,606,671,3.75,1.28,6-4 6-4 6-4
Australian Open,1/20/2022,Grand Slam,Outdoor,Hard,2nd Round,5,Kyrgios N.,Medvedev D.,Medvedev D.,115,2,648,8935,5,1.16,6-7 4-6 6-4 2-6
Australian Open,1/20/2022,Grand Slam,Outdoor,Hard,2nd Round,5,Sinner J.,Johnson S.,Sinner J.,10,104,3390,724,1.07,9,6-2 6-4 6-3
Australian Open,1/21/2022,Grand Slam,Outdoor,Hard,3rd Round,5,Sonego L.,Kecmanovic M.,Kecmanovic M.,26,77,1860,836,1.5,2.62,4-6 7-6 2-6 5-7
Australian Open,1/21/2022,Grand Slam,Outdoor,Hard,3rd Round,5,Monfils G.,Garin C.,Monfils G.,20,19,2373,2375,1.08,8,7-6 6-1 6-3
Australian Open,1/21/2022,Grand Slam,Outdoor,Hard,3rd Round,5,Alcaraz C.,Berrettini M.,Berrettini M.,31,7,1609,4568,1.66,2.2,2-6 6-7 6-4 6-2 6-7
Australian Open,1/21/2022,Grand Slam,Outdoor,Hard,3rd Round,5,Shapovalov D.,Opelka R.,Shapovalov D.,14,29,2593,1776,1.8,2,7-6 4-6 6-3 6-4
Australian Open,1/21/2022,Grand Slam,Outdoor,Hard,3rd Round,5,Korda S.,Carreno Busta P.,Carreno Busta P.,43,21,1286,2305,2.2,1.66,4-6 5-7 7-6 3-6
Australian Open,1/21/2022,Grand Slam,Outdoor,Hard,3rd Round,5,Zverev A.,Albot R.,Zverev A.,3,124,7970,587,1.02,17,6-3 6-4 6-4
Australian Open,1/21/2022,Grand Slam,Outdoor,Hard,3rd Round,5,Khachanov K.,Nadal R.,Nadal R.,30,5,1748,4875,4.5,1.2,3-6 2-6 6-3 1-6
Australian Open,1/21/2022,Grand Slam,Outdoor,Hard,3rd Round,5,Mannarino A.,Karatsev A.,Mannarino A.,69,15,879,2553,4,1.25,7-6 6-7 7-5 6-4
Australian Open,1/22/2022,Grand Slam,Outdoor,Hard,3rd Round,5,Bautista Agut R.,Fritz T.,Fritz T.,18,22,2385,2175,1.72,2.1,0-6 6-3 6-3 4-6 3-6
Australian Open,1/22/2022,Grand Slam,Outdoor,Hard,3rd Round,5,Tsitsipas S.,Paire B.,Tsitsipas S.,4,56,6540,1075,1.11,6.5,6-3 7-5 6-7 6-4
Australian Open,1/22/2022,Grand Slam,Outdoor,Hard,3rd Round,5,O Connell C.,Cressy M.,Cressy M.,175,70,383,875,2.5,1.53,2-6 7-6 3-6 2-6
Australian Open,1/22/2022,Grand Slam,Outdoor,Hard,3rd Round,5,Medvedev D.,Van De Zandschulp B.,Medvedev D.,2,57,8935,1069,1.03,15,6-4 6-4 6-2
Australian Open,1/22/2022,Grand Slam,Outdoor,Hard,3rd Round,5,Evans D.,Auger-Aliassime F.,Auger-Aliassime F.,24,9,1957,3608,2,1.8,4-6 1-6 1-6
Australian Open,1/22/2022,Grand Slam,Outdoor,Hard,3rd Round,5,Sinner J.,Daniel T.,Sinner J.,10,120,3390,606,1.08,8,6-4 1-6 6-3 6-1
Australian Open,1/22/2022,Grand Slam,Outdoor,Hard,3rd Round,5,Andujar P.,De Minaur A.,De Minaur A.,83,42,800,1316,10,1.06,4-6 4-6 2-6
Australian Open,1/22/2022,Grand Slam,Outdoor,Hard,3rd Round,5,Cilic M.,Rublev A.,Cilic M.,27,6,1840,4785,3.5,1.3,7-5 7-6 3-6 6-3
Australian Open,1/23/2022,Grand Slam,Outdoor,Hard,4th Round,5,Mannarino A.,Nadal R.,Nadal R.,69,5,879,4875,13,1.04,6-7 2-6 2-6
Australian Open,1/23/2022,Grand Slam,Outdoor,Hard,4th Round,5,Shapovalov D.,Zverev A.,Shapovalov D.,14,3,2593,7970,4.33,1.22,6-3 7-6 6-3
Australian Open,1/23/2022,Grand Slam,Outdoor,Hard,4th Round,5,Kecmanovic M.,Monfils G.,Monfils G.,77,20,836,2373,4,1.25,5-7 6-7 3-6
Australian Open,1/23/2022,Grand Slam,Outdoor,Hard,4th Round,5,Berrettini M.,Carreno Busta P.,Berrettini M.,7,21,4568,2305,1.44,2.75,7-5 7-6 6-4
Australian Open,1/24/2022,Grand Slam,Outdoor,Hard,4th Round,5,Cilic M.,Auger-Aliassime F.,Auger-Aliassime F.,27,9,1840,3608,2.3,1.61,6-2 6-7 2-6 6-7
Australian Open,1/24/2022,Grand Slam,Outdoor,Hard,4th Round,5,Medvedev D.,Cressy M.,Medvedev D.,2,70,8935,875,1.03,15,6-2 7-6 6-7 7-5
Australian Open,1/24/2022,Grand Slam,Outdoor,Hard,4th Round,5,De Minaur A.,Sinner J.,Sinner J.,42,10,1316,3390,3,1.4,6-7 3-6 4-6
Australian Open,1/24/2022,Grand Slam,Outdoor,Hard,4th Round,5,Tsitsipas S.,Fritz T.,Tsitsipas S.,4,22,6540,2175,1.57,2.37,4-6 6-4 4-6 6-3 6-4
Australian Open,1/25/2022,Grand Slam,Outdoor,Hard,Quarterfinals,5,Shapovalov D.,Nadal R.,Nadal R.,14,5,2593,4875,2.62,1.33,3-6 4-6 6-4 6-3 3-6
Australian Open,1/25/2022,Grand Slam,Outdoor,Hard,Quarterfinals,5,Berrettini M.,Monfils G.,Berrettini M.,7,20,4568,2373,1.57,2.37,6-4 6-4 3-6 3-6 6-2
Australian Open,1/26/2022,Grand Slam,Outdoor,Hard,Quarterfinals,5,Sinner J.,Tsitsipas S.,Tsitsipas S.,10,4,3390,6540,1.66,2.2,3-6 4-6 2-6
Australian Open,1/26/2022,Grand Slam,Outdoor,Hard,Quarterfinals,5,Medvedev D.,Auger-Aliassime F.,Medvedev D.,2,9,8935,3608,1.12,6,6-7 3-6 7-6 7-5 6-4
Australian Open,1/28/2022,Grand Slam,Outdoor,Hard,Semifinals,5,Berrettini M.,Nadal R.,Nadal R.,7,5,4568,4875,3,1.4,3-6 2-6 6-3 3-6
Australian Open,1/28/2022,Grand Slam,Outdoor,Hard,Semifinals,5,Medvedev D.,Tsitsipas S.,Medvedev D.,2,4,8935,6540,1.36,3.2,7-6 4-6 6-4 6-1
Australian Open,1/30/2022,Grand Slam,Outdoor,Hard,The Final,5,Medvedev D.,Nadal R.,Nadal R.,2,5,8935,4875,1.53,2.62,6-2 7-6 4-6 4-6 5-7
BNP Paribas Open,3/10/2022,Masters 1000,Outdoor,Hard,1st Round,3,Rinderknech A.,Bonzi B.,Bonzi B.,57,62,986,909,1.72,2.1,3-6 5-7
BNP Paribas Open,3/10/2022,Masters 1000,Outdoor,Hard,1st Round,3,Fognini F.,Andujar P.,Fognini F.,36,69,1359,885,1.4,3,3-6 6-3 6-3
BNP Paribas Open,3/10/2022,Masters 1000,Outdoor,Hard,1st Round,3,Lajovic D.,Krajinovic F.,Krajinovic F.,44,40,1126,1212,2.37,1.57,5-7 6-4 1-6
BNP Paribas Open,3/10/2022,Masters 1000,Outdoor,Hard,1st Round,3,Mcdonald M.,Fucsovics M.,Mcdonald M.,59,48,976,1082,1.72,2.1,7-6 7-5
BNP Paribas Open,3/10/2022,Masters 1000,Outdoor,Hard,1st Round,3,Kwon S.W.,Djere L.,Djere L.,64,52,906,1041,1.36,3.2,6-2 3-6 4-6
BNP Paribas Open,3/10/2022,Masters 1000,Outdoor,Hard,1st Round,3,Davidovich Fokina A.,Coric B.,Davidovich Fokina A.,45,167,1115,349,1.25,4,6-7 6-0 7-5
BNP Paribas Open,3/10/2022,Masters 1000,Outdoor,Hard,1st Round,3,Giron M.,Musetti L.,Musetti L.,55,56,1001,1000,1.61,2.3,3-6 5-7
BNP Paribas Open,3/10/2022,Masters 1000,Outdoor,Hard,1st Round,3,Brooksby J.,Carballes Baena R.,Brooksby J.,43,73,1153,836,1.12,6,6-1 6-4
BNP Paribas Open,3/10/2022,Masters 1000,Outdoor,Hard,1st Round,3,Cerundolo J.M.,Sock J.,Sock J.,119,147,561,429,3.75,1.28,1-6 1-6
BNP Paribas Open,3/10/2022,Masters 1000,Outdoor,Hard,1st Round,3,Eubanks C.,Cressy M.,Eubanks C.,157,72,380,852,2.5,1.53,5-7 7-6 6-4
BNP Paribas Open,3/10/2022,Masters 1000,Outdoor,Hard,1st Round,3,Cuevas P.,Coria F.,Coria F.,104,65,635,906,2.2,1.66,4-6 6-7
BNP Paribas Open,3/11/2022,Masters 1000,Outdoor,Hard,1st Round,3,Wolf J.J.,Gaston H.,Wolf J.J.,209,68,274,887,1.5,2.62,7-5 6-4
BNP Paribas Open,3/11/2022,Masters 1000,Outdoor,Hard,1st Round,3,Popyrin A.,Machac T.,Machac T.,89,158,721,379,2.2,1.66,3-6 5-7
BNP Paribas Open,3/11/2022,Masters 1000,Outdoor,Hard,1st Round,3,Kyrgios N.,Baez S.,Kyrgios N.,132,7,493,4424,1.44,2.75,6-4 6-0
BNP Paribas Open,3/11/2022,Masters 1000,Outdoor,Hard,1st Round,3,Sousa J.,Martinez P.,Martinez P.,85,49,762,1072,2.62,1.5,4-6 5-7
BNP Paribas Open,3/11/2022,Masters 1000,Outdoor,Hard,1st Round,3,Korda S.,Kokkinakis T.,Korda S.,38,97,1289,681,1.57,2.37,6-3 6-4
BNP Paribas Open,3/11/2022,Masters 1000,Outdoor,Hard,1st Round,3,Gasquet R.,Otte O.,Otte O.,81,76,782,818,1.66,2.2,2-6 6-1 3-6
BNP Paribas Open,3/11/2022,Masters 1000,Outdoor,Hard,1st Round,3,Ruusuvuori E.,Kohlschreiber P.,Ruusuvuori E.,70,136,876,478,1.25,4,6-3 6-3
BNP Paribas Open,3/11/2022,Masters 1000,Outdoor,Hard,1st Round,3,Daniel T.,Murray A.,Murray A.,106,88,625,733,3,1.4,6-1 2-6 4-6
BNP Paribas Open,3/11/2022,Masters 1000,Outdoor,Hard,1st Round,3,Munar J.,Shang J.,Munar J.,99,543,675,56,1.25,4,6-3 6-4
BNP Paribas Open,3/11/2022,Masters 1000,Outdoor,Hard,1st Round,3,Goffin D.,Thompson J.,Thompson J.,71,78,861,800,1.57,2.37,6-4 5-7 6-7
BNP Paribas Open,3/11/2022,Masters 1000,Outdoor,Hard,1st Round,3,Koepfer D.,Paire B.,Koepfer D.,51,53,1054,1040,1.9,1.9,2-6 7-5 6-4
BNP Paribas Open,3/11/2022,Masters 1000,Outdoor,Hard,1st Round,3,Broady L.,Kecmanovic M.,Kecmanovic M.,124,61,528,921,2.75,1.44,4-6 6-4 4-6
BNP Paribas Open,3/11/2022,Masters 1000,Outdoor,Hard,1st Round,3,Paul T.,Kukushkin M.,Paul T.,39,154,1252,386,1.22,4.33,6-4 6-4
BNP Paribas Open,3/12/2022,Masters 1000,Outdoor,Hard,1st Round,3,Humbert U.,Rune H.,Rune H.,42,86,1178,750,1.8,2,3-6 2-6
BNP Paribas Open,3/12/2022,Masters 1000,Outdoor,Hard,1st Round,3,Millman J.,Struff J.L.,Millman J.,77,58,818,984,1.53,2.5,7-6 6-4
BNP Paribas Open,3/12/2022,Masters 1000,Outdoor,Hard,1st Round,3,Laaksonen H.,Bagnis F.,Bagnis F.,87,82,741,781,1.57,2.37,3-6 6-7
BNP Paribas Open,3/12/2022,Masters 1000,Outdoor,Hard,1st Round,3,Johnson S.,Altmaier D.,Johnson S.,115,79,594,797,1.9,1.9,6-3 7-6
BNP Paribas Open,3/12/2022,Masters 1000,Outdoor,Hard,1st Round,3,Bedene A.,Majchrzak K.,Majchrzak K.,133,75,485,823,4.33,1.22,1-6 5-7
BNP Paribas Open,3/12/2022,Masters 1000,Outdoor,Hard,1st Round,3,Van De Zandschulp B.,Sandgren T.,Van De Zandschulp B.,47,153,1096,396,1.33,3.4,6-4 6-2
BNP Paribas Open,3/12/2022,Masters 1000,Outdoor,Hard,1st Round,3,Griekspoor T.,Querrey S.,Querrey S.,54,114,1024,595,1.22,4.33,7-6 2-6 4-6
BNP Paribas Open,3/12/2022,Masters 1000,Outdoor,Hard,1st Round,3,Nakashima B.,Mannarino A.,Nakashima B.,80,66,793,904,1.57,2.37,6-2 7-6
BNP Paribas Open,3/12/2022,Masters 1000,Outdoor,Hard,2nd Round,3,Mcdonald M.,Alcaraz C.,Alcaraz C.,59,19,976,2056,4,1.25,3-6 3-6
BNP Paribas Open,3/12/2022,Masters 1000,Outdoor,Hard,2nd Round,3,Medvedev D.,Machac T.,Medvedev D.,1,158,8615,379,1.05,11,6-3 6-2
BNP Paribas Open,3/12/2022,Masters 1000,Outdoor,Hard,2nd Round,3,Wolf J.J.,Bautista Agut R.,Bautista Agut R.,209,15,274,2480,4.33,1.22,3-6 7-6 6-7
BNP Paribas Open,3/12/2022,Masters 1000,Outdoor,Hard,2nd Round,3,Evans D.,Coria F.,Evans D.,29,65,1542,906,1.14,5.5,6-2 6-0
BNP Paribas Open,3/12/2022,Masters 1000,Outdoor,Hard,2nd Round,3,Korda S.,Nadal R.,Nadal R.,38,4,1289,6515,6,1.12,2-6 6-1 6-7
BNP Paribas Open,3/12/2022,Masters 1000,Outdoor,Hard,2nd Round,3,Opelka R.,Musetti L.,Opelka R.,17,56,2156,1000,1.44,2.75,6-1 6-4
BNP Paribas Open,3/12/2022,Masters 1000,Outdoor,Hard,2nd Round,3,Martinez P.,Norrie C.,Norrie C.,49,12,1072,3305,4.5,1.2,3-6 3-6
BNP Paribas Open,3/12/2022,Masters 1000,Outdoor,Hard,2nd Round,3,Ruud C.,Eubanks C.,Ruud C.,8,157,3915,380,1.2,4.5,7-6 6-2
BNP Paribas Open,3/12/2022,Masters 1000,Outdoor,Hard,2nd Round,3,Krajinovic F.,Monfils G.,Monfils G.,40,28,1212,1633,2.75,1.44,3-6 4-6
BNP Paribas Open,3/12/2022,Masters 1000,Outdoor,Hard,2nd Round,3,Shapovalov D.,Davidovich Fokina A.,Shapovalov D.,13,45,3020,1115,1.4,3,4-6 6-4 6-2
BNP Paribas Open,3/12/2022,Masters 1000,Outdoor,Hard,2nd Round,3,Sonego L.,Bonzi B.,Bonzi B.,21,62,1937,909,1.9,1.9,3-6 4-6
BNP Paribas Open,3/13/2022,Masters 1000,Outdoor,Hard,2nd Round,3,Sinner J.,Djere L.,Sinner J.,10,52,3495,1041,1.11,6.5,6-3 6-3
BNP Paribas Open,3/13/2022,Masters 1000,Outdoor,Hard,2nd Round,3,Sock J.,Tsitsipas S.,Tsitsipas S.,147,5,429,6325,5,1.16,6-7 6-3 6-7
BNP Paribas Open,3/13/2022,Masters 1000,Outdoor,Hard,2nd Round,3,Brooksby J.,Khachanov K.,Brooksby J.,43,26,1153,1680,1.9,1.9,6-0 6-3
BNP Paribas Open,3/13/2022,Masters 1000,Outdoor,Hard,2nd Round,3,Delbonis F.,Kyrgios N.,Kyrgios N.,34,132,1382,493,5,1.16,2-6 2-6
BNP Paribas Open,3/13/2022,Masters 1000,Outdoor,Hard,2nd Round,3,Kecmanovic M.,Cilic M.,Kecmanovic M.,61,24,921,1785,2.37,1.57,6-7 6-3 7-6
BNP Paribas Open,3/13/2022,Masters 1000,Outdoor,Hard,2nd Round,3,Querrey S.,Isner J.,Isner J.,114,23,595,1801,3.2,1.36,6-7 6-7
BNP Paribas Open,3/13/2022,Masters 1000,Outdoor,Hard,2nd Round,3,Johnson S.,Karatsev A.,Johnson S.,115,22,594,1933,2.75,1.44,7-6 6-4
BNP Paribas Open,3/13/2022,Masters 1000,Outdoor,Hard,2nd Round,3,Koepfer D.,Rublev A.,Rublev A.,51,7,1054,4590,9,1.07,5-7 4-6
BNP Paribas Open,3/13/2022,Masters 1000,Outdoor,Hard,2nd Round,3,Bublik A.,Murray A.,Bublik A.,33,88,1391,733,2.3,1.61,7-6 6-3
BNP Paribas Open,3/13/2022,Masters 1000,Outdoor,Hard,2nd Round,3,Auger-Aliassime F.,Van De Zandschulp B.,Van De Zandschulp B.,9,47,3883,1096,1.28,3.75,6-7 7-6 3-6
BNP Paribas Open,3/13/2022,Masters 1000,Outdoor,Hard,2nd Round,3,Fritz T.,Majchrzak K.,Fritz T.,20,75,2010,823,1.22,4.33,6-1 6-1
BNP Paribas Open,3/13/2022,Masters 1000,Outdoor,Hard,2nd Round,3,Otte O.,Hurkacz H.,Hurkacz H.,76,11,818,3468,4.33,1.22,3-6 6-3 3-6
BNP Paribas Open,3/13/2022,Masters 1000,Outdoor,Hard,2nd Round,3,Schwartzman D.,Ruusuvuori E.,Schwartzman D.,14,70,2660,876,1.66,2.2,5-7 6-3 6-3
BNP Paribas Open,3/13/2022,Masters 1000,Outdoor,Hard,2nd Round,3,Bagnis F.,Harris L.,Harris L.,82,32,781,1393,2.3,1.61,3-6 6-4 3-6
BNP Paribas Open,3/13/2022,Masters 1000,Outdoor,Hard,2nd Round,3,Berrettini M.,Rune H.,Berrettini M.,6,86,4928,750,1.3,3.5,6-3 4-6 6-4
BNP Paribas Open,3/14/2022,Masters 1000,Outdoor,Hard,2nd Round,3,Nakashima B.,Tiafoe F.,Tiafoe F.,80,30,793,1463,1.53,2.5,4-6 4-6
BNP Paribas Open,3/14/2022,Masters 1000,Outdoor,Hard,2nd Round,3,De Minaur A.,Millman J.,De Minaur A.,31,77,1451,818,1.33,3.4,7-6 6-3
BNP Paribas Open,3/14/2022,Masters 1000,Outdoor,Hard,2nd Round,3,Thompson J.,Dimitrov G.,Dimitrov G.,78,35,800,1381,3.5,1.3,6-7 2-6
BNP Paribas Open,3/14/2022,Masters 1000,Outdoor,Hard,2nd Round,3,Munar J.,Carreno Busta P.,Munar J.,99,16,675,2220,3.2,1.36,4-6 6-4 7-6
BNP Paribas Open,3/14/2022,Masters 1000,Outdoor,Hard,2nd Round,3,Zverev A.,Paul T.,Paul T.,3,39,7515,1252,1.25,4,2-6 6-4 6-7
BNP Paribas Open,3/14/2022,Masters 1000,Outdoor,Hard,3rd Round,3,Alcaraz C.,Bautista Agut R.,Alcaraz C.,19,15,2056,2480,1.44,2.75,6-2 6-0
BNP Paribas Open,3/14/2022,Masters 1000,Outdoor,Hard,3rd Round,3,Medvedev D.,Monfils G.,Monfils G.,1,28,8615,1633,1.12,6,6-4 3-6 1-6
BNP Paribas Open,3/14/2022,Masters 1000,Outdoor,Hard,3rd Round,3,Nadal R.,Evans D.,Nadal R.,4,29,6515,1542,1.12,6,7-5 6-3
BNP Paribas Open,3/14/2022,Masters 1000,Outdoor,Hard,3rd Round,3,Shapovalov D.,Opelka R.,Opelka R.,13,17,3020,2156,1.8,2,7-6 4-6 4-6
BNP Paribas Open,3/15/2022,Masters 1000,Outdoor,Hard,3rd Round,3,Sinner J.,Bonzi B.,Sinner J.,10,62,3495,909,1.22,4.33,7-6 3-6 6-4
BNP Paribas Open,3/15/2022,Masters 1000,Outdoor,Hard,3rd Round,3,Tsitsipas S.,Brooksby J.,Brooksby J.,5,43,6325,1153,1.61,2.3,6-1 3-6 2-6
BNP Paribas Open,3/15/2022,Masters 1000,Outdoor,Hard,3rd Round,3,Norrie C.,Basilashvili N.,Norrie C.,12,18,3305,2121,1.22,4.33,3-6 6-3 6-1
BNP Paribas Open,3/15/2022,Masters 1000,Outdoor,Hard,3rd Round,3,Ruud C.,Kyrgios N.,Kyrgios N.,8,132,3915,493,1.8,2,4-6 4-6
BNP Paribas Open,3/15/2022,Masters 1000,Outdoor,Hard,3rd Round,3,Kecmanovic M.,Van De Zandschulp B.,Kecmanovic M.,61,47,921,1096,2.3,1.61,7-6 7-5
BNP Paribas Open,3/15/2022,Masters 1000,Outdoor,Hard,3rd Round,3,Harris L.,Berrettini M.,Berrettini M.,32,6,1393,4928,4,1.25,4-6 5-7
BNP Paribas Open,3/15/2022,Masters 1000,Outdoor,Hard,3rd Round,3,Fritz T.,Munar J.,Fritz T.,20,99,2010,675,1.2,4.5,6-4 2-6 7-6
BNP Paribas Open,3/15/2022,Masters 1000,Outdoor,Hard,3rd Round,3,Paul T.,De Minaur A.,De Minaur A.,39,31,1252,1451,1.8,2,6-7 4-6
BNP Paribas Open,3/15/2022,Masters 1000,Outdoor,Hard,3rd Round,3,Isner J.,Schwartzman D.,Isner J.,23,14,1801,2660,2,1.8,7-5 6-3
BNP Paribas Open,3/16/2022,Masters 1000,Outdoor,Hard,3rd Round,3,Johnson S.,Hurkacz H.,Hurkacz H.,115,11,594,3468,3.75,1.28,6-7 3-6
BNP Paribas Open,3/16/2022,Masters 1000,Outdoor,Hard,3rd Round,3,Dimitrov G.,Bublik A.,Dimitrov G.,35,33,1381,1391,1.8,2,6-3 6-4
BNP Paribas Open,3/16/2022,Masters 1000,Outdoor,Hard,3rd Round,3,Tiafoe F.,Rublev A.,Rublev A.,30,7,1463,4590,3.2,1.36,3-6 4-6
BNP Paribas Open,3/16/2022,Masters 1000,Outdoor,Hard,4th Round,3,Kecmanovic M.,Berrettini M.,Kecmanovic M.,61,6,921,4928,3,1.4,6-3 6-7 6-4
BNP Paribas Open,3/16/2022,Masters 1000,Outdoor,Hard,4th Round,3,De Minaur A.,Fritz T.,Fritz T.,31,20,1451,2010,2.1,1.72,6-3 4-6 6-7
BNP Paribas Open,3/16/2022,Masters 1000,Outdoor,Hard,4th Round,3,Nadal R.,Opelka R.,Nadal R.,4,17,6515,2156,1.22,4.33,7-6 7-6
BNP Paribas Open,3/16/2022,Masters 1000,Outdoor,Hard,4th Round,3,Isner J.,Dimitrov G.,Dimitrov G.,23,35,1801,1381,1.9,1.9,3-6 6-7
BNP Paribas Open,3/16/2022,Masters 1000,Outdoor,Hard,4th Round,3,Rublev A.,Hurkacz H.,Rublev A.,7,11,4590,3468,1.53,2.5,7-6 6-4
BNP Paribas Open,3/17/2022,Masters 1000,Outdoor,Hard,4th Round,3,Monfils G.,Alcaraz C.,Alcaraz C.,28,19,1633,2056,3.5,1.3,5-7 1-6
BNP Paribas Open,3/17/2022,Masters 1000,Outdoor,Hard,4th Round,3,Norrie C.,Brooksby J.,Norrie C.,12,43,3305,1153,1.72,2.1,6-2 6-4
BNP Paribas Open,3/17/2022,Masters 1000,Outdoor,Hard,Quarterfinals,3,Kyrgios N.,Nadal R.,Nadal R.,132,4,493,6515,3,1.4,6-7 7-5 4-6
BNP Paribas Open,3/18/2022,Masters 1000,Outdoor,Hard,Quarterfinals,3,Alcaraz C.,Norrie C.,Alcaraz C.,19,12,2056,3305,1.36,3.2,6-4 6-3
BNP Paribas Open,3/18/2022,Masters 1000,Outdoor,Hard,Quarterfinals,3,Dimitrov G.,Rublev A.,Rublev A.,35,7,1381,4590,3.4,1.33,5-7 2-6
BNP Paribas Open,3/18/2022,Masters 1000,Outdoor,Hard,Quarterfinals,3,Fritz T.,Kecmanovic M.,Fritz T.,20,61,2010,921,1.57,2.37,7-6 3-6 6-1
BNP Paribas Open,3/19/2022,Masters 1000,Outdoor,Hard,Semifinals,3,Rublev A.,Fritz T.,Fritz T.,7,20,4590,2010,1.44,2.75,5-7 4-6
BNP Paribas Open,3/19/2022,Masters 1000,Outdoor,Hard,Semifinals,3,Nadal R.,Alcaraz C.,Nadal R.,4,19,6515,2056,1.61,2.3,6-4 4-6 6-3
BNP Paribas Open,3/20/2022,Masters 1000,Outdoor,Hard,The Final,3,Nadal R.,Fritz T.,Fritz T.,4,20,6515,2010,1.2,4.5,3-6 6-7
Miami Open,3/23/2022,Masters 1000,Outdoor,Hard,1st Round,3,Cerundolo F.,Griekspoor T.,Cerundolo F.,103,57,668,962,3.4,1.33,7-5 4-6 6-3
Miami Open,3/23/2022,Masters 1000,Outdoor,Hard,1st Round,3,Nava E.,Gaston H.,Gaston H.,312,68,148,877,2.3,1.61,2-6 1-6
Miami Open,3/23/2022,Masters 1000,Outdoor,Hard,1st Round,3,Nakashima B.,Kwon S.W.,Nakashima B.,80,63,798,901,1.57,2.37,6-1 7-5
Miami Open,3/23/2022,Masters 1000,Outdoor,Hard,1st Round,3,Simon G.,Draper J.,Draper J.,139,146,462,435,2.62,1.5,5-7 1-6
Miami Open,3/23/2022,Masters 1000,Outdoor,Hard,1st Round,3,Cerundolo J.M.,Lajovic D.,Cerundolo J.M.,122,46,541,1091,7,1.1,6-3 7-5
Miami Open,3/23/2022,Masters 1000,Outdoor,Hard,1st Round,3,Koepfer D.,Mcdonald M.,Mcdonald M.,64,54,899,981,3.2,1.36,7-6 4-6 4-6
Miami Open,3/23/2022,Masters 1000,Outdoor,Hard,1st Round,3,Laaksonen H.,Paire B.,Laaksonen H.,86,49,744,1041,1.9,1.9,7-6 1-6 6-4
Miami Open,3/23/2022,Masters 1000,Outdoor,Hard,1st Round,3,Millman J.,Galan D.E.,Galan D.E.,73,118,838,554,1.44,2.75,4-6 2-6
Miami Open,3/23/2022,Masters 1000,Outdoor,Hard,1st Round,3,Goffin D.,Carballes Baena R.,Goffin D.,70,79,863,801,1.4,3,6-2 6-3
Miami Open,3/23/2022,Masters 1000,Outdoor,Hard,1st Round,3,Verdasco F.,Coric B.,Coric B.,123,166,540,359,2.1,1.72,4-6 5-7
Miami Open,3/23/2022,Masters 1000,Outdoor,Hard,1st Round,3,Daniel T.,Munar J.,Daniel T.,106,89,641,724,2.1,1.72,6-3 6-4
Miami Open,3/23/2022,Masters 1000,Outdoor,Hard,1st Round,3,Shang J.,Kudla D.,Kudla D.,441,84,82,759,3.4,1.33,7-6 5-7 4-6
Miami Open,3/23/2022,Masters 1000,Outdoor,Hard,1st Round,3,Otte O.,Krueger M.,Otte O.,74,160,836,367,1.66,2.2,6-3 6-4
Miami Open,3/24/2022,Masters 1000,Outdoor,Hard,1st Round,3,Cressy M.,Ruusuvuori E.,Ruusuvuori E.,72,71,855,862,2.37,1.57,3-6 2-6
Miami Open,3/24/2022,Masters 1000,Outdoor,Hard,1st Round,3,Kyrgios N.,Mannarino A.,Kyrgios N.,102,61,673,904,1.2,4.5,7-6 6-3
Miami Open,3/24/2022,Masters 1000,Outdoor,Hard,1st Round,3,Gasquet R.,Kokkinakis T.,Kokkinakis T.,81,97,777,700,3,1.4,4-6 2-6
Miami Open,3/24/2022,Masters 1000,Outdoor,Hard,1st Round,3,Humbert U.,Bedene A.,Humbert U.,45,141,1098,450,1.33,3.4,6-3 3-6 6-3
Miami Open,3/24/2022,Masters 1000,Outdoor,Hard,1st Round,3,Gomez E.,Nishioka Y.,Nishioka Y.,145,96,437,705,3.75,1.28,2-6 7-6 1-6
Miami Open,3/24/2022,Masters 1000,Outdoor,Hard,1st Round,3,Harris L.,Bagnis F.,Harris L.,44,104,1101,657,1.3,3.5,6-3 6-3
Miami Open,3/24/2022,Masters 1000,Outdoor,Hard,1st Round,3,Davidovich Fokina A.,Korda S.,Korda S.,43,38,1110,1269,2.75,1.44,1-6 1-6
Miami Open,3/24/2022,Masters 1000,Outdoor,Hard,1st Round,3,Wolf J.J.,Altmaier D.,Wolf J.J.,167,69,356,868,1.53,2.5,6-4 6-4
Miami Open,3/24/2022,Masters 1000,Outdoor,Hard,1st Round,3,Coria F.,Brooksby J.,Brooksby J.,60,39,911,1195,13,1.04,6-3 2-6 3-6
Miami Open,3/24/2022,Masters 1000,Outdoor,Hard,1st Round,3,Popyrin A.,Musetti L.,Popyrin A.,92,76,711,826,2.37,1.57,7-5 7-6
Miami Open,3/24/2022,Masters 1000,Outdoor,Hard,1st Round,3,Tsonga J.W.,Thompson J.,Thompson J.,225,78,245,805,2.5,1.53,7-6 4-6 4-6
Miami Open,3/24/2022,Masters 1000,Outdoor,Hard,1st Round,3,Majchrzak K.,Baez S.,Majchrzak K.,75,66,833,889,1.72,2.1,6-4 6-3
Miami Open,3/24/2022,Masters 1000,Outdoor,Hard,1st Round,3,Giron M.,Fucsovics M.,Fucsovics M.,52,55,998,977,2.1,1.72,3-6 4-6
Miami Open,3/24/2022,Masters 1000,Outdoor,Hard,1st Round,3,Kukushkin M.,Van De Zandschulp B.,Kukushkin M.,159,42,369,1131,3.75,1.28,6-4 6-4
Miami Open,3/24/2022,Masters 1000,Outdoor,Hard,1st Round,3,Djere L.,Rinderknech A.,Rinderknech A.,53,58,986,940,2.5,1.53,2-6 6-7
Miami Open,3/24/2022,Masters 1000,Outdoor,Hard,1st Round,3,Paul T.,Bonzi B.,Paul T.,37,59,1277,912,1.5,2.62,6-4 6-4
Miami Open,3/24/2022,Masters 1000,Outdoor,Hard,1st Round,3,Delbonis F.,Murray A.,Murray A.,36,85,1302,758,5,1.16,6-7 1-6
Miami Open,3/24/2022,Masters 1000,Outdoor,Hard,1st Round,3,Kecmanovic M.,Sock J.,Kecmanovic M.,48,144,1056,437,1.72,2.1,7-6 6-4
Miami Open,3/25/2022,Masters 1000,Outdoor,Hard,2nd Round,3,Daniel T.,Fognini F.,Fognini F.,106,34,641,1339,1.57,2.37,7-6 2-6 6-7
Miami Open,3/25/2022,Masters 1000,Outdoor,Hard,2nd Round,3,Cerundolo J.M.,Anderson K.,Cerundolo J.M.,122,91,541,719,4.75,1.21,7-6 3-6 6-3
Miami Open,3/25/2022,Masters 1000,Outdoor,Hard,2nd Round,3,Draper J.,Norrie C.,Norrie C.,146,12,435,3395,5,1.16,6-7 4-6
Miami Open,3/25/2022,Masters 1000,Outdoor,Hard,2nd Round,3,Carreno Busta P.,Goffin D.,Carreno Busta P.,19,70,2220,863,1.44,2.75,6-3 6-2
Miami Open,3/25/2022,Masters 1000,Outdoor,Hard,2nd Round,3,Coric B.,Zverev A.,Zverev A.,166,4,359,7025,5.5,1.14,4-6 6-3 3-6
Miami Open,3/25/2022,Masters 1000,Outdoor,Hard,2nd Round,3,Gaston H.,Isner J.,Gaston H.,68,22,877,1846,4,1.25,7-6 6-4
Miami Open,3/25/2022,Masters 1000,Outdoor,Hard,2nd Round,3,Ruusuvuori E.,Sinner J.,Sinner J.,71,11,862,3474,3,1.4,4-6 6-3 6-7
Miami Open,3/25/2022,Masters 1000,Outdoor,Hard,2nd Round,3,Kokkinakis T.,Schwartzman D.,Kokkinakis T.,97,15,700,2660,2.1,1.72,4-6 7-6 6-4
Miami Open,3/25/2022,Masters 1000,Outdoor,Hard,2nd Round,3,Rublev A.,Kyrgios N.,Kyrgios N.,7,102,4725,673,1.66,2.2,3-6 0-6
Miami Open,3/25/2022,Masters 1000,Outdoor,Hard,2nd Round,3,Kudla D.,Sonego L.,Kudla D.,84,21,759,1902,2.62,1.5,3-6 7-6 6-4
Miami Open,3/25/2022,Masters 1000,Outdoor,Hard,2nd Round,3,Galan D.E.,Bublik A.,Bublik A.,118,33,554,1416,3,1.4,7-6 3-6 4-6
Miami Open,3/25/2022,Masters 1000,Outdoor,Hard,2nd Round,3,Monfils G.,Otte O.,Monfils G.,24,74,1723,836,1.25,4,7-6 6-1
Miami Open,3/25/2022,Masters 1000,Outdoor,Hard,2nd Round,3,Dimitrov G.,Mcdonald M.,Mcdonald M.,29,54,1471,981,1.57,2.37,1-6 4-6
Miami Open,3/26/2022,Masters 1000,Outdoor,Hard,2nd Round,3,Ruud C.,Laaksonen H.,Ruud C.,8,86,3870,744,1.14,5.5,6-1 6-2
Miami Open,3/26/2022,Masters 1000,Outdoor,Hard,2nd Round,3,Nakashima B.,Tiafoe F.,Tiafoe F.,80,31,798,1453,1.8,2,6-3 6-7 4-6
Miami Open,3/26/2022,Masters 1000,Outdoor,Hard,2nd Round,3,Bautista Agut R.,Majchrzak K.,Bautista Agut R.,17,75,2375,833,1.22,4.33,6-3 6-3
Miami Open,3/26/2022,Masters 1000,Outdoor,Hard,2nd Round,3,Thompson J.,De Minaur A.,De Minaur A.,78,28,805,1531,4,1.25,2-6 3-6
Miami Open,3/26/2022,Masters 1000,Outdoor,Hard,2nd Round,3,Paul T.,Khachanov K.,Paul T.,37,25,1277,1623,2,1.8,6-4 3-6 7-6
Miami Open,3/26/2022,Masters 1000,Outdoor,Hard,2nd Round,3,Murray A.,Medvedev D.,Medvedev D.,85,2,758,8410,6,1.12,4-6 2-6
Miami Open,3/26/2022,Masters 1000,Outdoor,Hard,2nd Round,3,Martinez P.,Garin C.,Martinez P.,47,30,1077,1466,1.44,2.75,7-6 6-2
Miami Open,3/26/2022,Masters 1000,Outdoor,Hard,2nd Round,3,Rinderknech A.,Hurkacz H.,Hurkacz H.,58,10,940,3513,3.4,1.33,6-7 2-6
Miami Open,3/26/2022,Masters 1000,Outdoor,Hard,2nd Round,3,Nishioka Y.,Evans D.,Nishioka Y.,96,27,705,1567,2.5,1.53,3-6 6-4 6-3
Miami Open,3/26/2022,Masters 1000,Outdoor,Hard,2nd Round,3,Auger-Aliassime F.,Kecmanovic M.,Kecmanovic M.,9,48,3803,1056,1.4,3,4-6 2-6
Miami Open,3/26/2022,Masters 1000,Outdoor,Hard,2nd Round,3,Karatsev A.,Humbert U.,Karatsev A.,32,45,1428,1098,1.66,2.2,7-5 6-2
Miami Open,3/26/2022,Masters 1000,Outdoor,Hard,2nd Round,3,Kukushkin M.,Fritz T.,Fritz T.,159,13,369,2920,4,1.25,3-6 7-5 3-6
Miami Open,3/26/2022,Masters 1000,Outdoor,Hard,2nd Round,3,Korda S.,Ramos-Vinolas A.,Korda S.,38,35,1269,1314,1.14,5.5,4-6 7-6 6-3
Miami Open,3/26/2022,Masters 1000,Outdoor,Hard,2nd Round,3,Basilashvili N.,Brooksby J.,Brooksby J.,20,39,1916,1195,3.2,1.36,3-6 1-6
Miami Open,3/26/2022,Masters 1000,Outdoor,Hard,2nd Round,3,Harris L.,Shapovalov D.,Harris L.,44,14,1101,2863,2.75,1.44,6-3 6-4
Miami Open,3/26/2022,Masters 1000,Outdoor,Hard,2nd Round,3,Wolf J.J.,Tsitsipas S.,Tsitsipas S.,167,5,356,6070,4.5,1.2,4-6 7-6 1-6
Miami Open,3/27/2022,Masters 1000,Outdoor,Hard,2nd Round,3,Cilic M.,Popyrin A.,Cilic M.,23,92,1785,711,1.44,2.75,6-0 6-3
Miami Open,3/27/2022,Masters 1000,Outdoor,Hard,2nd Round,3,Fucsovics M.,Alcaraz C.,Alcaraz C.,55,16,977,2414,5.5,1.14,3-6 2-6
Miami Open,3/27/2022,Masters 1000,Outdoor,Hard,3rd Round,3,Norrie C.,Gaston H.,Norrie C.,12,68,3395,877,1.12,6,6-3 7-5
Miami Open,3/27/2022,Masters 1000,Outdoor,Hard,3rd Round,3,Bublik A.,Ruud C.,Ruud C.,33,8,1416,3870,3.5,1.3,3-6 2-6
Miami Open,3/27/2022,Masters 1000,Outdoor,Hard,3rd Round,3,Kyrgios N.,Fognini F.,Kyrgios N.,102,34,673,1339,1.14,5.5,6-2 6-4
Miami Open,3/27/2022,Masters 1000,Outdoor,Hard,3rd Round,3,Cerundolo J.M.,Tiafoe F.,Tiafoe F.,122,31,541,1453,6,1.12,3-6 2-6
Miami Open,3/27/2022,Masters 1000,Outdoor,Hard,3rd Round,3,Sinner J.,Carreno Busta P.,Sinner J.,11,19,3474,2220,1.53,2.5,5-7 7-5 7-5
Miami Open,3/28/2022,Masters 1000,Outdoor,Hard,3rd Round,3,Monfils G.,Cerundolo F.,Cerundolo F.,24,103,1723,668,1.16,5,2-6 3-6
Miami Open,3/28/2022,Masters 1000,Outdoor,Hard,3rd Round,3,Kokkinakis T.,Kudla D.,Kokkinakis T.,97,84,700,759,1.33,3.4,7-6 4-6 7-6
Miami Open,3/28/2022,Masters 1000,Outdoor,Hard,3rd Round,3,Mcdonald M.,Zverev A.,Zverev A.,54,4,981,7025,5,1.16,2-6 2-6
Miami Open,3/28/2022,Masters 1000,Outdoor,Hard,3rd Round,3,Brooksby J.,Bautista Agut R.,Brooksby J.,39,17,1195,2375,1.66,2.2,6-3 5-7 6-4
Miami Open,3/28/2022,Masters 1000,Outdoor,Hard,3rd Round,3,Martinez P.,Medvedev D.,Medvedev D.,47,2,1077,8410,11,1.05,3-6 4-6
Miami Open,3/28/2022,Masters 1000,Outdoor,Hard,3rd Round,3,Hurkacz H.,Karatsev A.,Hurkacz H.,10,32,3513,1428,1.4,3,7-5 4-6 6-3
Miami Open,3/28/2022,Masters 1000,Outdoor,Hard,3rd Round,3,Nishioka Y.,Harris L.,Harris L.,96,44,705,1101,2.62,1.5,6-7 6-4 5-7
Miami Open,3/28/2022,Masters 1000,Outdoor,Hard,3rd Round,3,Alcaraz C.,Cilic M.,Alcaraz C.,16,23,2414,1785,1.22,4.33,6-4 6-4
Miami Open,3/28/2022,Masters 1000,Outdoor,Hard,3rd Round,3,Paul T.,Fritz T.,Fritz T.,37,13,1277,2920,2.2,1.66,6-7 4-6
Miami Open,3/28/2022,Masters 1000,Outdoor,Hard,3rd Round,3,Kecmanovic M.,Korda S.,Kecmanovic M.,48,38,1056,1269,1.72,2.1,7-6 6-3
Miami Open,3/29/2022,Masters 1000,Outdoor,Hard,3rd Round,3,De Minaur A.,Tsitsipas S.,Tsitsipas S.,28,5,1531,6070,3.2,1.36,4-6 3-6
Miami Open,3/29/2022,Masters 1000,Outdoor,Hard,4th Round,3,Ruud C.,Norrie C.,Ruud C.,8,12,3870,3395,1.57,2.37,6-3 6-4
Miami Open,3/29/2022,Masters 1000,Outdoor,Hard,4th Round,3,Kokkinakis T.,Zverev A.,Zverev A.,97,4,700,7025,4.5,1.2,4-6 4-6
Miami Open,3/29/2022,Masters 1000,Outdoor,Hard,4th Round,3,Sinner J.,Kyrgios N.,Sinner J.,11,102,3474,673,2.75,1.44,7-6 6-3
Miami Open,3/29/2022,Masters 1000,Outdoor,Hard,4th Round,3,Brooksby J.,Medvedev D.,Medvedev D.,39,2,1195,8410,5,1.16,5-7 1-6
Miami Open,3/29/2022,Masters 1000,Outdoor,Hard,4th Round,3,Cerundolo F.,Tiafoe F.,Cerundolo F.,103,31,668,1453,3.2,1.36,6-7 7-6 6-2
Miami Open,3/29/2022,Masters 1000,Outdoor,Hard,4th Round,3,Harris L.,Hurkacz H.,Hurkacz H.,44,10,1101,3513,3.5,1.3,6-7 2-6
Miami Open,3/30/2022,Masters 1000,Outdoor,Hard,4th Round,3,Alcaraz C.,Tsitsipas S.,Alcaraz C.,16,5,2414,6070,1.5,2.62,7-5 6-3
Miami Open,3/30/2022,Masters 1000,Outdoor,Hard,4th Round,3,Fritz T.,Kecmanovic M.,Kecmanovic M.,13,48,2920,1056,1.5,2.62,6-3 1-6 4-6
Miami Open,3/31/2022,Masters 1000,Outdoor,Hard,Quarterfinals,3,Ruud C.,Zverev A.,Ruud C.,8,4,3870,7025,3.5,1.3,6-3 1-6 6-3
Miami Open,3/31/2022,Masters 1000,Outdoor,Hard,Quarterfinals,3,Medvedev D.,Hurkacz H.,Hurkacz H.,2,10,8410,3513,1.25,4,6-7 3-6
Miami Open,4/1/2022,Masters 1000,Outdoor,Hard,Quarterfinals,3,Alcaraz C.,Kecmanovic M.,Alcaraz C.,16,48,2414,1056,1.16,5,6-7 6-3 7-6
Miami Open,4/1/2022,Masters 1000,Outdoor,Hard,Semifinals,3,Cerundolo F.,Ruud C.,Ruud C.,103,8,668,3870,5.5,1.14,4-6 1-6
Miami Open,4/2/2022,Masters 1000,Outdoor,Hard,Semifinals,3,Alcaraz C.,Hurkacz H.,Alcaraz C.,16,10,2414,3513,1.44,2.75,7-6 7-6
Miami Open,4/3/2022,Masters 1000,Outdoor,Hard,The Final,3,Ruud C.,Alcaraz C.,Alcaraz C.,8,16,3870,2414,3.4,1.33,5-7 4-6
Monte Carlo Masters,4/10/2022,Masters 1000,Outdoor,Clay,1st Round,3,Giron M.,Davidovich Fokina A.,Davidovich Fokina A.,54,46,983,1095,2.75,1.44,5-7 3-6
Monte Carlo Masters,4/10/2022,Masters 1000,Outdoor,Clay,1st Round,3,Fucsovics M.,Harris L.,Fucsovics M.,57,40,957,1166,1.5,2.62,6-4 6-7 6-1
Monte Carlo Masters,4/10/2022,Masters 1000,Outdoor,Clay,1st Round,3,Krajinovic F.,Lajovic D.,Lajovic D.,39,49,1171,1056,1.66,2.2,2-6 6-7
Monte Carlo Masters,4/11/2022,Masters 1000,Outdoor,Clay,1st Round,3,Korda S.,Van De Zandschulp B.,Korda S.,42,41,1134,1161,1.66,2.2,7-5 6-4
Monte Carlo Masters,4/11/2022,Masters 1000,Outdoor,Clay,1st Round,3,Griekspoor T.,Ramos-Vinolas A.,Ramos-Vinolas A.,58,37,957,1221,2.37,1.57,4-6 6-4 2-6
Monte Carlo Masters,4/11/2022,Masters 1000,Outdoor,Clay,1st Round,3,Fognini F.,Rinderknech A.,Fognini F.,32,59,1361,948,1.44,2.75,7-5 4-6 6-3
Monte Carlo Masters,4/11/2022,Masters 1000,Outdoor,Clay,1st Round,3,Khachanov K.,Schwartzman D.,Schwartzman D.,24,16,1588,2580,2.75,1.44,7-6 3-6 3-6
Monte Carlo Masters,4/11/2022,Masters 1000,Outdoor,Clay,1st Round,3,Delbonis F.,Munar J.,Delbonis F.,34,105,1279,663,3.5,1.3,6-4 3-6 6-4
Monte Carlo Masters,4/11/2022,Masters 1000,Outdoor,Clay,1st Round,3,Zapata Miralles B.,De Minaur A.,De Minaur A.,123,25,535,1566,3.5,1.3,3-6 4-6
Monte Carlo Masters,4/11/2022,Masters 1000,Outdoor,Clay,1st Round,3,Bublik A.,Wawrinka S.,Bublik A.,36,236,1238,232,1.44,2.75,3-6 7-5 6-2
Monte Carlo Masters,4/11/2022,Masters 1000,Outdoor,Clay,1st Round,3,Coric B.,Sinner J.,Sinner J.,198,12,294,3054,3.2,1.36,3-6 6-2 3-6
Monte Carlo Masters,4/11/2022,Masters 1000,Outdoor,Clay,1st Round,3,Carreno Busta P.,Baez S.,Carreno Busta P.,19,66,2015,893,1.44,2.75,6-4 4-6 6-2
Monte Carlo Masters,4/11/2022,Masters 1000,Outdoor,Clay,1st Round,3,Dellien H.,Hurkacz H.,Hurkacz H.,92,14,723,2873,3,1.4,5-7 4-6
Monte Carlo Masters,4/11/2022,Masters 1000,Outdoor,Clay,1st Round,3,Cilic M.,Tsonga J.W.,Cilic M.,22,254,1740,206,1.22,4.33,6-2 6-2
Monte Carlo Masters,4/12/2022,Masters 1000,Outdoor,Clay,1st Round,3,Otte O.,Ruusuvuori E.,Ruusuvuori E.,72,81,854,797,2.2,1.66,4-6 3-6
Monte Carlo Masters,4/12/2022,Masters 1000,Outdoor,Clay,1st Round,3,Evans D.,Bonzi B.,Evans D.,27,63,1557,905,1.8,2,6-0 7-6
Monte Carlo Masters,4/12/2022,Masters 1000,Outdoor,Clay,1st Round,3,Ivashka I.,Sonego L.,Sonego L.,44,26,1109,1563,3,1.4,3-6 3-6
Monte Carlo Masters,4/12/2022,Masters 1000,Outdoor,Clay,1st Round,3,Martinez P.,Humbert U.,Martinez P.,45,48,1098,1078,1.4,3,6-4 7-6
Monte Carlo Masters,4/12/2022,Masters 1000,Outdoor,Clay,1st Round,3,Cressy M.,Djere L.,Djere L.,69,62,858,911,3.75,1.28,4-6 7-6 2-6
Monte Carlo Masters,4/12/2022,Masters 1000,Outdoor,Clay,1st Round,3,Fritz T.,Catarina L.,Fritz T.,13,430,2875,90,1.02,17,6-7 7-6 6-4
Monte Carlo Masters,4/12/2022,Masters 1000,Outdoor,Clay,1st Round,3,Paire B.,Musetti L.,Musetti L.,61,83,912,791,3,1.4,2-6 7-6 2-6
Monte Carlo Masters,4/12/2022,Masters 1000,Outdoor,Clay,1st Round,3,Goffin D.,Lehecka J.,Goffin D.,47,99,1093,690,1.66,2.2,6-4 6-3
Monte Carlo Masters,4/12/2022,Masters 1000,Outdoor,Clay,1st Round,3,Karatsev A.,Rune H.,Rune H.,30,79,1428,802,2.2,1.66,6-7 6-4 3-6
Monte Carlo Masters,4/12/2022,Masters 1000,Outdoor,Clay,2nd Round,3,Davidovich Fokina A.,Djokovic N.,Davidovich Fokina A.,46,1,1095,8420,5,1.16,6-3 6-7 6-1
Monte Carlo Masters,4/12/2022,Masters 1000,Outdoor,Clay,2nd Round,3,Fognini F.,Tsitsipas S.,Tsitsipas S.,32,5,1361,5980,3.75,1.28,3-6 0-6
Monte Carlo Masters,4/12/2022,Masters 1000,Outdoor,Clay,2nd Round,3,Dimitrov G.,Lajovic D.,Dimitrov G.,29,49,1458,1056,1.5,2.62,4-6 6-3 6-2
Monte Carlo Masters,4/13/2022,Masters 1000,Outdoor,Clay,2nd Round,3,Norrie C.,Ramos-Vinolas A.,Ramos-Vinolas A.,10,37,3440,1221,1.66,2.2,4-6 6-2 4-6
Monte Carlo Masters,4/13/2022,Masters 1000,Outdoor,Clay,2nd Round,3,Korda S.,Alcaraz C.,Korda S.,42,11,1134,3320,4.33,1.22,7-6 6-7 6-3
Monte Carlo Masters,4/13/2022,Masters 1000,Outdoor,Clay,2nd Round,3,Sonego L.,Djere L.,Djere L.,26,62,1563,911,1.66,2.2,4-6 4-6
Monte Carlo Masters,4/13/2022,Masters 1000,Outdoor,Clay,2nd Round,3,Hurkacz H.,Martinez P.,Hurkacz H.,14,45,2873,1098,1.5,2.62,6-3 4-6 6-4
Monte Carlo Masters,4/13/2022,Masters 1000,Outdoor,Clay,2nd Round,3,Evans D.,Goffin D.,Goffin D.,27,47,1557,1093,2.2,1.66,6-7 2-6
Monte Carlo Masters,4/13/2022,Masters 1000,Outdoor,Clay,2nd Round,3,Fritz T.,Cilic M.,Fritz T.,13,22,2875,1740,2.37,1.57,6-3 4-6 6-4
Monte Carlo Masters,4/13/2022,Masters 1000,Outdoor,Clay,2nd Round,3,Rune H.,Ruud C.,Ruud C.,79,7,802,4380,5,1.16,6-7 5-7
Monte Carlo Masters,4/13/2022,Masters 1000,Outdoor,Clay,2nd Round,3,Schwartzman D.,Fucsovics M.,Schwartzman D.,16,57,2580,957,1.3,3.5,6-0 7-6
Monte Carlo Masters,4/13/2022,Masters 1000,Outdoor,Clay,2nd Round,3,Ruusuvuori E.,Sinner J.,Sinner J.,81,12,797,3054,3.5,1.3,5-7 3-6
Monte Carlo Masters,4/13/2022,Masters 1000,Outdoor,Clay,2nd Round,3,Musetti L.,Auger-Aliassime F.,Musetti L.,83,9,791,3625,2.37,1.57,6-2 7-6
Monte Carlo Masters,4/13/2022,Masters 1000,Outdoor,Clay,2nd Round,3,De Minaur A.,Rublev A.,Rublev A.,25,8,1566,4375,3.5,1.3,6-2 1-6 4-6
Monte Carlo Masters,4/13/2022,Masters 1000,Outdoor,Clay,2nd Round,3,Zverev A.,Delbonis F.,Zverev A.,3,34,7195,1279,1.14,5.5,6-1 7-5
Monte Carlo Masters,4/14/2022,Masters 1000,Outdoor,Clay,3rd Round,3,Korda S.,Fritz T.,Fritz T.,42,13,1134,2875,1.66,2.2,6-7 5-7
Monte Carlo Masters,4/14/2022,Masters 1000,Outdoor,Clay,3rd Round,3,Dimitrov G.,Ruud C.,Dimitrov G.,29,7,1458,4380,4.5,1.2,6-3 7-5
Monte Carlo Masters,4/14/2022,Masters 1000,Outdoor,Clay,3rd Round,3,Goffin D.,Davidovich Fokina A.,Davidovich Fokina A.,47,46,1093,1095,1.72,2.1,4-6 1-6
Monte Carlo Masters,4/14/2022,Masters 1000,Outdoor,Clay,3rd Round,3,Schwartzman D.,Musetti L.,Schwartzman D.,16,83,2580,791,1.57,2.37,2-6 6-4 6-3
Monte Carlo Masters,4/14/2022,Masters 1000,Outdoor,Clay,3rd Round,3,Djere L.,Tsitsipas S.,Tsitsipas S.,62,5,911,5980,6,1.12,5-7 6-7
Monte Carlo Masters,4/14/2022,Masters 1000,Outdoor,Clay,3rd Round,3,Zverev A.,Carreno Busta P.,Zverev A.,3,19,7195,2015,1.3,3.5,6-2 7-5
Monte Carlo Masters,4/14/2022,Masters 1000,Outdoor,Clay,3rd Round,3,Ramos-Vinolas A.,Hurkacz H.,Hurkacz H.,37,14,1221,2873,2.3,1.61,6-7 2-6
Monte Carlo Masters,4/14/2022,Masters 1000,Outdoor,Clay,3rd Round,3,Sinner J.,Rublev A.,Sinner J.,12,8,3054,4375,1.9,1.9,5-7 6-1 6-3
Monte Carlo Masters,4/15/2022,Masters 1000,Outdoor,Clay,Quarterfinals,3,Fritz T.,Davidovich Fokina A.,Davidovich Fokina A.,13,46,2875,1095,2,1.8,6-2 4-6 3-6
Monte Carlo Masters,4/15/2022,Masters 1000,Outdoor,Clay,Quarterfinals,3,Dimitrov G.,Hurkacz H.,Dimitrov G.,29,14,1458,2873,2,1.8,6-4 3-6 7-6
Monte Carlo Masters,4/15/2022,Masters 1000,Outdoor,Clay,Quarterfinals,3,Sinner J.,Zverev A.,Zverev A.,12,3,3054,7195,2.75,1.44,7-5 3-6 6-7
Monte Carlo Masters,4/15/2022,Masters 1000,Outdoor,Clay,Quarterfinals,3,Tsitsipas S.,Schwartzman D.,Tsitsipas S.,5,16,5980,2580,1.33,3.4,6-2 6-7 6-4
Monte Carlo Masters,4/16/2022,Masters 1000,Outdoor,Clay,Semifinals,3,Dimitrov G.,Davidovich Fokina A.,Davidovich Fokina A.,29,46,1458,1095,2.1,1.72,4-6 7-6 3-6
Monte Carlo Masters,4/16/2022,Masters 1000,Outdoor,Clay,Semifinals,3,Tsitsipas S.,Zverev A.,Tsitsipas S.,5,3,5980,7195,1.9,1.9,6-4 6-2
Monte Carlo Masters,4/17/2022,Masters 1000,Outdoor,Clay,The Final,3,Davidovich Fokina A.,Tsitsipas S.,Tsitsipas S.,46,5,1095,5980,4.33,1.22,3-6 6-7
Mutua Madrid Open,5/1/2022,Masters 1000,Outdoor,Clay,1st Round,3,Sonego L.,Draper J.,Draper J.,28,121,1540,544,1.3,3.5,4-6 3-6
Mutua Madrid Open,5/1/2022,Masters 1000,Outdoor,Clay,1st Round,3,Isner J.,Krajinovic F.,Isner J.,23,56,1706,960,1.57,2.37,7-6 6-4
Mutua Madrid Open,5/1/2022,Masters 1000,Outdoor,Clay,1st Round,3,Delbonis F.,Evans D.,Evans D.,37,36,1219,1242,1.72,2.1,3-6 4-6
Mutua Madrid Open,5/2/2022,Masters 1000,Outdoor,Clay,1st Round,3,Davidovich Fokina A.,Harris L.,Davidovich Fokina A.,29,38,1470,1200,1.33,3.4,7-5 6-3
Mutua Madrid Open,5/2/2022,Masters 1000,Outdoor,Clay,1st Round,3,Martinez P.,De Minaur A.,De Minaur A.,44,22,1105,1736,2.62,1.5,6-7 6-1 3-6
Mutua Madrid Open,5/2/2022,Masters 1000,Outdoor,Clay,1st Round,3,Sinner J.,Paul T.,Sinner J.,12,35,3015,1243,1.25,4,6-7 7-6 6-3
Mutua Madrid Open,5/2/2022,Masters 1000,Outdoor,Clay,1st Round,3,Coric B.,Lajovic D.,Lajovic D.,264,77,191,801,2,1.8,3-6 6-4 4-6
Mutua Madrid Open,5/2/2022,Masters 1000,Outdoor,Clay,1st Round,3,Musetti L.,Ivashka I.,Musetti L.,63,48,896,1017,1.44,2.75,2-6 6-3 7-5
Mutua Madrid Open,5/2/2022,Masters 1000,Outdoor,Clay,1st Round,3,Gimeno Valero C.,Monfils G.,Monfils G.,369,21,114,1745,4,1.25,3-6 0-6
Mutua Madrid Open,5/2/2022,Masters 1000,Outdoor,Clay,1st Round,3,Basilashvili N.,Fognini F.,Basilashvili N.,27,51,1583,986,2.5,1.53,7-5 6-4
Mutua Madrid Open,5/2/2022,Masters 1000,Outdoor,Clay,1st Round,3,Paire B.,Schwartzman D.,Schwartzman D.,62,15,899,2805,4.5,1.2,2-6 7-6 1-6
Mutua Madrid Open,5/2/2022,Masters 1000,Outdoor,Clay,1st Round,3,Goffin D.,Karatsev A.,Goffin D.,60,34,913,1253,1.66,2.2,6-2 7-5
Mutua Madrid Open,5/2/2022,Masters 1000,Outdoor,Clay,1st Round,3,Kwon S.W.,Norrie C.,Norrie C.,73,11,828,3335,3.5,1.3,5-7 5-7
Mutua Madrid Open,5/2/2022,Masters 1000,Outdoor,Clay,1st Round,3,Dimitrov G.,Cressy M.,Dimitrov G.,20,64,1750,888,1.33,3.4,6-2 7-6
Mutua Madrid Open,5/2/2022,Masters 1000,Outdoor,Clay,1st Round,3,Thiem D.,Murray A.,Murray A.,91,78,725,783,1.66,2.2,3-6 4-6
Mutua Madrid Open,5/2/2022,Masters 1000,Outdoor,Clay,1st Round,3,Shapovalov D.,Humbert U.,Shapovalov D.,16,46,2671,1053,1.66,2.2,7-6 6-3
Mutua Madrid Open,5/2/2022,Masters 1000,Outdoor,Clay,1st Round,3,Khachanov K.,Pouille L.,Pouille L.,26,174,1633,338,1.16,5,3-6 4-6
Mutua Madrid Open,5/3/2022,Masters 1000,Outdoor,Clay,1st Round,3,Hurkacz H.,Dellien H.,Hurkacz H.,14,81,3008,775,1.3,3.5,7-5 6-7 6-3
Mutua Madrid Open,5/3/2022,Masters 1000,Outdoor,Clay,1st Round,3,Ramos-Vinolas A.,Cilic M.,Cilic M.,43,24,1106,1695,2.1,1.72,3-6 6-3 4-6
Mutua Madrid Open,5/3/2022,Masters 1000,Outdoor,Clay,1st Round,3,Bautista Agut R.,Brooksby J.,Bautista Agut R.,19,42,1993,1107,1.72,2.1,6-0 6-2
Mutua Madrid Open,5/3/2022,Masters 1000,Outdoor,Clay,1st Round,3,Bublik A.,Kecmanovic M.,Kecmanovic M.,33,32,1263,1291,3.4,1.33,4-6 5-7
Mutua Madrid Open,5/3/2022,Masters 1000,Outdoor,Clay,1st Round,3,Garin C.,Tiafoe F.,Garin C.,39,25,1168,1640,2.1,1.72,6-1 6-3
Mutua Madrid Open,5/3/2022,Masters 1000,Outdoor,Clay,1st Round,3,Carreno Busta P.,Van De Zandschulp B.,Van De Zandschulp B.,18,31,2135,1294,1.36,3.2,7-6 6-7 3-6
Mutua Madrid Open,5/3/2022,Masters 1000,Outdoor,Clay,1st Round,3,Korda S.,Opelka R.,Korda S.,30,17,1301,2465,1.66,2.2,6-3 7-5
Mutua Madrid Open,5/3/2022,Masters 1000,Outdoor,Clay,2nd Round,3,Draper J.,Rublev A.,Rublev A.,121,8,544,4025,5.5,1.14,6-2 4-6 5-7
Mutua Madrid Open,5/3/2022,Masters 1000,Outdoor,Clay,2nd Round,3,Djokovic N.,Monfils G.,Djokovic N.,1,21,8400,1745,1.2,4.5,6-3 6-2
Mutua Madrid Open,5/3/2022,Masters 1000,Outdoor,Clay,2nd Round,3,Shapovalov D.,Murray A.,Murray A.,16,78,2671,783,1.5,2.62,1-6 6-3 2-6
Mutua Madrid Open,5/3/2022,Masters 1000,Outdoor,Clay,2nd Round,3,Alcaraz C.,Basilashvili N.,Alcaraz C.,9,27,3818,1583,1.08,8,6-3 7-5
Mutua Madrid Open,5/4/2022,Masters 1000,Outdoor,Clay,2nd Round,3,Bautista Agut R.,Evans D.,Evans D.,19,36,1993,1242,1.3,3.5,3-6 7-5 6-7
Mutua Madrid Open,5/4/2022,Masters 1000,Outdoor,Clay,2nd Round,3,Lajovic D.,Ruud C.,Lajovic D.,77,7,801,4110,6,1.12,7-6 2-6 6-4
Mutua Madrid Open,5/4/2022,Masters 1000,Outdoor,Clay,2nd Round,3,Cilic M.,Zverev A.,Zverev A.,24,3,1695,7420,5,1.16,6-4 4-6 4-6
Mutua Madrid Open,5/4/2022,Masters 1000,Outdoor,Clay,2nd Round,3,Norrie C.,Isner J.,Norrie C.,11,23,3335,1706,1.66,2.2,6-4 6-7 6-4
Mutua Madrid Open,5/4/2022,Masters 1000,Outdoor,Clay,2nd Round,3,Kecmanovic M.,Nadal R.,Nadal R.,32,4,1291,6435,3.4,1.33,1-6 6-7
Mutua Madrid Open,5/4/2022,Masters 1000,Outdoor,Clay,2nd Round,3,Hurkacz H.,Davidovich Fokina A.,Hurkacz H.,14,29,3008,1470,2.1,1.72,6-4 4-6 7-6
Mutua Madrid Open,5/4/2022,Masters 1000,Outdoor,Clay,2nd Round,3,Van De Zandschulp B.,Goffin D.,Goffin D.,31,60,1294,913,1.72,2.1,4-6 2-6
Mutua Madrid Open,5/4/2022,Masters 1000,Outdoor,Clay,2nd Round,3,Dimitrov G.,Schwartzman D.,Dimitrov G.,20,15,1750,2805,2.5,1.53,6-0 6-3
Mutua Madrid Open,5/4/2022,Masters 1000,Outdoor,Clay,2nd Round,3,Korda S.,Musetti L.,Musetti L.,30,63,1301,896,1.5,2.62,4-6 3-6
Mutua Madrid Open,5/4/2022,Masters 1000,Outdoor,Clay,2nd Round,3,Sinner J.,De Minaur A.,Sinner J.,12,22,3015,1736,1.44,2.75,6-4 6-1
Mutua Madrid Open,5/4/2022,Masters 1000,Outdoor,Clay,2nd Round,3,Garin C.,Auger-Aliassime F.,Auger-Aliassime F.,39,10,1168,3625,2.62,1.5,3-6 0-6
Mutua Madrid Open,5/4/2022,Masters 1000,Outdoor,Clay,2nd Round,3,Tsitsipas S.,Pouille L.,Tsitsipas S.,5,174,5690,338,1.06,10,6-3 6-4
Mutua Madrid Open,5/5/2022,Masters 1000,Outdoor,Clay,3rd Round,3,Evans D.,Rublev A.,Rublev A.,36,8,1242,4025,4.33,1.22,6-7 5-7
Mutua Madrid Open,5/5/2022,Masters 1000,Outdoor,Clay,3rd Round,3,Hurkacz H.,Lajovic D.,Hurkacz H.,14,77,3008,801,1.28,3.75,7-5 6-3
Mutua Madrid Open,5/5/2022,Masters 1000,Outdoor,Clay,3rd Round,3,Goffin D.,Nadal R.,Nadal R.,60,4,913,6435,6,1.12,3-6 7-5 6-7
Mutua Madrid Open,5/5/2022,Masters 1000,Outdoor,Clay,3rd Round,3,Auger-Aliassime F.,Sinner J.,Auger-Aliassime F.,10,12,3625,3015,2.37,1.57,6-1 6-2
Mutua Madrid Open,5/5/2022,Masters 1000,Outdoor,Clay,3rd Round,3,Dimitrov G.,Tsitsipas S.,Tsitsipas S.,20,5,1750,5690,3.5,1.3,3-6 4-6
Mutua Madrid Open,5/5/2022,Masters 1000,Outdoor,Clay,3rd Round,3,Alcaraz C.,Norrie C.,Alcaraz C.,9,11,3818,3335,1.16,5,6-4 6-7 6-3
Mutua Madrid Open,5/6/2022,Masters 1000,Outdoor,Clay,Quarterfinals,3,Hurkacz H.,Djokovic N.,Djokovic N.,14,1,3008,8400,3.5,1.3,3-6 4-6
Mutua Madrid Open,5/6/2022,Masters 1000,Outdoor,Clay,Quarterfinals,3,Alcaraz C.,Nadal R.,Alcaraz C.,9,4,3818,6435,1.8,2,6-2 1-6 6-3
Mutua Madrid Open,5/6/2022,Masters 1000,Outdoor,Clay,Quarterfinals,3,Rublev A.,Tsitsipas S.,Tsitsipas S.,8,5,4025,5690,3,1.4,3-6 6-2 4-6
Mutua Madrid Open,5/6/2022,Masters 1000,Outdoor,Clay,Quarterfinals,3,Zverev A.,Auger-Aliassime F.,Zverev A.,3,10,7420,3625,1.5,2.62,6-3 7-5
Mutua Madrid Open,5/7/2022,Masters 1000,Outdoor,Clay,Semifinals,3,Djokovic N.,Alcaraz C.,Alcaraz C.,1,9,8400,3818,1.72,2.1,7-6 5-7 6-7
Mutua Madrid Open,5/7/2022,Masters 1000,Outdoor,Clay,Semifinals,3,Zverev A.,Tsitsipas S.,Zverev A.,3,5,7420,5690,2.3,1.61,6-4 3-6 6-2
Mutua Madrid Open,5/8/2022,Masters 1000,Outdoor,Clay,The Final,3,Zverev A.,Alcaraz C.,Alcaraz C.,3,9,7420,3818,2.5,1.53,3-6 1-6
Internazionali BNL d'Italia,5/8/2022,Masters 1000,Outdoor,Clay,1st Round,3,Krajinovic F.,Tiafoe F.,Krajinovic F.,54,26,960,1605,2.3,1.61,7-6 7-6
Internazionali BNL d'Italia,5/8/2022,Masters 1000,Outdoor,Clay,1st Round,3,Passaro F.,Garin C.,Garin C.,368,45,117,1033,3.5,1.3,3-6 2-6
Internazionali BNL d'Italia,5/8/2022,Masters 1000,Outdoor,Clay,1st Round,3,Karatsev A.,Harris L.,Karatsev A.,35,36,1173,1163,1.66,2.2,3-6 6-3 7-6
Internazionali BNL d'Italia,5/8/2022,Masters 1000,Outdoor,Clay,1st Round,3,Arnaldi M.,Cilic M.,Cilic M.,275,23,181,1650,5,1.16,1-6 4-6
Internazionali BNL d'Italia,5/9/2022,Masters 1000,Outdoor,Clay,1st Round,3,Wawrinka S.,Opelka R.,Wawrinka S.,361,17,119,2440,3.4,1.33,3-6 7-5 6-2
Internazionali BNL d'Italia,5/9/2022,Masters 1000,Outdoor,Clay,1st Round,3,Ivashka I.,Davidovich Fokina A.,Davidovich Fokina A.,50,29,1007,1470,3.4,1.33,2-6 6-4 4-6
Internazionali BNL d'Italia,5/9/2022,Masters 1000,Outdoor,Clay,1st Round,3,Brooksby J.,Cobolli F.,Brooksby J.,38,150,1117,418,1.53,2.5,6-3 6-4
Internazionali BNL d'Italia,5/9/2022,Masters 1000,Outdoor,Clay,1st Round,3,Coric B.,Djere L.,Djere L.,262,58,196,931,2.62,1.5,2-6 7-6 2-6
Internazionali BNL d'Italia,5/9/2022,Masters 1000,Outdoor,Clay,1st Round,3,Shapovalov D.,Sonego L.,Shapovalov D.,16,28,2671,1540,1.9,1.9,7-6 3-6 6-3
Internazionali BNL d'Italia,5/9/2022,Masters 1000,Outdoor,Clay,1st Round,3,Evans D.,Basilashvili N.,Basilashvili N.,33,25,1242,1618,1.72,2.1,6-7 2-6
Internazionali BNL d'Italia,5/9/2022,Masters 1000,Outdoor,Clay,1st Round,3,Khachanov K.,Zeppieri G.,Khachanov K.,24,227,1620,233,1.28,3.75,6-3 6-4
Internazionali BNL d'Italia,5/9/2022,Masters 1000,Outdoor,Clay,1st Round,3,Korda S.,Van De Zandschulp B.,Van De Zandschulp B.,30,32,1336,1319,1.61,2.3,4-6 1-6
Internazionali BNL d'Italia,5/9/2022,Masters 1000,Outdoor,Clay,1st Round,3,Giron M.,Bublik A.,Giron M.,59,41,914,1093,2.1,1.72,3-6 6-4 6-3
Internazionali BNL d'Italia,5/9/2022,Masters 1000,Outdoor,Clay,1st Round,3,Ramos-Vinolas A.,Paul T.,Paul T.,43,34,1071,1208,1.66,2.2,4-6 4-6
Internazionali BNL d'Italia,5/9/2022,Masters 1000,Outdoor,Clay,1st Round,3,Fognini F.,Thiem D.,Fognini F.,56,162,951,375,1.57,2.37,6-4 7-6
Internazionali BNL d'Italia,5/9/2022,Masters 1000,Outdoor,Clay,1st Round,3,Lajovic D.,De Minaur A.,De Minaur A.,64,22,906,1691,2.2,1.66,4-6 1-6
Internazionali BNL d'Italia,5/9/2022,Masters 1000,Outdoor,Clay,1st Round,3,Carreno Busta P.,Delbonis F.,Carreno Busta P.,18,39,2135,1114,1.22,4.33,6-3 6-2
Internazionali BNL d'Italia,5/10/2022,Masters 1000,Outdoor,Clay,1st Round,3,Nakashima B.,Dimitrov G.,Dimitrov G.,76,20,810,1830,3.75,1.28,3-6 4-6
Internazionali BNL d'Italia,5/10/2022,Masters 1000,Outdoor,Clay,1st Round,3,Baez S.,Griekspoor T.,Baez S.,37,67,1163,881,1.36,3.2,6-3 6-7 6-2
Internazionali BNL d'Italia,5/10/2022,Masters 1000,Outdoor,Clay,1st Round,3,Kecmanovic M.,Schwartzman D.,Schwartzman D.,31,15,1326,2760,2.3,1.61,2-6 6-3 6-7
Internazionali BNL d'Italia,5/10/2022,Masters 1000,Outdoor,Clay,1st Round,3,Norrie C.,Nardi L.,Norrie C.,11,201,3380,290,1.14,5.5,6-4 6-4
Internazionali BNL d'Italia,5/10/2022,Masters 1000,Outdoor,Clay,1st Round,3,Cerundolo F.,Isner J.,Isner J.,49,27,1016,1571,2,1.8,4-6 3-6
Internazionali BNL d'Italia,5/10/2022,Masters 1000,Outdoor,Clay,1st Round,3,Goffin D.,Hurkacz H.,Goffin D.,48,12,1023,3130,2.2,1.66,7-6 7-6
Internazionali BNL d'Italia,5/10/2022,Masters 1000,Outdoor,Clay,1st Round,3,Martinez P.,Sinner J.,Sinner J.,40,13,1095,3060,5,1.16,4-6 3-6
Internazionali BNL d'Italia,5/10/2022,Masters 1000,Outdoor,Clay,2nd Round,3,Garin C.,Ruusuvuori E.,Garin C.,45,61,1033,914,2,1.8,6-4 6-4
Internazionali BNL d'Italia,5/10/2022,Masters 1000,Outdoor,Clay,2nd Round,3,Karatsev A.,Djokovic N.,Djokovic N.,35,1,1173,8260,8,1.08,3-6 2-6
Internazionali BNL d'Italia,5/10/2022,Masters 1000,Outdoor,Clay,2nd Round,3,Shapovalov D.,Basilashvili N.,Shapovalov D.,16,25,2671,1618,1.57,2.37,6-4 7-6
Internazionali BNL d'Italia,5/10/2022,Masters 1000,Outdoor,Clay,2nd Round,3,Davidovich Fokina A.,Auger-Aliassime F.,Auger-Aliassime F.,29,9,1470,3760,2.1,1.72,6-4 6-7 2-6
Internazionali BNL d'Italia,5/10/2022,Masters 1000,Outdoor,Clay,2nd Round,3,Krajinovic F.,Rublev A.,Krajinovic F.,54,7,960,4115,5,1.16,6-2 6-4
Internazionali BNL d'Italia,5/10/2022,Masters 1000,Outdoor,Clay,2nd Round,3,Van De Zandschulp B.,Ruud C.,Ruud C.,32,10,1319,3760,2.75,1.44,7-6 2-6 4-6
Internazionali BNL d'Italia,5/11/2022,Masters 1000,Outdoor,Clay,2nd Round,3,Zverev A.,Baez S.,Zverev A.,3,37,7020,1163,1.2,4.5,7-6 6-3
Internazionali BNL d'Italia,5/11/2022,Masters 1000,Outdoor,Clay,2nd Round,3,Carreno Busta P.,Khachanov K.,Khachanov K.,18,24,2135,1620,1.5,2.62,4-6 6-2 1-6
Internazionali BNL d'Italia,5/11/2022,Masters 1000,Outdoor,Clay,2nd Round,3,Nadal R.,Isner J.,Nadal R.,4,27,6435,1571,1.1,7,6-3 6-1
Internazionali BNL d'Italia,5/11/2022,Masters 1000,Outdoor,Clay,2nd Round,3,Paul T.,De Minaur A.,De Minaur A.,34,22,1208,1691,2.2,1.66,5-7 4-6
Internazionali BNL d'Italia,5/11/2022,Masters 1000,Outdoor,Clay,2nd Round,3,Tsitsipas S.,Dimitrov G.,Tsitsipas S.,5,20,5750,1830,1.22,4.33,6-3 5-7 7-6
Internazionali BNL d'Italia,5/11/2022,Masters 1000,Outdoor,Clay,2nd Round,3,Schwartzman D.,Giron M.,Giron M.,15,59,2760,914,1.12,6,1-6 6-7
Internazionali BNL d'Italia,5/11/2022,Masters 1000,Outdoor,Clay,2nd Round,3,Brooksby J.,Goffin D.,Brooksby J.,38,48,1117,1023,3.2,1.36,6-0 7-6
Internazionali BNL d'Italia,5/11/2022,Masters 1000,Outdoor,Clay,2nd Round,3,Djere L.,Wawrinka S.,Wawrinka S.,58,361,931,119,1.36,3.2,6-7 6-3 4-6
Internazionali BNL d'Italia,5/11/2022,Masters 1000,Outdoor,Clay,2nd Round,3,Sinner J.,Fognini F.,Sinner J.,13,56,3060,951,1.3,3.5,6-2 3-6 6-3
Internazionali BNL d'Italia,5/11/2022,Masters 1000,Outdoor,Clay,2nd Round,3,Norrie C.,Cilic M.,Cilic M.,11,23,3380,1650,1.61,2.3,7-5 2-6 1-6
Internazionali BNL d'Italia,5/12/2022,Masters 1000,Outdoor,Clay,3rd Round,3,Zverev A.,De Minaur A.,Zverev A.,3,22,7020,1691,1.22,4.33,6-3 7-6
Internazionali BNL d'Italia,5/12/2022,Masters 1000,Outdoor,Clay,3rd Round,3,Khachanov K.,Tsitsipas S.,Tsitsipas S.,24,5,1620,5750,4.5,1.2,6-4 0-6 3-6
Internazionali BNL d'Italia,5/12/2022,Masters 1000,Outdoor,Clay,3rd Round,3,Auger-Aliassime F.,Giron M.,Auger-Aliassime F.,9,59,3760,914,1.16,5,6-3 6-2
Internazionali BNL d'Italia,5/12/2022,Masters 1000,Outdoor,Clay,3rd Round,3,Krajinovic F.,Sinner J.,Sinner J.,54,13,960,3060,4,1.25,2-6 6-7
Internazionali BNL d'Italia,5/12/2022,Masters 1000,Outdoor,Clay,3rd Round,3,Garin C.,Cilic M.,Garin C.,45,23,1033,1650,2.37,1.57,6-3 4-6 6-4
Internazionali BNL d'Italia,5/12/2022,Masters 1000,Outdoor,Clay,3rd Round,3,Wawrinka S.,Djokovic N.,Djokovic N.,361,1,119,8260,9,1.07,2-6 2-6
Internazionali BNL d'Italia,5/12/2022,Masters 1000,Outdoor,Clay,3rd Round,3,Ruud C.,Brooksby J.,Ruud C.,10,38,3760,1117,1.22,4.33,6-3 6-4
Internazionali BNL d'Italia,5/12/2022,Masters 1000,Outdoor,Clay,3rd Round,3,Nadal R.,Shapovalov D.,Shapovalov D.,4,16,6435,2671,1.16,5,6-1 5-7 2-6
Internazionali BNL d'Italia,5/13/2022,Masters 1000,Outdoor,Clay,Quarterfinals,3,Zverev A.,Garin C.,Zverev A.,3,45,7020,1033,1.14,5.5,7-5 6-2
Internazionali BNL d'Italia,5/13/2022,Masters 1000,Outdoor,Clay,Quarterfinals,3,Sinner J.,Tsitsipas S.,Tsitsipas S.,13,5,3060,5750,2.75,1.44,6-7 2-6
Internazionali BNL d'Italia,5/13/2022,Masters 1000,Outdoor,Clay,Quarterfinals,3,Ruud C.,Shapovalov D.,Ruud C.,10,16,3760,2671,1.4,3,7-6 7-5
Internazionali BNL d'Italia,5/13/2022,Masters 1000,Outdoor,Clay,Quarterfinals,3,Auger-Aliassime F.,Djokovic N.,Djokovic N.,9,1,3760,8260,5,1.16,5-7 6-7
Internazionali BNL d'Italia,5/14/2022,Masters 1000,Outdoor,Clay,Semifinals,3,Tsitsipas S.,Zverev A.,Tsitsipas S.,5,3,5750,7020,1.61,2.3,4-6 6-3 6-3
Internazionali BNL d'Italia,5/14/2022,Masters 1000,Outdoor,Clay,Semifinals,3,Ruud C.,Djokovic N.,Djokovic N.,10,1,3760,8260,4.5,1.2,4-6 3-6
Internazionali BNL d'Italia,5/15/2022,Masters 1000,Outdoor,Clay,The Final,3,Djokovic N.,Tsitsipas S.,Djokovic N.,1,5,8260,5750,1.44,2.75,6-0 7-6
French Open,5/22/2022,Grand Slam,Outdoor,Clay,1st Round,5,Thiem D.,Dellien H.,Dellien H.,190,90,295,703,2,1.8,3-6 2-6 4-6
French Open,5/22/2022,Grand Slam,Outdoor,Clay,1st Round,5,Munar J.,Altmaier D.,Munar J.,87,53,710,970,1.4,3,6-1 6-3 4-6 6-3
French Open,5/22/2022,Grand Slam,Outdoor,Clay,1st Round,5,Taberner C.,Coric B.,Coric B.,85,279,720,183,1.9,1.9,6-3 2-6 3-6 1-6
French Open,5/22/2022,Grand Slam,Outdoor,Clay,1st Round,5,Dimitrov G.,Giron M.,Dimitrov G.,21,49,1740,1011,1.14,5.5,6-1 6-1 6-1
French Open,5/22/2022,Grand Slam,Outdoor,Clay,1st Round,5,O Connell C.,Bedene A.,Bedene A.,117,195,524,291,1.28,3.75,2-6 4-6 7-6 1-6
French Open,5/22/2022,Grand Slam,Outdoor,Clay,1st Round,5,Schwartzman D.,Kuznetsov An.,Schwartzman D.,16,228,2505,237,1.07,9,6-3 1-6 6-4 6-2
French Open,5/22/2022,Grand Slam,Outdoor,Clay,1st Round,5,Daniel T.,Barrere G.,Barrere G.,115,210,527,269,1.3,3.5,6-3 2-6 6-0 3-6 4-6
French Open,5/22/2022,Grand Slam,Outdoor,Clay,1st Round,5,Van De Zandschulp B.,Kotov P.,Van De Zandschulp B.,29,141,1344,443,1.28,3.75,6-3 3-6 6-3 6-2
French Open,5/22/2022,Grand Slam,Outdoor,Clay,1st Round,5,Halys Q.,Isner J.,Isner J.,84,26,722,1616,2.62,1.5,6-7 6-4 6-7 6-7
French Open,5/22/2022,Grand Slam,Outdoor,Clay,1st Round,5,Auger-Aliassime F.,Varillas J. P.,Auger-Aliassime F.,9,122,3820,504,1.16,5,2-6 2-6 6-1 6-3 6-3
French Open,5/22/2022,Grand Slam,Outdoor,Clay,1st Round,5,Brooksby J.,Cuevas P.,Cuevas P.,34,149,1207,418,1.4,3,2-6 1-6 2-6
French Open,5/22/2022,Grand Slam,Outdoor,Clay,1st Round,5,Griekspoor T.,Davidovich Fokina A.,Griekspoor T.,58,28,949,1400,4,1.25,2-6 6-0 6-4 6-3
French Open,5/22/2022,Grand Slam,Outdoor,Clay,1st Round,5,Popyrin A.,Fognini F.,Fognini F.,102,51,616,976,2.62,1.5,4-6 5-7 4-6
French Open,5/22/2022,Grand Slam,Outdoor,Clay,1st Round,5,Khachanov K.,Borges N.,Khachanov K.,25,135,1620,467,1.28,3.75,6-3 2-6 6-4 6-4
French Open,5/22/2022,Grand Slam,Outdoor,Clay,1st Round,5,Kokkinakis T.,Ramos-Vinolas A.,Ramos-Vinolas A.,86,44,718,1058,1.8,2,4-6 6-4 4-6 6-7
French Open,5/22/2022,Grand Slam,Outdoor,Clay,1st Round,5,Ugo Carabelli C.,Karatsev A.,Ugo Carabelli C.,155,41,410,1128,2.2,1.66,6-3 4-6 6-4 3-6 7-6
French Open,5/22/2022,Grand Slam,Outdoor,Clay,1st Round,5,Ofner S.,Zverev A.,Zverev A.,219,3,255,7075,11,1.05,2-6 4-6 4-6
French Open,5/22/2022,Grand Slam,Outdoor,Clay,1st Round,5,Kubler J.,Kudla D.,Kubler J.,160,81,367,762,1.5,2.62,7-6 7-6 7-6
French Open,5/22/2022,Grand Slam,Outdoor,Clay,1st Round,5,Mmoh M.,Zapata Miralles B.,Zapata Miralles B.,176,131,330,475,4,1.25,6-7 3-6 5-7
French Open,5/22/2022,Grand Slam,Outdoor,Clay,1st Round,5,Alcaraz C.,Londero J.I.,Alcaraz C.,6,142,4648,442,1.02,19,6-4 6-2 6-0
French Open,5/23/2022,Grand Slam,Outdoor,Clay,1st Round,5,Giannessi A.,Gojo B.,Gojo B.,173,223,334,249,2.1,1.72,4-6 7-6 7-6 6-7 4-6
French Open,5/23/2022,Grand Slam,Outdoor,Clay,1st Round,5,Krajinovic F.,Opelka R.,Krajinovic F.,55,17,965,2180,2.2,1.66,7-6 6-2 6-3
French Open,5/23/2022,Grand Slam,Outdoor,Clay,1st Round,5,Rodriguez Taverna S.,Fritz T.,Fritz T.,201,14,287,2920,6,1.12,6-7 6-3 3-6 6-4 4-6
French Open,5/23/2022,Grand Slam,Outdoor,Clay,1st Round,5,Baez S.,Lajovic D.,Baez S.,36,64,1178,896,1.33,3.4,6-3 3-6 6-4 6-3
French Open,5/23/2022,Grand Slam,Outdoor,Clay,1st Round,5,Majchrzak K.,Nakashima B.,Nakashima B.,79,75,775,827,1.8,2,4-6 6-2 6-4 6-7 2-6
French Open,5/23/2022,Grand Slam,Outdoor,Clay,1st Round,5,Basilashvili N.,Cressy M.,Basilashvili N.,24,62,1628,914,1.3,3.5,3-6 2-6 7-6 6-4 6-4
French Open,5/23/2022,Grand Slam,Outdoor,Clay,1st Round,5,Guinard M.,Norrie C.,Norrie C.,146,11,429,3455,8,1.08,5-7 2-6 0-6
French Open,5/23/2022,Grand Slam,Outdoor,Clay,1st Round,5,Moutet C.,Wawrinka S.,Moutet C.,139,264,451,204,2.3,1.61,2-6 6-3 7-6 6-3
French Open,5/23/2022,Grand Slam,Outdoor,Clay,1st Round,5,Cerundolo F.,Evans D.,Evans D.,45,32,1051,1232,1.8,2,6-7 4-6 4-6
French Open,5/23/2022,Grand Slam,Outdoor,Clay,1st Round,5,Nadal R.,Thompson J.,Nadal R.,5,82,5525,748,1.01,23,6-2 6-2 6-2
French Open,5/23/2022,Grand Slam,Outdoor,Clay,1st Round,5,Agamenone F.,Mcdonald M.,Mcdonald M.,156,60,407,941,2.3,1.61,6-1 2-6 3-6 6-7
French Open,5/23/2022,Grand Slam,Outdoor,Clay,1st Round,5,Kecmanovic M.,Etcheverry T.,Kecmanovic M.,31,88,1316,710,1.11,6.5,6-3 7-5 6-3
French Open,5/23/2022,Grand Slam,Outdoor,Clay,1st Round,5,Gombos N.,Cachin P.,Cachin P.,112,153,551,412,2.75,1.44,1-6 6-3 2-6 3-6
French Open,5/23/2022,Grand Slam,Outdoor,Clay,1st Round,5,Fucsovics M.,Blancaneaux G.,Fucsovics M.,57,191,955,295,1.33,3.4,6-2 6-4 6-4
French Open,5/23/2022,Grand Slam,Outdoor,Clay,1st Round,5,Duckworth J.,Ymer M.,Ymer M.,72,95,848,672,3.4,1.33,2-6 4-6 2-6
French Open,5/23/2022,Grand Slam,Outdoor,Clay,1st Round,5,Cilic M.,Balazs A.,Cilic M.,23,262,1695,207,1.06,10,6-0 6-1 6-2
French Open,5/23/2022,Grand Slam,Outdoor,Clay,1st Round,5,Nishioka Y.,Djokovic N.,Djokovic N.,99,1,654,8660,26,1.01,3-6 1-6 0-6
French Open,5/24/2022,Grand Slam,Outdoor,Clay,1st Round,5,Sousa J.,Tseng C. H.,Sousa J.,63,109,906,565,1.8,2,6-7 6-1 4-6 6-1 6-4
French Open,5/24/2022,Grand Slam,Outdoor,Clay,1st Round,5,Shapovalov D.,Rune H.,Rune H.,15,40,2531,1159,1.8,2,3-6 1-6 6-7
French Open,5/24/2022,Grand Slam,Outdoor,Clay,1st Round,5,Ruusuvuori E.,Humbert U.,Ruusuvuori E.,61,46,920,1044,1.66,2.2,6-2 2-6 6-7 6-4 6-2
French Open,5/24/2022,Grand Slam,Outdoor,Clay,1st Round,5,Bagnis F.,Medvedev D.,Medvedev D.,103,2,600,7980,7,1.1,2-6 2-6 2-6
French Open,5/24/2022,Grand Slam,Outdoor,Clay,1st Round,5,Djere L.,Berankis R.,Djere L.,56,101,956,645,1.12,6,6-4 6-4 6-4
French Open,5/24/2022,Grand Slam,Outdoor,Clay,1st Round,5,Millman J.,Korda S.,Korda S.,91,30,693,1326,5.5,1.14,1-6 5-7 6-7
French Open,5/24/2022,Grand Slam,Outdoor,Clay,1st Round,5,Bublik A.,Rinderknech A.,Bublik A.,42,68,1083,862,2.5,1.53,6-2 6-4 6-4
French Open,5/24/2022,Grand Slam,Outdoor,Clay,1st Round,5,Coria F.,Molcan A.,Molcan A.,54,38,967,1163,2.75,1.44,3-6 4-6 6-3 3-6
French Open,5/24/2022,Grand Slam,Outdoor,Clay,1st Round,5,Gasquet R.,Harris L.,Gasquet R.,70,39,853,1160,1.5,2.62,6-1 6-3 6-4
French Open,5/24/2022,Grand Slam,Outdoor,Clay,1st Round,5,Paul T.,Garin C.,Garin C.,33,37,1218,1168,2.3,1.61,7-5 1-6 2-6 3-6
French Open,5/24/2022,Grand Slam,Outdoor,Clay,1st Round,5,Goffin D.,Lehecka J.,Goffin D.,48,77,1023,801,1.36,3.2,6-4 4-6 6-4 6-4
French Open,5/24/2022,Grand Slam,Outdoor,Clay,1st Round,5,Tsonga J.W.,Ruud C.,Ruud C.,297,8,168,3940,15,1.03,7-6 6-7 2-6 6-7
French Open,5/24/2022,Grand Slam,Outdoor,Clay,1st Round,5,Ivashka I.,Paire B.,Ivashka I.,50,78,1010,784,1.5,2.62,6-3 7-5 1-6 7-5
French Open,5/24/2022,Grand Slam,Outdoor,Clay,1st Round,5,Martinez P.,Laaksonen H.,Laaksonen H.,43,96,1070,668,1.25,4,6-2 4-6 4-6 6-7
French Open,5/24/2022,Grand Slam,Outdoor,Clay,1st Round,5,Rublev A.,Kwon S.W.,Rublev A.,7,71,3945,852,1.08,8,6-7 6-3 6-2 6-4
French Open,5/24/2022,Grand Slam,Outdoor,Clay,1st Round,5,Gojowczyk P.,Sonego L.,Sonego L.,94,35,672,1190,8,1.08,2-6 2-6 1-6
French Open,5/24/2022,Grand Slam,Outdoor,Clay,1st Round,5,Delbonis F.,Mannarino A.,Delbonis F.,65,69,894,858,1.36,3.2,6-1 7-6 6-2
French Open,5/24/2022,Grand Slam,Outdoor,Clay,1st Round,5,Bonzi B.,Tiafoe F.,Tiafoe F.,52,27,971,1599,2.5,1.53,5-7 5-7 6-7
French Open,5/24/2022,Grand Slam,Outdoor,Clay,1st Round,5,Gaston H.,De Minaur A.,Gaston H.,74,20,828,1838,4.5,1.2,4-6 6-2 6-3 0-6 7-6
French Open,5/24/2022,Grand Slam,Outdoor,Clay,1st Round,5,Otte O.,Carballes Baena R.,Carballes Baena R.,59,89,947,704,1.66,2.2,6-7 1-6 6-3 6-2 3-6
French Open,5/24/2022,Grand Slam,Outdoor,Clay,1st Round,5,Cecchinato M.,Andujar P.,Cecchinato M.,132,98,475,656,1.9,1.9,4-6 4-6 6-0 7-5 6-0
French Open,5/24/2022,Grand Slam,Outdoor,Clay,1st Round,5,Zeppieri G.,Hurkacz H.,Hurkacz H.,216,13,260,3095,6,1.12,5-7 2-6 5-7
French Open,5/24/2022,Grand Slam,Outdoor,Clay,1st Round,5,Sinner J.,Fratangelo B.,Sinner J.,12,186,3185,307,1.06,10,6-3 6-2 6-3
French Open,5/24/2022,Grand Slam,Outdoor,Clay,1st Round,5,Pouille L.,Kolar Z.,Kolar Z.,162,134,360,468,1.9,1.9,3-6 6-4 5-7 4-6
French Open,5/24/2022,Grand Slam,Outdoor,Clay,1st Round,5,Johnson S.,Vesely J.,Johnson S.,92,73,689,847,2.3,1.61,6-7 7-6 6-3 6-2
French Open,5/24/2022,Grand Slam,Outdoor,Clay,1st Round,5,Musetti L.,Tsitsipas S.,Tsitsipas S.,66,4,867,5965,7,1.1,7-5 6-4 2-6 3-6 2-6
French Open,5/24/2022,Grand Slam,Outdoor,Clay,1st Round,5,Simon G.,Carreno Busta P.,Simon G.,158,18,391,2135,13,1.04,6-4 6-4 4-6 1-6 6-4
French Open,5/25/2022,Grand Slam,Outdoor,Clay,2nd Round,5,Dellien H.,Khachanov K.,Khachanov K.,90,25,703,1620,2.75,1.44,6-4 4-6 6-7 3-6
French Open,5/25/2022,Grand Slam,Outdoor,Clay,2nd Round,5,Auger-Aliassime F.,Ugo Carabelli C.,Auger-Aliassime F.,9,155,3820,410,1.1,7,6-0 6-3 6-4
French Open,5/25/2022,Grand Slam,Outdoor,Clay,2nd Round,5,Barrere G.,Isner J.,Isner J.,210,26,269,1616,4,1.25,4-6 4-6 6-3 6-7
French Open,5/25/2022,Grand Slam,Outdoor,Clay,2nd Round,5,Bedene A.,Cuevas P.,Bedene A.,195,149,291,418,2.5,1.53,4-6 6-4 7-6 6-4
French Open,5/25/2022,Grand Slam,Outdoor,Clay,2nd Round,5,Kubler J.,Norrie C.,Norrie C.,160,11,367,3455,8,1.08,3-6 4-6 3-6
French Open,5/25/2022,Grand Slam,Outdoor,Clay,2nd Round,5,Zapata Miralles B.,Fritz T.,Zapata Miralles B.,131,14,475,2920,2.75,1.44,3-6 6-2 6-2 6-3
French Open,5/25/2022,Grand Slam,Outdoor,Clay,2nd Round,5,Gojo B.,Krajinovic F.,Krajinovic F.,223,55,249,965,5,1.16,6-7 2-6 7-5 1-6
French Open,5/25/2022,Grand Slam,Outdoor,Clay,2nd Round,5,Zverev A.,Baez S.,Zverev A.,3,36,7075,1178,1.14,5.5,2-6 4-6 6-1 6-2 7-5
French Open,5/25/2022,Grand Slam,Outdoor,Clay,2nd Round,5,Munar J.,Schwartzman D.,Schwartzman D.,87,16,710,2505,3.4,1.33,6-2 7-6 2-6 2-6 2-6
French Open,5/25/2022,Grand Slam,Outdoor,Clay,2nd Round,5,Alcaraz C.,Ramos-Vinolas A.,Alcaraz C.,6,44,4648,1058,1.03,15,6-1 6-7 5-7 7-6 6-4
French Open,5/25/2022,Grand Slam,Outdoor,Clay,2nd Round,5,Molcan A.,Djokovic N.,Djokovic N.,38,1,1163,8660,15,1.03,2-6 3-6 6-7
French Open,5/25/2022,Grand Slam,Outdoor,Clay,2nd Round,5,Nakashima B.,Griekspoor T.,Nakashima B.,75,58,827,949,2.62,1.5,7-6 6-4 6-2
French Open,5/25/2022,Grand Slam,Outdoor,Clay,2nd Round,5,Coric B.,Dimitrov G.,Dimitrov G.,279,21,183,1740,4,1.25,0-6 4-6 3-6
French Open,5/25/2022,Grand Slam,Outdoor,Clay,2nd Round,5,Korda S.,Gasquet R.,Korda S.,30,70,1326,853,1.4,3,7-6 6-3 6-3
French Open,5/25/2022,Grand Slam,Outdoor,Clay,2nd Round,5,Moutet C.,Nadal R.,Nadal R.,139,5,451,5525,15,1.03,3-6 1-6 4-6
French Open,5/26/2022,Grand Slam,Outdoor,Clay,2nd Round,5,Ruud C.,Ruusuvuori E.,Ruud C.,8,61,3940,920,1.12,6,6-3 6-4 6-2
French Open,5/26/2022,Grand Slam,Outdoor,Clay,2nd Round,5,Laaksonen H.,Rune H.,Rune H.,96,40,668,1159,6,1.12,2-6 3-6 3-6
French Open,5/26/2022,Grand Slam,Outdoor,Clay,2nd Round,5,Medvedev D.,Djere L.,Medvedev D.,2,56,7980,956,1.36,3.2,6-3 6-4 6-3
French Open,5/26/2022,Grand Slam,Outdoor,Clay,2nd Round,5,Bublik A.,Kecmanovic M.,Kecmanovic M.,42,31,1083,1316,4.5,1.2,6-4 5-7 2-6 1-6
French Open,5/26/2022,Grand Slam,Outdoor,Clay,2nd Round,5,Goffin D.,Tiafoe F.,Goffin D.,48,27,1023,1599,1.66,2.2,3-6 7-6 6-2 6-4
French Open,5/26/2022,Grand Slam,Outdoor,Clay,2nd Round,5,Cachin P.,Gaston H.,Gaston H.,153,74,412,828,1.9,1.9,4-6 2-6 4-6
French Open,5/26/2022,Grand Slam,Outdoor,Clay,2nd Round,5,Cilic M.,Fucsovics M.,Cilic M.,23,57,1695,955,1.44,2.75,4-6 6-4 6-2 6-3
French Open,5/26/2022,Grand Slam,Outdoor,Clay,2nd Round,5,Sousa J.,Sonego L.,Sonego L.,63,35,906,1190,3,1.4,6-7 3-6 4-6
French Open,5/26/2022,Grand Slam,Outdoor,Clay,2nd Round,5,Mcdonald M.,Basilashvili N.,Mcdonald M.,60,24,941,1628,2.5,1.53,6-3 6-1 6-4
French Open,5/26/2022,Grand Slam,Outdoor,Clay,2nd Round,5,Cecchinato M.,Hurkacz H.,Hurkacz H.,132,13,475,3095,5.5,1.14,1-6 4-6 2-6
French Open,5/26/2022,Grand Slam,Outdoor,Clay,2nd Round,5,Garin C.,Ivashka I.,Garin C.,37,50,1168,1010,1.5,2.62,6-3 7-6 4-6 6-3
French Open,5/26/2022,Grand Slam,Outdoor,Clay,2nd Round,5,Evans D.,Ymer M.,Ymer M.,32,95,1232,672,1.44,2.75,3-6 6-3 2-6 3-6
French Open,5/26/2022,Grand Slam,Outdoor,Clay,2nd Round,5,Simon G.,Johnson S.,Simon G.,158,92,391,689,2.62,1.5,7-5 6-1 7-6
French Open,5/26/2022,Grand Slam,Outdoor,Clay,2nd Round,5,Kolar Z.,Tsitsipas S.,Tsitsipas S.,134,4,468,5965,17,1.02,3-6 6-7 7-6 6-7
French Open,5/26/2022,Grand Slam,Outdoor,Clay,2nd Round,5,Sinner J.,Carballes Baena R.,Sinner J.,12,89,3185,704,1.07,9,3-6 6-4 6-4 6-3
French Open,5/26/2022,Grand Slam,Outdoor,Clay,2nd Round,5,Delbonis F.,Rublev A.,Rublev A.,65,7,894,3945,6,1.12,3-6 6-3 2-6 3-6
French Open,5/27/2022,Grand Slam,Outdoor,Clay,3rd Round,5,Schwartzman D.,Dimitrov G.,Schwartzman D.,16,21,2505,1740,2.37,1.57,6-3 6-1 6-2
French Open,5/27/2022,Grand Slam,Outdoor,Clay,3rd Round,5,Krajinovic F.,Auger-Aliassime F.,Auger-Aliassime F.,55,9,965,3820,3.5,1.3,6-7 6-7 5-7
French Open,5/27/2022,Grand Slam,Outdoor,Clay,3rd Round,5,Djokovic N.,Bedene A.,Djokovic N.,1,195,8660,291,1.01,21,6-3 6-3 6-2
French Open,5/27/2022,Grand Slam,Outdoor,Clay,3rd Round,5,Van De Zandschulp B.,Nadal R.,Nadal R.,29,5,1344,5525,11,1.05,3-6 2-6 4-6
French Open,5/27/2022,Grand Slam,Outdoor,Clay,3rd Round,5,Zapata Miralles B.,Isner J.,Zapata Miralles B.,131,26,475,1616,2.37,1.57,6-4 3-6 6-4 6-7 6-3
French Open,5/27/2022,Grand Slam,Outdoor,Clay,3rd Round,5,Nakashima B.,Zverev A.,Zverev A.,75,3,827,7075,8,1.08,6-7 3-6 6-7
French Open,5/27/2022,Grand Slam,Outdoor,Clay,3rd Round,5,Khachanov K.,Norrie C.,Khachanov K.,25,11,1620,3455,2.5,1.53,6-2 7-5 5-7 6-4
French Open,5/27/2022,Grand Slam,Outdoor,Clay,3rd Round,5,Korda S.,Alcaraz C.,Alcaraz C.,30,6,1326,4648,5,1.16,4-6 4-6 2-6
French Open,5/28/2022,Grand Slam,Outdoor,Clay,3rd Round,5,Sinner J.,Mcdonald M.,Sinner J.,12,60,3185,941,1.07,9,6-3 7-6 6-3
French Open,5/28/2022,Grand Slam,Outdoor,Clay,3rd Round,5,Garin C.,Rublev A.,Rublev A.,37,7,1168,3945,4,1.25,4-6 6-3 2-6 6-7
French Open,5/28/2022,Grand Slam,Outdoor,Clay,3rd Round,5,Medvedev D.,Kecmanovic M.,Medvedev D.,2,31,7980,1316,1.66,2.2,6-2 6-4 6-2
French Open,5/28/2022,Grand Slam,Outdoor,Clay,3rd Round,5,Simon G.,Cilic M.,Cilic M.,158,23,391,1695,4.33,1.22,0-6 3-6 2-6
French Open,5/28/2022,Grand Slam,Outdoor,Clay,3rd Round,5,Hurkacz H.,Goffin D.,Hurkacz H.,13,48,3095,1023,1.66,2.2,7-5 6-2 6-1
French Open,5/28/2022,Grand Slam,Outdoor,Clay,3rd Round,5,Ymer M.,Tsitsipas S.,Tsitsipas S.,95,4,672,5965,11,1.05,2-6 2-6 1-6
French Open,5/28/2022,Grand Slam,Outdoor,Clay,3rd Round,5,Ruud C.,Sonego L.,Ruud C.,8,35,3940,1190,1.16,5,6-2 6-7 1-6 6-4 6-3
French Open,5/28/2022,Grand Slam,Outdoor,Clay,3rd Round,5,Gaston H.,Rune H.,Rune H.,74,40,828,1159,3.5,1.3,3-6 3-6 3-6
French Open,5/29/2022,Grand Slam,Outdoor,Clay,4th Round,5,Djokovic N.,Schwartzman D.,Djokovic N.,1,16,8660,2505,1.07,9,6-1 6-3 6-3
French Open,5/29/2022,Grand Slam,Outdoor,Clay,4th Round,5,Zapata Miralles B.,Zverev A.,Zverev A.,131,3,475,7075,10,1.06,6-7 5-7 3-6
French Open,5/29/2022,Grand Slam,Outdoor,Clay,4th Round,5,Nadal R.,Auger-Aliassime F.,Nadal R.,5,9,5525,3820,1.14,5.5,3-6 6-3 6-2 3-6 6-3
French Open,5/29/2022,Grand Slam,Outdoor,Clay,4th Round,5,Khachanov K.,Alcaraz C.,Alcaraz C.,25,6,1620,4648,7,1.1,1-6 4-6 4-6
French Open,5/30/2022,Grand Slam,Outdoor,Clay,4th Round,5,Ruud C.,Hurkacz H.,Ruud C.,8,13,3940,3095,1.57,2.37,6-2 6-3 3-6 6-3
French Open,5/30/2022,Grand Slam,Outdoor,Clay,4th Round,5,Tsitsipas S.,Rune H.,Rune H.,4,40,5965,1159,1.2,4.5,5-7 6-3 3-6 4-6
French Open,5/30/2022,Grand Slam,Outdoor,Clay,4th Round,5,Cilic M.,Medvedev D.,Cilic M.,23,2,1695,7980,3.75,1.28,6-2 6-3 6-2
French Open,5/31/2022,Grand Slam,Outdoor,Clay,Quarterfinals,5,Alcaraz C.,Zverev A.,Zverev A.,6,3,4648,7075,1.22,4.33,4-6 4-6 6-4 6-7
French Open,5/31/2022,Grand Slam,Outdoor,Clay,Quarterfinals,5,Nadal R.,Djokovic N.,Nadal R.,5,1,5525,8660,2.75,1.44,6-2 4-6 6-2 7-6
French Open,6/1/2022,Grand Slam,Outdoor,Clay,Quarterfinals,5,Rublev A.,Cilic M.,Cilic M.,7,23,3945,1695,1.72,2.1,7-5 3-6 4-6 6-3 6-7
French Open,6/1/2022,Grand Slam,Outdoor,Clay,Quarterfinals,5,Ruud C.,Rune H.,Ruud C.,8,40,3940,1159,1.44,2.75,6-1 4-6 7-6 6-3
French Open,6/3/2022,Grand Slam,Outdoor,Clay,Semifinals,5,Cilic M.,Ruud C.,Ruud C.,23,8,1695,3940,2.75,1.44,6-3 4-6 2-6 2-6
French Open,6/5/2022,Grand Slam,Outdoor,Clay,The Final,5,Nadal R.,Ruud C.,Nadal R.,5,8,5525,3940,1.16,5.5,6-3 6-3 6-0
Wimbledon,6/27/2022,Grand Slam,Outdoor,Grass,1st Round,5,Rosol L.,Basilashvili N.,Basilashvili N.,280,26,181,1473,3.5,1.3,7-6 6-7 6-3 3-6 3-6
Wimbledon,6/27/2022,Grand Slam,Outdoor,Grass,1st Round,5,Halys Q.,Paire B.,Halys Q.,82,73,687,771,1.36,3.2,4-6 6-1 6-2 6-4
Wimbledon,6/27/2022,Grand Slam,Outdoor,Grass,1st Round,5,Etcheverry T.,Humbert U.,Humbert U.,77,112,750,521,6.5,1.11,3-6 6-3 6-4 3-6 4-6
Wimbledon,6/27/2022,Grand Slam,Outdoor,Grass,1st Round,5,Ruud C.,Ramos-Vinolas A.,Ruud C.,6,39,5050,1080,1.2,4.5,7-6 7-6 6-2
Wimbledon,6/27/2022,Grand Slam,Outdoor,Grass,1st Round,5,Bedene A.,Marterer M.,Marterer M.,200,172,283,319,1.72,2.1,6-4 5-7 4-6 5-7
Wimbledon,6/27/2022,Grand Slam,Outdoor,Grass,1st Round,5,Norrie C.,Andujar P.,Norrie C.,12,100,3200,576,1.02,17,6-0 7-6 6-3
Wimbledon,6/27/2022,Grand Slam,Outdoor,Grass,1st Round,5,Monteiro T.,Munar J.,Munar J.,89,71,643,780,1.61,2.3,2-6 4-6 5-7
Wimbledon,6/27/2022,Grand Slam,Outdoor,Grass,1st Round,5,Davidovich Fokina A.,Hurkacz H.,Davidovich Fokina A.,37,10,1120,3735,5.5,1.14,7-6 6-4 5-7 2-6 7-6
Wimbledon,6/27/2022,Grand Slam,Outdoor,Grass,1st Round,5,Purcell M.,Mannarino A.,Mannarino A.,209,86,272,665,3.75,1.28,3-6 6-7 6-4 6-4 4-6
Wimbledon,6/27/2022,Grand Slam,Outdoor,Grass,1st Round,5,Paul T.,Verdasco F.,Paul T.,32,115,1208,517,1.14,5.5,6-1 6-2 7-6
Wimbledon,6/27/2022,Grand Slam,Outdoor,Grass,1st Round,5,Vavassori A.,Tiafoe F.,Tiafoe F.,256,28,205,1439,6.5,1.11,4-6 4-6 4-6
Wimbledon,6/27/2022,Grand Slam,Outdoor,Grass,1st Round,5,Djokovic N.,Kwon S.W.,Djokovic N.,3,81,6770,698,1.005,34,6-3 3-6 6-3 6-4
Wimbledon,6/27/2022,Grand Slam,Outdoor,Grass,1st Round,5,Couacaud E.,Isner J.,Isner J.,206,24,276,1616,5,1.16,7-6 6-7 6-4 3-6 5-7
Wimbledon,6/27/2022,Grand Slam,Outdoor,Grass,1st Round,5,Kokkinakis T.,Majchrzak K.,Kokkinakis T.,79,91,728,635,2.1,1.72,7-6 6-2 7-5
Wimbledon,6/27/2022,Grand Slam,Outdoor,Grass,1st Round,5,Struff J.L.,Alcaraz C.,Alcaraz C.,155,7,363,4890,4,1.25,6-4 5-7 6-4 6-7 4-6
Wimbledon,6/27/2022,Grand Slam,Outdoor,Grass,1st Round,5,Tabilo A.,Djere L.,Tabilo A.,78,57,746,946,2.62,1.5,7-6 6-2 1-6 4-6 7-6
Wimbledon,6/27/2022,Grand Slam,Outdoor,Grass,1st Round,5,Coria F.,Vesely J.,Vesely J.,67,68,840,829,11,1.05,3-6 2-6 6-7
Wimbledon,6/27/2022,Grand Slam,Outdoor,Grass,1st Round,5,Van Rijthoven T.,Delbonis F.,Van Rijthoven T.,104,84,546,679,1.12,6,7-6 6-1 6-2
Wimbledon,6/27/2022,Grand Slam,Outdoor,Grass,1st Round,5,Wawrinka S.,Sinner J.,Sinner J.,267,13,191,3185,3.4,1.33,5-7 6-4 3-6 2-6
Wimbledon,6/27/2022,Grand Slam,Outdoor,Grass,1st Round,5,Kecmanovic M.,Millman J.,Kecmanovic M.,30,85,1306,676,1.44,2.75,6-3 2-6 6-3 6-4
Wimbledon,6/27/2022,Grand Slam,Outdoor,Grass,1st Round,5,Fognini F.,Griekspoor T.,Griekspoor T.,63,53,896,984,3.2,1.36,7-5 5-7 3-6 4-6
Wimbledon,6/27/2022,Grand Slam,Outdoor,Grass,1st Round,5,Murray A.,Duckworth J.,Murray A.,52,74,995,766,1.16,5,4-6 6-3 6-2 6-4
Wimbledon,6/27/2022,Grand Slam,Outdoor,Grass,1st Round,5,Fucsovics M.,Bublik A.,Bublik A.,59,38,922,1105,2.37,1.57,1-6 2-6 4-6
Wimbledon,6/27/2022,Grand Slam,Outdoor,Grass,1st Round,5,Otte O.,Gojowczyk P.,Otte O.,36,92,1155,630,1.14,5.5,6-1 6-2 6-1
Wimbledon,6/28/2022,Grand Slam,Outdoor,Grass,1st Round,5,Laaksonen H.,Peniston R.,Peniston R.,96,135,606,440,4.5,1.2,4-6 3-6 2-6
Wimbledon,6/28/2022,Grand Slam,Outdoor,Grass,1st Round,5,Grenier H.,Huesler M.A.,Grenier H.,141,105,424,546,2.37,1.57,6-3 7-6 6-7 2-6 6-4
Wimbledon,6/28/2022,Grand Slam,Outdoor,Grass,1st Round,5,Albot R.,Goffin D.,Goffin D.,113,58,521,930,2.62,1.5,2-6 2-6 6-7
Wimbledon,6/28/2022,Grand Slam,Outdoor,Grass,1st Round,5,Baez S.,Daniel T.,Baez S.,35,118,1168,504,1.9,1.9,6-4 6-4 7-5
Wimbledon,6/28/2022,Grand Slam,Outdoor,Grass,1st Round,5,Sousa J.,Gasquet R.,Gasquet R.,60,69,918,817,2.62,1.5,6-7 2-6 6-4 6-4 3-6
Wimbledon,6/28/2022,Grand Slam,Outdoor,Grass,1st Round,5,Opelka R.,Taberner C.,Opelka R.,18,98,2100,585,1.16,5,7-6 6-4 6-4
Wimbledon,6/28/2022,Grand Slam,Outdoor,Grass,1st Round,5,Jubb P.,Kyrgios N.,Kyrgios N.,219,40,256,1070,9,1.07,6-3 1-6 5-7 7-6 5-7
Wimbledon,6/28/2022,Grand Slam,Outdoor,Grass,1st Round,5,Molcan A.,Martinez P.,Molcan A.,51,50,1006,1010,1.44,2.75,4-6 6-4 6-4 6-1
Wimbledon,6/28/2022,Grand Slam,Outdoor,Grass,1st Round,5,Altmaier D.,Ymer M.,Ymer M.,61,88,904,653,1.9,1.9,3-6 5-7 5-7
Wimbledon,6/28/2022,Grand Slam,Outdoor,Grass,1st Round,5,De Minaur A.,Dellien H.,De Minaur A.,27,80,1473,704,1.03,15,6-1 6-3 7-5
Wimbledon,6/28/2022,Grand Slam,Outdoor,Grass,1st Round,5,Kukushkin M.,Brooksby J.,Brooksby J.,164,34,334,1187,3,1.4,3-6 2-6 3-6
Wimbledon,6/28/2022,Grand Slam,Outdoor,Grass,1st Round,5,Berankis R.,Querrey S.,Berankis R.,106,157,545,352,4,1.25,6-4 7-5 6-3
Wimbledon,6/28/2022,Grand Slam,Outdoor,Grass,1st Round,5,Clarke J.,Harrison C.,Harrison C.,156,251,361,210,2.1,1.72,6-7 1-6 6-7
Wimbledon,6/28/2022,Grand Slam,Outdoor,Grass,1st Round,5,Bonzi B.,Kolar Z.,Bonzi B.,47,119,1026,503,1.1,7,6-3 6-3 6-1
Wimbledon,6/28/2022,Grand Slam,Outdoor,Grass,1st Round,5,Ymer E.,Garin C.,Garin C.,137,43,439,1055,2.5,1.53,3-6 5-7 4-6
Wimbledon,6/28/2022,Grand Slam,Outdoor,Grass,1st Round,5,Gaston H.,Popyrin A.,Gaston H.,66,83,863,682,2.5,1.53,6-2 4-6 0-6 7-6 6-3
Wimbledon,6/28/2022,Grand Slam,Outdoor,Grass,1st Round,5,Zapata Miralles B.,Sock J.,Sock J.,90,103,639,557,3.4,1.33,6-7 4-6 4-6
Wimbledon,6/28/2022,Grand Slam,Outdoor,Grass,1st Round,5,Mcdonald M.,Borges N.,Mcdonald M.,55,123,971,493,1.33,3.4,6-4 6-4 7-6
Wimbledon,6/28/2022,Grand Slam,Outdoor,Grass,1st Round,5,Rune H.,Giron M.,Giron M.,29,65,1420,866,2.1,1.72,3-6 5-7 4-6
Wimbledon,6/28/2022,Grand Slam,Outdoor,Grass,1st Round,5,Sonego L.,Kudla D.,Sonego L.,54,75,980,763,1.9,1.9,6-7 6-3 7-5 4-6 6-2
Wimbledon,6/28/2022,Grand Slam,Outdoor,Grass,1st Round,5,Lehecka J.,Krajinovic F.,Krajinovic F.,72,31,776,1300,3.2,1.36,7-5 4-6 7-6 6-7 4-6
Wimbledon,6/28/2022,Grand Slam,Outdoor,Grass,1st Round,5,Draper J.,Bergs Z.,Draper J.,94,146,627,403,1.33,3.4,6-4 6-4 7-6
Wimbledon,6/28/2022,Grand Slam,Outdoor,Grass,1st Round,5,Cerundolo F.,Nadal R.,Nadal R.,41,4,1070,6525,13,1.04,4-6 3-6 6-3 4-6
Wimbledon,6/28/2022,Grand Slam,Outdoor,Grass,1st Round,5,Thompson J.,Carballes Baena R.,Thompson J.,76,87,750,663,1.08,8,6-4 6-1 6-1
Wimbledon,6/28/2022,Grand Slam,Outdoor,Grass,1st Round,5,Auger-Aliassime F.,Cressy M.,Cressy M.,9,45,3760,1047,1.3,3.5,7-6 4-6 6-7 6-7
Wimbledon,6/28/2022,Grand Slam,Outdoor,Grass,1st Round,5,Van De Zandschulp B.,Lopez F.,Van De Zandschulp B.,25,240,1518,222,1.2,4.5,6-2 6-3 6-3
Wimbledon,6/28/2022,Grand Slam,Outdoor,Grass,1st Round,5,Nishioka Y.,Ruusuvuori E.,Ruusuvuori E.,101,49,574,1015,5.5,1.14,2-6 2-6 6-4 4-6
Wimbledon,6/28/2022,Grand Slam,Outdoor,Grass,1st Round,5,Gray A.,Tseng C.H.,Gray A.,288,95,173,626,2.2,1.66,6-3 6-3 7-6
Wimbledon,6/28/2022,Grand Slam,Outdoor,Grass,1st Round,5,Kozlov S.,Schwartzman D.,Schwartzman D.,107,15,543,2325,4.5,1.2,3-6 2-6 2-6
Wimbledon,6/28/2022,Grand Slam,Outdoor,Grass,1st Round,5,Nakashima B.,Kuhn N.,Nakashima B.,56,261,969,200,1.08,8,6-3 6-7 6-3 6-2
Wimbledon,6/28/2022,Grand Slam,Outdoor,Grass,1st Round,5,Rinderknech A.,Shapovalov D.,Shapovalov D.,62,16,901,2293,3.2,1.36,1-6 7-6 7-6 4-6 1-6
Wimbledon,6/28/2022,Grand Slam,Outdoor,Grass,1st Round,5,Broady L.,Klein L.,Broady L.,132,243,444,217,1.66,2.2,4-6 6-3 7-5 6-7 6-3
Wimbledon,6/28/2022,Grand Slam,Outdoor,Grass,1st Round,5,Ritschard A.,Tsitsipas S.,Tsitsipas S.,188,5,295,5150,11,1.05,6-7 3-6 7-5 4-6
Wimbledon,6/28/2022,Grand Slam,Outdoor,Grass,1st Round,5,Galan D.E.,Koepfer D.,Galan D.E.,109,117,528,505,2.37,1.57,6-4 7-5 7-6
Wimbledon,6/28/2022,Grand Slam,Outdoor,Grass,1st Round,5,Balazs A.,Bautista Agut R.,Bautista Agut R.,331,19,136,2008,19,1.02,1-6 0-6 3-6
Wimbledon,6/28/2022,Grand Slam,Outdoor,Grass,1st Round,5,Novak D.,Bagnis F.,Novak D.,153,102,371,558,1.2,4.5,7-6 2-6 6-4 6-3
Wimbledon,6/28/2022,Grand Slam,Outdoor,Grass,1st Round,5,Evans D.,Kubler J.,Kubler J.,33,99,1198,580,1.25,4,1-6 4-6 3-6
Wimbledon,6/28/2022,Grand Slam,Outdoor,Grass,1st Round,5,Fritz T.,Musetti L.,Fritz T.,14,70,3045,790,1.16,5,6-4 6-4 6-3
Wimbledon,6/29/2022,Grand Slam,Outdoor,Grass,2nd Round,5,Baez S.,Goffin D.,Goffin D.,35,58,1168,930,2.37,1.57,1-6 2-6 4-6
Wimbledon,6/29/2022,Grand Slam,Outdoor,Grass,2nd Round,5,Johnson S.,Peniston R.,Johnson S.,93,135,627,440,2.2,1.66,6-3 6-2 6-4
Wimbledon,6/29/2022,Grand Slam,Outdoor,Grass,2nd Round,5,Tabilo A.,Kecmanovic M.,Kecmanovic M.,78,30,746,1306,4.33,1.22,6-7 6-7 6-3 3-6
Wimbledon,6/29/2022,Grand Slam,Outdoor,Grass,2nd Round,5,Humbert U.,Ruud C.,Humbert U.,112,6,521,5050,2.37,1.57,3-6 6-2 7-5 6-4
Wimbledon,6/29/2022,Grand Slam,Outdoor,Grass,2nd Round,5,Marterer M.,Tiafoe F.,Tiafoe F.,172,28,319,1439,4.5,1.2,2-6 2-6 6-7
Wimbledon,6/29/2022,Grand Slam,Outdoor,Grass,2nd Round,5,Djokovic N.,Kokkinakis T.,Djokovic N.,3,79,6770,728,1.02,17,6-1 6-4 6-2
Wimbledon,6/29/2022,Grand Slam,Outdoor,Grass,2nd Round,5,Lajovic D.,Bublik A.,Bublik A.,64,38,883,1105,4.5,1.2,6-7 2-6 5-7
Wimbledon,6/29/2022,Grand Slam,Outdoor,Grass,2nd Round,5,Norrie C.,Munar J.,Norrie C.,12,71,3200,780,1.11,6.5,6-4 3-6 5-7 6-0 6-2
Wimbledon,6/29/2022,Grand Slam,Outdoor,Grass,2nd Round,5,Halys Q.,Basilashvili N.,Basilashvili N.,82,26,687,1473,2.2,1.66,6-7 6-0 5-7 6-7
Wimbledon,6/29/2022,Grand Slam,Outdoor,Grass,2nd Round,5,Sinner J.,Ymer M.,Sinner J.,13,88,3185,653,1.2,4.5,6-4 6-3 5-7 6-2
Wimbledon,6/29/2022,Grand Slam,Outdoor,Grass,2nd Round,5,Davidovich Fokina A.,Vesely J.,Vesely J.,37,68,1120,829,1.61,2.3,3-6 7-5 7-6 3-6 6-7
Wimbledon,6/29/2022,Grand Slam,Outdoor,Grass,2nd Round,5,Paul T.,Mannarino A.,Paul T.,32,86,1208,665,1.61,2.3,6-2 6-4 6-1
Wimbledon,6/29/2022,Grand Slam,Outdoor,Grass,2nd Round,5,Opelka R.,Van Rijthoven T.,Van Rijthoven T.,18,104,2100,546,2,1.8,4-6 7-6 6-7 6-7
Wimbledon,6/29/2022,Grand Slam,Outdoor,Grass,2nd Round,5,Isner J.,Murray A.,Isner J.,24,52,1616,995,3.2,1.36,6-4 7-6 6-7 6-4
Wimbledon,6/29/2022,Grand Slam,Outdoor,Grass,2nd Round,5,Griekspoor T.,Alcaraz C.,Alcaraz C.,53,7,984,4890,3.4,1.33,4-6 6-7 3-6
Wimbledon,6/30/2022,Grand Slam,Outdoor,Grass,2nd Round,5,Gasquet R.,Mcdonald M.,Gasquet R.,69,55,817,971,2.2,1.66,6-3 3-6 6-4 6-3
Wimbledon,6/30/2022,Grand Slam,Outdoor,Grass,2nd Round,5,Giron M.,Molcan A.,Molcan A.,65,51,866,1006,1.61,2.3,3-6 2-6 4-6
Wimbledon,6/30/2022,Grand Slam,Outdoor,Grass,2nd Round,5,Van De Zandschulp B.,Ruusuvuori E.,Van De Zandschulp B.,25,49,1518,1015,1.72,2.1,3-6 6-1 6-4 6-4
Wimbledon,6/30/2022,Grand Slam,Outdoor,Grass,2nd Round,5,Gray A.,Fritz T.,Fritz T.,288,14,173,3045,11,1.05,3-6 6-7 3-6
Wimbledon,6/30/2022,Grand Slam,Outdoor,Grass,2nd Round,5,Kyrgios N.,Krajinovic F.,Kyrgios N.,40,31,1070,1300,1.28,3.75,6-2 6-3 6-1
Wimbledon,6/30/2022,Grand Slam,Outdoor,Grass,2nd Round,5,Gaston H.,Sonego L.,Sonego L.,66,54,863,980,4,1.25,6-7 4-6 4-6
Wimbledon,6/30/2022,Grand Slam,Outdoor,Grass,2nd Round,5,Broady L.,Schwartzman D.,Broady L.,132,15,444,2325,3.4,1.33,6-2 4-6 0-6 7-6 6-1
Wimbledon,6/30/2022,Grand Slam,Outdoor,Grass,2nd Round,5,Thompson J.,Tsitsipas S.,Tsitsipas S.,76,5,750,5150,4.5,1.2,2-6 3-6 5-7
Wimbledon,6/30/2022,Grand Slam,Outdoor,Grass,2nd Round,5,Garin C.,Grenier H.,Garin C.,43,141,1055,424,1.4,3,6-3 6-1 6-1
Wimbledon,6/30/2022,Grand Slam,Outdoor,Grass,2nd Round,5,Shapovalov D.,Nakashima B.,Nakashima B.,16,56,2293,969,1.61,2.3,2-6 6-4 1-6 6-7
Wimbledon,6/30/2022,Grand Slam,Outdoor,Grass,2nd Round,5,Nadal R.,Berankis R.,Nadal R.,4,106,6525,545,1.03,15,6-4 6-4 4-6 6-3
Wimbledon,6/30/2022,Grand Slam,Outdoor,Grass,2nd Round,5,Bonzi B.,Brooksby J.,Brooksby J.,47,34,1026,1187,1.66,2.2,6-7 5-7 3-6
Wimbledon,6/30/2022,Grand Slam,Outdoor,Grass,2nd Round,5,De Minaur A.,Draper J.,De Minaur A.,27,94,1473,627,1.57,2.37,5-7 7-6 6-2 6-3
Wimbledon,7/1/2022,Grand Slam,Outdoor,Grass,2nd Round,5,Cressy M.,Sock J.,Sock J.,45,103,1047,557,1.44,2.75,4-6 4-6 6-3 6-7
Wimbledon,7/1/2022,Grand Slam,Outdoor,Grass,2nd Round,5,Kubler J.,Novak D.,Kubler J.,99,153,580,371,1.53,2.5,6-3 6-4 6-4
Wimbledon,7/1/2022,Grand Slam,Outdoor,Grass,3rd Round,5,Bublik A.,Tiafoe F.,Tiafoe F.,38,28,1105,1439,1.8,2,6-3 6-7 6-7 4-6
Wimbledon,7/1/2022,Grand Slam,Outdoor,Grass,3rd Round,5,Van Rijthoven T.,Basilashvili N.,Van Rijthoven T.,104,26,546,1473,1.4,3,6-4 6-3 6-4
Wimbledon,7/1/2022,Grand Slam,Outdoor,Grass,3rd Round,5,Humbert U.,Goffin D.,Goffin D.,112,58,521,930,2.2,1.66,6-4 5-7 2-6 5-7
Wimbledon,7/1/2022,Grand Slam,Outdoor,Grass,3rd Round,5,Paul T.,Vesely J.,Paul T.,32,68,1208,829,1.44,2.75,6-3 6-2 6-2
Wimbledon,7/1/2022,Grand Slam,Outdoor,Grass,3rd Round,5,Kecmanovic M.,Djokovic N.,Djokovic N.,30,3,1306,6770,17,1.02,0-6 3-6 4-6
Wimbledon,7/1/2022,Grand Slam,Outdoor,Grass,3rd Round,5,Sinner J.,Isner J.,Sinner J.,13,24,3185,1616,1.57,2.37,6-4 7-6 6-3
Wimbledon,7/1/2022,Grand Slam,Outdoor,Grass,3rd Round,5,Otte O.,Alcaraz C.,Alcaraz C.,36,7,1155,4890,3.4,1.33,3-6 1-6 2-6
Wimbledon,7/1/2022,Grand Slam,Outdoor,Grass,3rd Round,5,Norrie C.,Johnson S.,Norrie C.,12,93,3200,627,1.28,3.75,6-4 6-1 6-0
Wimbledon,7/2/2022,Grand Slam,Outdoor,Grass,3rd Round,5,Brooksby J.,Garin C.,Garin C.,34,43,1187,1055,1.4,3,2-6 3-6 6-1 4-6
Wimbledon,7/2/2022,Grand Slam,Outdoor,Grass,3rd Round,5,Kubler J.,Sock J.,Kubler J.,99,103,580,557,2.37,1.57,6-2 4-6 5-7 7-6 6-3
Wimbledon,7/2/2022,Grand Slam,Outdoor,Grass,3rd Round,5,Gasquet R.,Van De Zandschulp B.,Van De Zandschulp B.,69,25,817,1518,3.2,1.36,5-7 6-2 6-7 1-6
Wimbledon,7/2/2022,Grand Slam,Outdoor,Grass,3rd Round,5,De Minaur A.,Broady L.,De Minaur A.,27,132,1473,444,1.12,6,6-3 6-4 7-5
Wimbledon,7/2/2022,Grand Slam,Outdoor,Grass,3rd Round,5,Galan D.E.,Nakashima B.,Nakashima B.,109,56,528,969,7,1.1,4-6 4-6 1-6
Wimbledon,7/2/2022,Grand Slam,Outdoor,Grass,3rd Round,5,Fritz T.,Molcan A.,Fritz T.,14,51,3045,1006,1.2,4.5,6-4 6-1 7-6
Wimbledon,7/2/2022,Grand Slam,Outdoor,Grass,3rd Round,5,Tsitsipas S.,Kyrgios N.,Kyrgios N.,5,40,5150,1070,2.1,1.72,7-6 4-6 3-6 6-7
Wimbledon,7/2/2022,Grand Slam,Outdoor,Grass,3rd Round,3,Nadal R.,Sonego L.,Nadal R.,4,54,6525,980,1.16,5,6-1 6-2 6-4
Wimbledon,7/3/2022,Grand Slam,Outdoor,Grass,4th Round,5,Tiafoe F.,Goffin D.,Goffin D.,28,58,1439,930,2,1.8,6-7 7-5 7-5 4-6 5-7
Wimbledon,7/3/2022,Grand Slam,Outdoor,Grass,4th Round,5,Norrie C.,Paul T.,Norrie C.,12,32,3200,1208,1.53,2.5,6-4 7-5 6-4
Wimbledon,7/3/2022,Grand Slam,Outdoor,Grass,4th Round,5,Alcaraz C.,Sinner J.,Sinner J.,7,13,4890,3185,1.36,3.2,1-6 4-6 7-6 3-6
Wimbledon,7/3/2022,Grand Slam,Outdoor,Grass,4th Round,5,Djokovic N.,Van Rijthoven T.,Djokovic N.,3,104,6770,546,1.05,11,6-2 4-6 6-1 6-2
Wimbledon,7/4/2022,Grand Slam,Outdoor,Grass,4th Round,5,De Minaur A.,Garin C.,Garin C.,27,43,1473,1055,1.14,5.5,6-2 7-5 6-7 4-6 6-7
Wimbledon,7/4/2022,Grand Slam,Outdoor,Grass,4th Round,5,Kyrgios N.,Nakashima B.,Kyrgios N.,40,56,1070,969,1.3,3.5,4-6 6-4 7-6 3-6 6-2
Wimbledon,7/4/2022,Grand Slam,Outdoor,Grass,4th Round,5,Kubler J.,Fritz T.,Fritz T.,99,14,580,3045,4.33,1.22,3-6 1-6 4-6
Wimbledon,7/4/2022,Grand Slam,Outdoor,Grass,4th Round,5,Nadal R.,Van De Zandschulp B.,Nadal R.,4,25,6525,1518,1.16,5,6-4 6-2 7-6
Wimbledon,7/5/2022,Grand Slam,Outdoor,Grass,Quarterfinals,5,Sinner J.,Djokovic N.,Djokovic N.,13,3,3185,6770,6.5,1.11,7-5 6-2 3-6 2-6 2-6
Wimbledon,7/5/2022,Grand Slam,Outdoor,Grass,Quarterfinals,5,Norrie C.,Goffin D.,Norrie C.,12,58,3200,930,1.44,2.75,3-6 7-5 2-6 6-3 7-5
Wimbledon,7/6/2022,Grand Slam,Outdoor,Grass,Quarterfinals,5,Fritz T.,Nadal R.,Nadal R.,14,4,3045,6525,2.75,1.44,6-3 5-7 6-3 5-7 6-7
Wimbledon,7/6/2022,Grand Slam,Outdoor,Grass,Quarterfinals,5,Kyrgios N.,Garin C.,Kyrgios N.,40,43,1070,1055,1.22,4.33,6-4 6-3 7-6
Wimbledon,7/8/2022,Grand Slam,Outdoor,Grass,Semifinals,5,Norrie C.,Djokovic N.,Djokovic N.,12,3,3200,6770,10,1.06,6-2 3-6 2-6 4-6
Wimbledon,7/10/2022,Grand Slam,Outdoor,Grass,The Final,5,Djokovic N.,Kyrgios N.,Djokovic N.,3,40,6770,1070,1.28,3.75,4-6 6-3 6-4 7-6
Canadian Open,8/8/2022,Masters 1000,Outdoor,Hard,1st Round,3,Cerundolo F.,Khachanov K.,Khachanov K.,27,28,1401,1395,2.75,1.44,6-7 7-5 3-6
Canadian Open,8/8/2022,Masters 1000,Outdoor,Hard,1st Round,3,Molcan A.,Mcdonald M.,Molcan A.,42,72,1061,666,2.2,1.66,7-6 6-4
Canadian Open,8/8/2022,Masters 1000,Outdoor,Hard,1st Round,3,Wawrinka S.,Ruusuvuori E.,Ruusuvuori E.,322,44,145,991,3.5,1.3,3-6 6-3 3-6
Canadian Open,8/8/2022,Masters 1000,Outdoor,Hard,1st Round,3,Brooksby J.,Bublik A.,Brooksby J.,46,41,972,1065,1.57,2.37,6-2 6-3
Canadian Open,8/9/2022,Masters 1000,Outdoor,Hard,1st Round,3,Berrettini M.,Carreno Busta P.,Carreno Busta P.,14,23,2430,1555,1.36,3.2,3-6 2-6
Canadian Open,8/9/2022,Masters 1000,Outdoor,Hard,1st Round,3,Paul T.,Pospisil V.,Paul T.,34,147,1220,378,1.25,4,6-4 6-4
Canadian Open,8/9/2022,Masters 1000,Outdoor,Hard,1st Round,3,Karatsev A.,Cressy M.,Cressy M.,38,31,1175,1279,2.37,1.57,4-6 4-6
Canadian Open,8/9/2022,Masters 1000,Outdoor,Hard,1st Round,3,Cilic M.,Coric B.,Cilic M.,16,157,2085,350,1.5,2.62,6-3 6-2
Canadian Open,8/9/2022,Masters 1000,Outdoor,Hard,1st Round,3,Martinez P.,Monfils G.,Monfils G.,53,20,860,1615,2.37,1.57,6-7 6-3 2-6
Canadian Open,8/9/2022,Masters 1000,Outdoor,Hard,1st Round,3,Dimitrov G.,Galarneau A.,Dimitrov G.,19,237,1775,215,1.14,5.5,6-4 7-5
Canadian Open,8/9/2022,Masters 1000,Outdoor,Hard,1st Round,3,Rinderknech A.,Mannarino A.,Mannarino A.,67,70,695,671,2.2,1.66,3-6 3-6
Canadian Open,8/9/2022,Masters 1000,Outdoor,Hard,1st Round,3,Evans D.,Krajinovic F.,Evans D.,39,47,1170,965,1.66,2.2,6-2 1-6 6-0
Canadian Open,8/9/2022,Masters 1000,Outdoor,Hard,1st Round,3,Gaston H.,Draper J.,Draper J.,76,82,657,639,3.4,1.33,2-6 3-6
Canadian Open,8/9/2022,Masters 1000,Outdoor,Hard,1st Round,3,De Minaur A.,Shapovalov D.,De Minaur A.,21,22,1585,1560,1.66,2.2,7-5 7-6
Canadian Open,8/9/2022,Masters 1000,Outdoor,Hard,1st Round,3,Baez S.,Kyrgios N.,Kyrgios N.,32,37,1263,1205,5,1.16,4-6 4-6
Canadian Open,8/9/2022,Masters 1000,Outdoor,Hard,1st Round,3,Rune H.,Fognini F.,Rune H.,26,60,1425,766,1.72,2.1,6-3 7-5
Canadian Open,8/9/2022,Masters 1000,Outdoor,Hard,1st Round,3,Bonzi B.,Tiafoe F.,Tiafoe F.,49,24,919,1506,2.75,1.44,7-6 5-7 3-6
Canadian Open,8/9/2022,Masters 1000,Outdoor,Hard,1st Round,3,Bautista Agut R.,Giron M.,Bautista Agut R.,18,57,1850,801,1.3,3.5,7-6 6-3
Canadian Open,8/9/2022,Masters 1000,Outdoor,Hard,1st Round,3,Nakashima B.,Norrie C.,Norrie C.,63,11,719,2985,2.62,1.5,4-6 4-6
Canadian Open,8/9/2022,Masters 1000,Outdoor,Hard,1st Round,3,Nishioka Y.,Paire B.,Nishioka Y.,54,104,852,511,1.57,2.37,6-2 6-3
Canadian Open,8/10/2022,Masters 1000,Outdoor,Hard,1st Round,3,Murray A.,Fritz T.,Fritz T.,48,13,950,2860,3,1.4,1-6 3-6
Canadian Open,8/10/2022,Masters 1000,Outdoor,Hard,1st Round,3,Van De Zandschulp B.,Kecmanovic M.,Van De Zandschulp B.,25,35,1462,1210,2.2,1.66,6-1 7-5
Canadian Open,8/10/2022,Masters 1000,Outdoor,Hard,1st Round,3,Davidovich Fokina A.,Schwartzman D.,Schwartzman D.,36,15,1210,2245,2,1.8,6-1 3-6 4-6
Canadian Open,8/10/2022,Masters 1000,Outdoor,Hard,1st Round,3,Ramos-Vinolas A.,Goffin D.,Ramos-Vinolas A.,43,61,1005,745,3,1.4,7-6 6-2
Canadian Open,8/10/2022,Masters 1000,Outdoor,Hard,2nd Round,3,Ruusuvuori E.,Hurkacz H.,Hurkacz H.,44,10,991,3015,2.5,1.53,3-6 7-6 2-6
Canadian Open,8/10/2022,Masters 1000,Outdoor,Hard,2nd Round,3,Paul T.,Alcaraz C.,Paul T.,34,4,1220,5035,4.5,1.2,6-7 7-6 6-3
Canadian Open,8/10/2022,Masters 1000,Outdoor,Hard,2nd Round,3,Molcan A.,Ruud C.,Ruud C.,42,7,1061,4685,3.4,1.33,6-7 3-6
Canadian Open,8/10/2022,Masters 1000,Outdoor,Hard,2nd Round,3,Bautista Agut R.,Brooksby J.,Bautista Agut R.,18,46,1850,972,1.72,2.1,7-5 6-1
Canadian Open,8/10/2022,Masters 1000,Outdoor,Hard,2nd Round,3,Rune H.,Carreno Busta P.,Carreno Busta P.,26,23,1425,1555,2.75,1.44,0-6 3-6
Canadian Open,8/10/2022,Masters 1000,Outdoor,Hard,2nd Round,3,Sinner J.,Mannarino A.,Sinner J.,12,70,2895,671,1.12,6,2-6 6-4 6-2
Canadian Open,8/10/2022,Masters 1000,Outdoor,Hard,2nd Round,3,Medvedev D.,Kyrgios N.,Kyrgios N.,1,37,7875,1205,1.5,2.62,7-6 4-6 2-6
Canadian Open,8/10/2022,Masters 1000,Outdoor,Hard,2nd Round,3,Cilic M.,Khachanov K.,Cilic M.,16,28,2085,1395,2,1.8,6-3 6-2
Canadian Open,8/10/2022,Masters 1000,Outdoor,Hard,2nd Round,3,Dimitrov G.,De Minaur A.,De Minaur A.,19,21,1775,1585,2.62,1.5,6-7 5-7
Canadian Open,8/10/2022,Masters 1000,Outdoor,Hard,2nd Round,3,Monfils G.,Cressy M.,Monfils G.,20,31,1615,1279,2.1,1.72,7-6 7-6
Canadian Open,8/10/2022,Masters 1000,Outdoor,Hard,2nd Round,3,Tiafoe F.,Fritz T.,Fritz T.,24,13,1506,2860,2.75,1.44,7-5 1-6 4-6
Canadian Open,8/10/2022,Masters 1000,Outdoor,Hard,2nd Round,3,Ramos-Vinolas A.,Schwartzman D.,Ramos-Vinolas A.,43,15,1005,2245,3,1.4,6-4 6-2
Canadian Open,8/10/2022,Masters 1000,Outdoor,Hard,2nd Round,3,Van De Zandschulp B.,Norrie C.,Norrie C.,25,11,1462,2985,3,1.4,1-6 2-6
Canadian Open,8/11/2022,Masters 1000,Outdoor,Hard,2nd Round,3,Evans D.,Rublev A.,Evans D.,39,8,1170,3710,3.4,1.33,6-4 6-4
Canadian Open,8/11/2022,Masters 1000,Outdoor,Hard,2nd Round,3,Nishioka Y.,Auger-Aliassime F.,Auger-Aliassime F.,54,9,852,3490,3.4,1.33,6-7 4-6
Canadian Open,8/11/2022,Masters 1000,Outdoor,Hard,2nd Round,3,Draper J.,Tsitsipas S.,Draper J.,82,5,639,5000,3.75,1.28,7-5 7-6
Canadian Open,8/11/2022,Masters 1000,Outdoor,Hard,3rd Round,3,Bautista Agut R.,Ruud C.,Ruud C.,18,7,1850,4685,2.1,1.72,7-6 6-7 4-6
Canadian Open,8/11/2022,Masters 1000,Outdoor,Hard,3rd Round,3,Hurkacz H.,Ramos-Vinolas A.,Hurkacz H.,10,43,3015,1005,1.16,5,6-7 6-2 7-6
Canadian Open,8/11/2022,Masters 1000,Outdoor,Hard,3rd Round,3,Norrie C.,Auger-Aliassime F.,Auger-Aliassime F.,11,9,2985,3490,2.1,1.72,3-6 4-6
Canadian Open,8/11/2022,Masters 1000,Outdoor,Hard,3rd Round,3,Evans D.,Fritz T.,Evans D.,39,13,1170,2860,2.75,1.44,7-6 1-6 7-5
Canadian Open,8/11/2022,Masters 1000,Outdoor,Hard,3rd Round,3,De Minaur A.,Kyrgios N.,Kyrgios N.,21,37,1585,1205,3,1.4,2-6 3-6
Canadian Open,8/12/2022,Masters 1000,Outdoor,Hard,3rd Round,3,Paul T.,Cilic M.,Paul T.,34,16,1220,2085,2.2,1.66,6-4 6-2
Canadian Open,8/12/2022,Masters 1000,Outdoor,Hard,3rd Round,3,Sinner J.,Carreno Busta P.,Carreno Busta P.,12,23,2895,1555,1.5,2.62,2-6 4-6
Canadian Open,8/12/2022,Masters 1000,Outdoor,Hard,Quarterfinals,3,Hurkacz H.,Kyrgios N.,Hurkacz H.,10,37,3015,1205,3.5,1.3,7-6 6-7 6-1
Canadian Open,8/12/2022,Masters 1000,Outdoor,Hard,Quarterfinals,3,Auger-Aliassime F.,Ruud C.,Ruud C.,9,7,3490,4685,1.53,2.5,1-6 2-6
Canadian Open,8/12/2022,Masters 1000,Outdoor,Hard,Quarterfinals,3,Evans D.,Paul T.,Evans D.,39,34,1170,1220,2.37,1.57,1-6 6-3 6-4
Canadian Open,8/13/2022,Masters 1000,Outdoor,Hard,Quarterfinals,3,Draper J.,Carreno Busta P.,Carreno Busta P.,82,23,639,1555,3,1.4,6-7 1-6
Canadian Open,8/13/2022,Masters 1000,Outdoor,Hard,Semifinals,3,Hurkacz H.,Ruud C.,Hurkacz H.,10,7,3015,4685,1.9,1.9,5-7 6-3 6-2
Canadian Open,8/14/2022,Masters 1000,Outdoor,Hard,Semifinals,3,Evans D.,Carreno Busta P.,Carreno Busta P.,39,23,1170,1555,2.75,1.44,5-7 7-6 2-6
Canadian Open,8/14/2022,Masters 1000,Outdoor,Hard,The Final,3,Carreno Busta P.,Hurkacz H.,Carreno Busta P.,23,10,1555,3015,2.37,1.57,3-6 6-3 6-3
Western & Southern Financial Group Masters,8/14/2022,Masters 1000,Outdoor,Hard,1st Round,3,Cressy M.,Van De Zandschulp B.,Van De Zandschulp B.,32,24,1304,1478,2.1,1.72,2-6 6-4 4-6
Western & Southern Financial Group Masters,8/15/2022,Masters 1000,Outdoor,Hard,1st Round,3,Mcdonald M.,Basilashvili N.,Mcdonald M.,72,34,666,1290,1.36,3.2,6-0 6-1
Western & Southern Financial Group Masters,8/15/2022,Masters 1000,Outdoor,Hard,1st Round,3,Molcan A.,Schwartzman D.,Schwartzman D.,39,16,1086,2200,2.2,1.66,7-5 4-6 2-6
Western & Southern Financial Group Masters,8/15/2022,Masters 1000,Outdoor,Hard,1st Round,3,Karatsev A.,Nakashima B.,Karatsev A.,38,66,1175,709,2.75,1.44,7-5 7-5
Western & Southern Financial Group Masters,8/15/2022,Masters 1000,Outdoor,Hard,1st Round,3,Cerundolo F.,Bautista Agut R.,Bautista Agut R.,27,19,1402,1760,3.2,1.36,7-6 4-6 2-6
Western & Southern Financial Group Masters,8/15/2022,Masters 1000,Outdoor,Hard,1st Round,3,Ruusuvuori E.,Wolf J.J.,Ruusuvuori E.,44,83,1001,617,1.53,2.5,7-6 6-2
Western & Southern Financial Group Masters,8/15/2022,Masters 1000,Outdoor,Hard,1st Round,3,Bonzi B.,Isner J.,Isner J.,48,50,921,880,2.3,1.61,6-7 6-3 6-7
Western & Southern Financial Group Masters,8/15/2022,Masters 1000,Outdoor,Hard,1st Round,3,Norrie C.,Rune H.,Norrie C.,11,29,3065,1380,1.25,4,7-6 4-6 6-4
Western & Southern Financial Group Masters,8/15/2022,Masters 1000,Outdoor,Hard,1st Round,3,Wawrinka S.,Murray A.,Murray A.,306,47,155,930,2.62,1.5,6-7 7-5 5-7
Western & Southern Financial Group Masters,8/15/2022,Masters 1000,Outdoor,Hard,1st Round,3,Cilic M.,Munar J.,Cilic M.,17,57,2130,809,1.4,3,6-3 6-3
Western & Southern Financial Group Masters,8/15/2022,Masters 1000,Outdoor,Hard,1st Round,3,Goffin D.,Giron M.,Giron M.,62,54,745,836,1.66,2.2,3-6 4-6
Western & Southern Financial Group Masters,8/16/2022,Masters 1000,Outdoor,Hard,1st Round,3,Korda S.,Khachanov K.,Korda S.,52,30,860,1350,1.72,2.1,6-3 6-4
Western & Southern Financial Group Masters,8/16/2022,Masters 1000,Outdoor,Hard,1st Round,3,Berrettini M.,Tiafoe F.,Tiafoe F.,15,25,2440,1445,1.57,2.37,6-7 6-4 6-7
Western & Southern Financial Group Masters,8/16/2022,Masters 1000,Outdoor,Hard,1st Round,3,Shapovalov D.,Dimitrov G.,Shapovalov D.,21,18,1560,1810,2.1,1.72,7-6 6-3
Western & Southern Financial Group Masters,8/16/2022,Masters 1000,Outdoor,Hard,1st Round,3,Musetti L.,Coric B.,Coric B.,33,152,1297,360,1.57,2.37,6-7 3-6
Western & Southern Financial Group Masters,8/16/2022,Masters 1000,Outdoor,Hard,1st Round,3,Sinner J.,Kokkinakis T.,Sinner J.,12,75,2975,662,1.2,4.5,6-7 6-4 7-6
Western & Southern Financial Group Masters,8/16/2022,Masters 1000,Outdoor,Hard,1st Round,3,Brooksby J.,Paul T.,Paul T.,43,31,1017,1330,2.1,1.72,3-6 2-6
Western & Southern Financial Group Masters,8/16/2022,Masters 1000,Outdoor,Hard,1st Round,3,De Minaur A.,Laaksonen H.,De Minaur A.,20,102,1665,514,1.07,9,6-2 6-2
Western & Southern Financial Group Masters,8/16/2022,Masters 1000,Outdoor,Hard,1st Round,3,Ramos-Vinolas A.,Fognini F.,Fognini F.,40,61,1085,756,1.72,2.1,2-6 3-6
Western & Southern Financial Group Masters,8/16/2022,Masters 1000,Outdoor,Hard,1st Round,3,Kecmanovic M.,Carreno Busta P.,Kecmanovic M.,36,14,1210,2545,2.1,1.72,1-6 7-5 7-6
Western & Southern Financial Group Masters,8/16/2022,Masters 1000,Outdoor,Hard,1st Round,3,Davidovich Fokina A.,Kyrgios N.,Kyrgios N.,37,28,1210,1385,4.5,1.2,5-7 4-6
Western & Southern Financial Group Masters,8/16/2022,Masters 1000,Outdoor,Hard,1st Round,3,Fritz T.,Baez S.,Fritz T.,13,35,2930,1253,1.16,5,6-1 6-1
Western & Southern Financial Group Masters,8/16/2022,Masters 1000,Outdoor,Hard,1st Round,3,Sonego L.,Shelton B.,Shelton B.,56,229,810,221,1.57,2.37,6-7 6-3 5-7
Western & Southern Financial Group Masters,8/17/2022,Masters 1000,Outdoor,Hard,1st Round,3,Krajinovic F.,Evans D.,Krajinovic F.,46,23,975,1520,2.37,1.57,6-3 6-4
Western & Southern Financial Group Masters,8/17/2022,Masters 1000,Outdoor,Hard,2nd Round,3,Mcdonald M.,Alcaraz C.,Alcaraz C.,72,4,666,5045,6,1.12,3-6 2-6
Western & Southern Financial Group Masters,8/17/2022,Masters 1000,Outdoor,Hard,2nd Round,3,Cilic M.,Ruusuvuori E.,Cilic M.,17,44,2130,1001,1.57,2.37,6-4 6-7 7-5
Western & Southern Financial Group Masters,8/17/2022,Masters 1000,Outdoor,Hard,2nd Round,3,Van De Zandschulp B.,Medvedev D.,Medvedev D.,24,1,1478,6885,5.5,1.14,4-6 5-7
Western & Southern Financial Group Masters,8/17/2022,Masters 1000,Outdoor,Hard,2nd Round,3,Schwartzman D.,Karatsev A.,Schwartzman D.,16,38,2200,1175,1.9,1.9,7-6 3-6 6-2
Western & Southern Financial Group Masters,8/17/2022,Masters 1000,Outdoor,Hard,2nd Round,3,De Minaur A.,Auger-Aliassime F.,Auger-Aliassime F.,20,9,1665,3625,2.1,1.72,3-6 2-6
Western & Southern Financial Group Masters,8/17/2022,Masters 1000,Outdoor,Hard,2nd Round,3,Norrie C.,Murray A.,Norrie C.,11,47,3065,930,1.36,3.2,3-6 6-3 6-4
Western & Southern Financial Group Masters,8/17/2022,Masters 1000,Outdoor,Hard,2nd Round,3,Fognini F.,Rublev A.,Rublev A.,61,8,756,3630,4.5,1.2,7-6 6-7 2-6
Western & Southern Financial Group Masters,8/17/2022,Masters 1000,Outdoor,Hard,2nd Round,3,Isner J.,Hurkacz H.,Isner J.,50,10,880,3435,2.62,1.5,7-6 6-7 6-2
Western & Southern Financial Group Masters,8/17/2022,Masters 1000,Outdoor,Hard,2nd Round,3,Paul T.,Shapovalov D.,Shapovalov D.,31,21,1330,1560,1.53,2.5,6-3 4-6 3-6
Western & Southern Financial Group Masters,8/17/2022,Masters 1000,Outdoor,Hard,2nd Round,3,Shelton B.,Ruud C.,Shelton B.,229,5,221,4865,4.5,1.2,6-3 6-3
Western & Southern Financial Group Masters,8/17/2022,Masters 1000,Outdoor,Hard,2nd Round,3,Kyrgios N.,Fritz T.,Fritz T.,28,13,1385,2930,1.72,2.1,3-6 2-6
Western & Southern Financial Group Masters,8/17/2022,Masters 1000,Outdoor,Hard,2nd Round,3,Tsitsipas S.,Krajinovic F.,Tsitsipas S.,7,46,4650,975,1.25,4,6-3 6-4
Western & Southern Financial Group Masters,8/17/2022,Masters 1000,Outdoor,Hard,2nd Round,3,Giron M.,Bautista Agut R.,Bautista Agut R.,54,19,836,1760,3,1.4,3-6 3-6
Western & Southern Financial Group Masters,8/18/2022,Masters 1000,Outdoor,Hard,2nd Round,3,Coric B.,Nadal R.,Coric B.,152,3,360,5620,5.5,1.14,7-6 4-6 6-3
Western & Southern Financial Group Masters,8/18/2022,Masters 1000,Outdoor,Hard,2nd Round,3,Tiafoe F.,Korda S.,Korda S.,25,52,1445,860,1.72,2.1,6-4 1-6 4-6
Western & Southern Financial Group Masters,8/18/2022,Masters 1000,Outdoor,Hard,3rd Round,3,Fritz T.,Rublev A.,Fritz T.,13,8,2930,3630,1.44,2.75,6-7 6-2 7-5
Western & Southern Financial Group Masters,8/18/2022,Masters 1000,Outdoor,Hard,3rd Round,3,Shapovalov D.,Medvedev D.,Medvedev D.,21,1,1560,6885,4.33,1.22,5-7 5-7
Western & Southern Financial Group Masters,8/18/2022,Masters 1000,Outdoor,Hard,3rd Round,3,Tsitsipas S.,Schwartzman D.,Tsitsipas S.,7,16,4650,2200,1.28,3.75,6-3 6-3
Western & Southern Financial Group Masters,8/18/2022,Masters 1000,Outdoor,Hard,3rd Round,3,Bautista Agut R.,Coric B.,Coric B.,19,152,1760,360,1.44,2.75,2-6 3-6
Western & Southern Financial Group Masters,8/18/2022,Masters 1000,Outdoor,Hard,3rd Round,3,Isner J.,Korda S.,Isner J.,50,52,880,860,2.37,1.57,7-6 1-6 7-6
Western & Southern Financial Group Masters,8/19/2022,Masters 1000,Outdoor,Hard,3rd Round,3,Sinner J.,Auger-Aliassime F.,Auger-Aliassime F.,12,9,2975,3625,1.8,2,6-2 6-7 1-6
Western & Southern Financial Group Masters,8/19/2022,Masters 1000,Outdoor,Hard,3rd Round,3,Alcaraz C.,Cilic M.,Alcaraz C.,4,17,5045,2130,1.25,4,7-6 6-1
Western & Southern Financial Group Masters,8/19/2022,Masters 1000,Outdoor,Hard,3rd Round,3,Shelton B.,Norrie C.,Norrie C.,229,11,221,3065,3,1.4,0-6 2-6
Western & Southern Financial Group Masters,8/19/2022,Masters 1000,Outdoor,Hard,Quarterfinals,3,Medvedev D.,Fritz T.,Medvedev D.,1,13,6885,2930,1.44,2.75,7-6 6-3
Western & Southern Financial Group Masters,8/19/2022,Masters 1000,Outdoor,Hard,Quarterfinals,3,Isner J.,Tsitsipas S.,Tsitsipas S.,50,7,880,4650,3.2,1.36,6-7 7-5 3-6
Western & Southern Financial Group Masters,8/20/2022,Masters 1000,Outdoor,Hard,Quarterfinals,3,Coric B.,Auger-Aliassime F.,Coric B.,152,9,360,3625,2.62,1.5,6-4 6-4
Western & Southern Financial Group Masters,8/20/2022,Masters 1000,Outdoor,Hard,Quarterfinals,3,Alcaraz C.,Norrie C.,Norrie C.,4,11,5045,3065,1.3,3.5,6-7 7-6 4-6
Western & Southern Financial Group Masters,8/21/2022,Masters 1000,Outdoor,Hard,Semifinals,3,Coric B.,Norrie C.,Coric B.,152,11,360,3065,2.2,1.66,6-3 6-4
Western & Southern Financial Group Masters,8/21/2022,Masters 1000,Outdoor,Hard,Semifinals,3,Medvedev D.,Tsitsipas S.,Tsitsipas S.,1,7,6885,4650,1.33,3.4,6-7 6-3 3-6
Western & Southern Financial Group Masters,8/21/2022,Masters 1000,Outdoor,Hard,The Final,3,Coric B.,Tsitsipas S.,Coric B.,152,7,360,4650,2.37,1.57,7-6 6-2
US Open,8/29/2022,Grand Slam,Outdoor,Hard,1st Round,5,Korda S.,Bagnis F.,Korda S.,52,105,905,509,1.12,6,5-7 7-6 7-5 6-1
US Open,8/29/2022,Grand Slam,Outdoor,Hard,1st Round,5,Zhang Zh.,Van Rijthoven T.,Van Rijthoven T.,137,117,401,465,1.61,2.3,6-3 7-6 6-7 1-6 4-6
US Open,8/29/2022,Grand Slam,Outdoor,Hard,1st Round,5,Wolf J.J.,Bautista Agut R.,Wolf J.J.,87,18,610,1840,4,1.25,6-4 6-4 6-4
US Open,8/29/2022,Grand Slam,Outdoor,Hard,1st Round,5,Zapata Miralles B.,Paul T.,Paul T.,79,34,664,1305,6,1.12,6-4 3-6 6-2 0-6 5-7
US Open,8/29/2022,Grand Slam,Outdoor,Hard,1st Round,5,Nava E.,Millman J.,Nava E.,203,103,258,526,3.4,1.33,7-6 4-6 7-6 1-6 6-1
US Open,8/29/2022,Grand Slam,Outdoor,Hard,1st Round,5,Nishioka Y.,Davidovich Fokina A.,Davidovich Fokina A.,55,39,827,1210,2.2,1.66,3-6 5-7 3-6
US Open,8/29/2022,Grand Slam,Outdoor,Hard,1st Round,5,Rinderknech A.,Halys Q.,Rinderknech A.,58,76,805,667,1.44,2.75,4-6 7-6 6-3 6-2
US Open,8/29/2022,Grand Slam,Outdoor,Hard,1st Round,5,Majchrzak K.,Tabilo A.,Tabilo A.,90,71,592,696,2.1,1.72,1-6 4-6 7-6 1-6
US Open,8/29/2022,Grand Slam,Outdoor,Hard,1st Round,5,Murray A.,Cerundolo F.,Murray A.,51,27,930,1400,1.66,2.2,7-5 6-3 6-3
US Open,8/29/2022,Grand Slam,Outdoor,Hard,1st Round,5,Kozlov S.,Medvedev D.,Medvedev D.,111,1,493,6885,29,1.005,2-6 4-6 0-6
US Open,8/29/2022,Grand Slam,Outdoor,Hard,1st Round,5,Berrettini M.,Jarry N.,Berrettini M.,14,123,2360,448,1.14,5.5,6-2 6-3 6-3
US Open,8/29/2022,Grand Slam,Outdoor,Hard,1st Round,5,Edmund K.,Ruud C.,Ruud C.,601,7,42,4695,9,1.07,3-6 5-7 2-6
US Open,8/29/2022,Grand Slam,Outdoor,Hard,1st Round,5,Wu Y.,Basilashvili N.,Wu Y.,174,35,301,1290,1.22,4.33,6-3 6-4 6-0
US Open,8/29/2022,Grand Slam,Outdoor,Hard,1st Round,5,Etcheverry T.,Grenier H.,Grenier H.,86,119,612,459,2.75,1.44,6-4 2-6 3-6 4-6
US Open,8/29/2022,Grand Slam,Outdoor,Hard,1st Round,5,Borges N.,Shelton B.,Borges N.,104,165,513,311,3,1.4,7-6 3-6 7-6 6-7 6-3
US Open,8/29/2022,Grand Slam,Outdoor,Hard,1st Round,5,Kudla D.,Khachanov K.,Khachanov K.,96,31,550,1315,5,1.16,6-3 1-6 2-6 2-6
US Open,8/29/2022,Grand Slam,Outdoor,Hard,1st Round,5,Carreno Busta P.,Thiem D.,Carreno Busta P.,15,211,2340,241,1.22,4.33,7-5 6-1 5-7 6-3
US Open,8/29/2022,Grand Slam,Outdoor,Hard,1st Round,5,Krajinovic F.,De Minaur A.,De Minaur A.,44,20,1010,1665,4,1.25,5-7 2-6 3-6
US Open,8/29/2022,Grand Slam,Outdoor,Hard,1st Round,5,Auger-Aliassime F.,Ritschard A.,Auger-Aliassime F.,8,186,3625,290,1.04,13,6-3 6-4 3-6 6-3
US Open,8/29/2022,Grand Slam,Outdoor,Hard,1st Round,5,Lehecka J.,Garin C.,Garin C.,61,82,773,640,1.8,2,6-3 6-7 5-7 1-6
US Open,8/29/2022,Grand Slam,Outdoor,Hard,1st Round,5,Monteiro T.,Molcan A.,Monteiro T.,67,40,721,1076,2.5,1.53,6-4 4-6 6-4 6-1
US Open,8/29/2022,Grand Slam,Outdoor,Hard,1st Round,5,Machac T.,Van De Zandschulp B.,Van De Zandschulp B.,126,22,435,1573,3,1.4,6-3 6-7 1-6 6-3 5-7
US Open,8/29/2022,Grand Slam,Outdoor,Hard,1st Round,5,Bublik A.,Gaston H.,Bublik A.,47,72,985,692,1.36,3.2,6-4 6-4 6-4
US Open,8/29/2022,Grand Slam,Outdoor,Hard,1st Round,5,Sonego L.,Thompson J.,Thompson J.,63,102,765,527,1.5,2.62,6-2 6-1 2-6 4-6 4-6
US Open,8/29/2022,Grand Slam,Outdoor,Hard,1st Round,5,Draper J.,Ruusuvuori E.,Draper J.,53,49,879,956,2,1.8,6-4 6-3 6-3
US Open,8/29/2022,Grand Slam,Outdoor,Hard,1st Round,5,Fritz T.,Holt B.,Holt B.,12,303,3090,162,1.04,13,7-6 6-7 3-6 4-6
US Open,8/30/2022,Grand Slam,Outdoor,Hard,1st Round,5,Cachin P.,Bedene A.,Cachin P.,66,347,723,130,1.61,2.3,6-4 6-3 5-7 1-6 7-6
US Open,8/30/2022,Grand Slam,Outdoor,Hard,1st Round,5,Tsitsipas S.,Galan D.E.,Galan D.E.,5,94,4890,568,1.04,13,0-6 1-6 6-3 5-7
US Open,8/30/2022,Grand Slam,Outdoor,Hard,1st Round,5,Bonzi B.,Humbert U.,Bonzi B.,50,138,946,400,1.72,2.1,7-6 6-1 5-7 3-6 6-2
US Open,8/30/2022,Grand Slam,Outdoor,Hard,1st Round,5,Kokkinakis T.,Kyrgios N.,Kyrgios N.,70,25,697,1430,5,1.16,3-6 4-6 6-7
US Open,8/30/2022,Grand Slam,Outdoor,Hard,1st Round,5,Gasquet R.,Daniel T.,Gasquet R.,91,95,583,564,1.66,2.2,6-4 6-7 6-2 6-2
US Open,8/30/2022,Grand Slam,Outdoor,Hard,1st Round,5,Kotov P.,Nakashima B.,Nakashima B.,113,69,484,699,3.75,1.28,6-7 2-6 2-6
US Open,8/30/2022,Grand Slam,Outdoor,Hard,1st Round,5,Dimitrov G.,Johnson S.,Dimitrov G.,19,110,1730,498,1.5,2.62,6-3 6-2 6-2
US Open,8/30/2022,Grand Slam,Outdoor,Hard,1st Round,5,Paire B.,Norrie C.,Norrie C.,173,9,301,3415,11,1.05,0-6 6-7 0-6
US Open,8/30/2022,Grand Slam,Outdoor,Hard,1st Round,5,Sousa J.,Mcdonald M.,Sousa J.,59,77,786,666,3,1.4,1-6 7-6 7-6 6-3
US Open,8/30/2022,Grand Slam,Outdoor,Hard,1st Round,5,Delbonis F.,Isner J.,Isner J.,134,48,408,970,6.5,1.11,3-6 1-6 5-7
US Open,8/30/2022,Grand Slam,Outdoor,Hard,1st Round,5,Evans D.,Vesely J.,Evans D.,23,68,1510,709,1.36,3.2,6-4 6-1 6-1
US Open,8/30/2022,Grand Slam,Outdoor,Hard,1st Round,5,O Connell C.,Duckworth J.,Duckworth J.,118,83,460,632,1.57,2.37,6-4 6-7 2-6 3-6
US Open,8/30/2022,Grand Slam,Outdoor,Hard,1st Round,5,Kwon S.W.,Verdasco F.,Kwon S.W.,81,122,646,454,1.36,3.2,6-2 6-7 6-3 6-3
US Open,8/30/2022,Grand Slam,Outdoor,Hard,1st Round,5,Gojowczyk P.,Rune H.,Rune H.,108,33,500,1310,3.75,1.28,2-6 4-6 6-7
US Open,8/30/2022,Grand Slam,Outdoor,Hard,1st Round,5,Rublev A.,Djere L.,Rublev A.,11,64,3120,747,1.11,6.5,7-6 6-3 3-6 4-6 6-4
US Open,8/30/2022,Grand Slam,Outdoor,Hard,1st Round,5,Tien L.,Kecmanovic M.,Kecmanovic M.,1042,36,8,1245,23,1.01,6-3 1-6 3-6 3-6
US Open,8/30/2022,Grand Slam,Outdoor,Hard,1st Round,5,Coria F.,Griekspoor T.,Coria F.,78,46,665,990,7,1.1,7-5 6-4 6-3
US Open,8/30/2022,Grand Slam,Outdoor,Hard,1st Round,5,Marterer M.,Cilic M.,Cilic M.,156,17,343,2175,6,1.12,3-6 2-6 5-7
US Open,8/30/2022,Grand Slam,Outdoor,Hard,1st Round,5,Eubanks C.,Martinez P.,Eubanks C.,145,54,376,850,1.72,2.1,7-5 6-3 7-6
US Open,8/30/2022,Grand Slam,Outdoor,Hard,1st Round,5,Couacaud E.,Coric B.,Coric B.,193,29,280,1360,6,1.12,2-6 6-7 6-3 6-4 5-7
US Open,8/30/2022,Grand Slam,Outdoor,Hard,1st Round,5,Sinner J.,Altmaier D.,Sinner J.,13,93,3020,573,1.03,15,5-7 6-2 6-1 3-6 6-1
US Open,8/30/2022,Grand Slam,Outdoor,Hard,1st Round,5,Goffin D.,Musetti L.,Musetti L.,62,30,770,1322,1.8,2,6-3 5-7 4-6 6-3 6-7
US Open,8/30/2022,Grand Slam,Outdoor,Hard,1st Round,5,Ramos-Vinolas A.,Gombos N.,Ramos-Vinolas A.,42,114,1070,479,1.66,2.2,6-3 6-4 7-5
US Open,8/30/2022,Grand Slam,Outdoor,Hard,1st Round,5,Mannarino A.,Brouwer G.,Brouwer G.,45,181,991,295,1.28,3.75,3-6 4-6 4-6
US Open,8/30/2022,Grand Slam,Outdoor,Hard,1st Round,5,Ivashka I.,Querrey S.,Ivashka I.,73,287,685,172,1.1,7,4-6 6-4 7-6 6-3
US Open,8/30/2022,Grand Slam,Outdoor,Hard,1st Round,5,Otte O.,Hurkacz H.,Hurkacz H.,41,10,1070,3355,5.5,1.14,4-6 2-6 4-6
US Open,8/30/2022,Grand Slam,Outdoor,Hard,1st Round,5,Fognini F.,Karatsev A.,Fognini F.,60,38,782,1210,2.1,1.72,1-6 5-7 6-4 6-1 6-4
US Open,8/30/2022,Grand Slam,Outdoor,Hard,1st Round,5,Tseng C.H.,Popyrin A.,Popyrin A.,89,84,599,629,1.72,2.1,3-6 6-7 6-7
US Open,8/30/2022,Grand Slam,Outdoor,Hard,1st Round,5,Tiafoe F.,Giron M.,Tiafoe F.,26,56,1400,826,1.36,3.2,7-6 6-4 6-3
US Open,8/30/2022,Grand Slam,Outdoor,Hard,1st Round,5,Huesler M.A.,Shapovalov D.,Shapovalov D.,85,21,619,1640,4,1.25,6-2 4-6 4-6 6-3 1-6
US Open,8/31/2022,Grand Slam,Outdoor,Hard,1st Round,5,Nadal R.,Hijikata R.,Nadal R.,3,198,5630,271,1.01,26,4-6 6-2 6-3 6-3
US Open,8/31/2022,Grand Slam,Outdoor,Hard,1st Round,5,Munar J.,Carballes Baena R.,Carballes Baena R.,57,80,824,654,1.2,4.5,1-6 3-6 6-4 2-6
US Open,8/31/2022,Grand Slam,Outdoor,Hard,1st Round,5,Kubler J.,Ymer M.,Kubler J.,109,99,500,540,2.2,1.66,5-7 6-4 6-2 6-4
US Open,8/31/2022,Grand Slam,Outdoor,Hard,2nd Round,5,Bublik A.,Carreno Busta P.,Carreno Busta P.,47,15,985,2340,3.75,1.28,6-4 4-6 3-6 6-7
US Open,8/31/2022,Grand Slam,Outdoor,Hard,2nd Round,5,Moutet C.,Van De Zandschulp B.,Moutet C.,112,22,484,1573,2.75,1.44,6-4 1-6 6-2 6-4
US Open,8/31/2022,Grand Slam,Outdoor,Hard,2nd Round,5,Holt B.,Cachin P.,Cachin P.,303,66,162,723,1.53,2.5,6-1 6-2 1-6 6-7 6-7
US Open,8/31/2022,Grand Slam,Outdoor,Hard,2nd Round,5,De Minaur A.,Garin C.,De Minaur A.,20,82,1665,640,1.12,6,6-3 6-0 4-6 6-2
US Open,8/31/2022,Grand Slam,Outdoor,Hard,2nd Round,5,Nava E.,Murray A.,Murray A.,203,51,258,930,4.5,1.2,7-5 3-6 1-6 0-6
US Open,8/31/2022,Grand Slam,Outdoor,Hard,2nd Round,5,Berrettini M.,Grenier H.,Berrettini M.,14,119,2360,459,1.12,6,2-6 6-1 7-6 7-6
US Open,8/31/2022,Grand Slam,Outdoor,Hard,2nd Round,5,Tabilo A.,Wolf J.J.,Wolf J.J.,71,87,696,610,3.4,1.33,6-4 5-7 4-6 3-6
US Open,8/31/2022,Grand Slam,Outdoor,Hard,2nd Round,5,Galan D.E.,Thompson J.,Galan D.E.,94,102,568,527,1.72,2.1,6-3 2-6 3-6 6-4 6-3
US Open,8/31/2022,Grand Slam,Outdoor,Hard,2nd Round,5,Van Rijthoven T.,Ruud C.,Ruud C.,117,7,465,4695,6,1.12,7-6 4-6 4-6 4-6
US Open,8/31/2022,Grand Slam,Outdoor,Hard,2nd Round,5,Davidovich Fokina A.,Fucsovics M.,Davidovich Fokina A.,39,98,1210,545,1.44,2.75,7-6 5-7 3-6 6-0 7-6
US Open,8/31/2022,Grand Slam,Outdoor,Hard,2nd Round,5,Korda S.,Paul T.,Paul T.,52,34,905,1305,1.8,2,0-6 6-3 6-4 3-6 4-6
US Open,8/31/2022,Grand Slam,Outdoor,Hard,2nd Round,5,Kyrgios N.,Bonzi B.,Kyrgios N.,25,50,1430,946,1.12,6,7-6 6-4 4-6 6-4
US Open,8/31/2022,Grand Slam,Outdoor,Hard,2nd Round,5,Borges N.,Wu Y.,Wu Y.,104,174,513,301,3.4,1.33,7-6 6-7 6-4 4-6 4-6
US Open,9/1/2022,Grand Slam,Outdoor,Hard,2nd Round,5,Khachanov K.,Monteiro T.,Khachanov K.,31,67,1315,721,1.25,4,6-3 6-3 5-7 6-4
US Open,9/1/2022,Grand Slam,Outdoor,Hard,2nd Round,5,Auger-Aliassime F.,Draper J.,Draper J.,8,53,3625,879,1.4,3,4-6 4-6 4-6
US Open,9/1/2022,Grand Slam,Outdoor,Hard,2nd Round,5,Medvedev D.,Rinderknech A.,Medvedev D.,1,58,6885,805,1.01,21,6-2 7-5 6-3
US Open,9/1/2022,Grand Slam,Outdoor,Hard,2nd Round,5,Ramos-Vinolas A.,Cilic M.,Cilic M.,42,17,1070,2175,4.5,1.2,3-6 6-7 3-6
US Open,9/1/2022,Grand Slam,Outdoor,Hard,2nd Round,5,Evans D.,Duckworth J.,Evans D.,23,83,1510,632,1.25,4,6-3 6-2 4-6 6-4
US Open,9/1/2022,Grand Slam,Outdoor,Hard,2nd Round,5,Coric B.,Brooksby J.,Brooksby J.,29,43,1360,1027,1.9,1.9,4-6 6-7 1-6
US Open,9/1/2022,Grand Slam,Outdoor,Hard,2nd Round,5,Sinner J.,Eubanks C.,Sinner J.,13,145,3020,376,1.08,8,6-4 7-6 6-2
US Open,9/1/2022,Grand Slam,Outdoor,Hard,2nd Round,5,Coria F.,Alcaraz C.,Alcaraz C.,78,4,665,5100,19,1.02,2-6 1-6 5-7
US Open,9/1/2022,Grand Slam,Outdoor,Hard,2nd Round,5,Norrie C.,Sousa J.,Norrie C.,9,59,3415,786,1.05,11,6-4 6-4 7-6
US Open,9/1/2022,Grand Slam,Outdoor,Hard,2nd Round,5,Brouwer G.,Musetti L.,Musetti L.,181,30,295,1322,2.75,1.44,7-6 3-6 4-6 2-6
US Open,9/1/2022,Grand Slam,Outdoor,Hard,2nd Round,5,Rublev A.,Kwon S.W.,Rublev A.,11,81,3120,646,1.16,5,6-3 6-0 6-4
US Open,9/1/2022,Grand Slam,Outdoor,Hard,2nd Round,5,Dimitrov G.,Nakashima B.,Nakashima B.,19,69,1730,699,1.66,2.2,6-7 5-7 3-6
US Open,9/1/2022,Grand Slam,Outdoor,Hard,2nd Round,5,Schwartzman D.,Popyrin A.,Schwartzman D.,16,84,2200,629,1.28,3.75,7-6 7-5 7-6
US Open,9/1/2022,Grand Slam,Outdoor,Hard,2nd Round,5,Kecmanovic M.,Gasquet R.,Gasquet R.,36,91,1245,583,1.4,3,2-6 4-6 6-4 4-6
US Open,9/1/2022,Grand Slam,Outdoor,Hard,2nd Round,5,Shapovalov D.,Carballes Baena R.,Shapovalov D.,21,80,1640,654,1.16,5,6-4 4-6 6-3 6-2
US Open,9/2/2022,Grand Slam,Outdoor,Hard,2nd Round,5,Hurkacz H.,Ivashka I.,Ivashka I.,10,73,3355,685,1.3,3.5,4-6 6-4 6-7 3-6
US Open,9/2/2022,Grand Slam,Outdoor,Hard,2nd Round,5,Tiafoe F.,Kubler J.,Tiafoe F.,26,109,1400,500,1.33,3.4,7-6 7-5 7-6
US Open,9/2/2022,Grand Slam,Outdoor,Hard,2nd Round,5,Fognini F.,Nadal R.,Nadal R.,60,3,782,5630,8,1.08,6-2 4-6 2-6 1-6
US Open,9/2/2022,Grand Slam,Outdoor,Hard,3rd Round,5,Davidovich Fokina A.,Galan D.E.,Davidovich Fokina A.,39,94,1210,568,1.4,3,6-4 5-7 6-4 6-4
US Open,9/2/2022,Grand Slam,Outdoor,Hard,3rd Round,5,Murray A.,Berrettini M.,Berrettini M.,51,14,930,2360,2.75,1.44,4-6 4-6 7-6 3-6
US Open,9/2/2022,Grand Slam,Outdoor,Hard,3rd Round,5,Ruud C.,Paul T.,Ruud C.,7,34,4695,1305,1.57,2.37,7-6 6-7 7-6 5-7 6-0
US Open,9/2/2022,Grand Slam,Outdoor,Hard,3rd Round,5,Cachin P.,Moutet C.,Moutet C.,66,112,723,484,3.4,1.33,3-6 6-4 2-6 5-7
US Open,9/2/2022,Grand Slam,Outdoor,Hard,3rd Round,5,Carreno Busta P.,De Minaur A.,Carreno Busta P.,15,20,2340,1665,1.72,2.1,6-1 6-1 3-6 7-6
US Open,9/3/2022,Grand Slam,Outdoor,Hard,3rd Round,5,Wolf J.J.,Kyrgios N.,Kyrgios N.,87,25,610,1430,6,1.12,4-6 2-6 3-6
US Open,9/3/2022,Grand Slam,Outdoor,Hard,3rd Round,5,Medvedev D.,Wu Y.,Medvedev D.,1,174,6885,301,1.04,13,6-4 6-2 6-2
US Open,9/3/2022,Grand Slam,Outdoor,Hard,3rd Round,5,Rune H.,Norrie C.,Norrie C.,33,9,1310,3415,3.75,1.28,5-7 4-6 1-6
US Open,9/3/2022,Grand Slam,Outdoor,Hard,3rd Round,5,Rublev A.,Shapovalov D.,Rublev A.,11,21,3120,1640,1.53,2.5,6-4 2-6 6-7 6-4 7-6
US Open,9/3/2022,Grand Slam,Outdoor,Hard,3rd Round,5,Brooksby J.,Alcaraz C.,Alcaraz C.,43,4,1027,5100,4,1.25,3-6 3-6 3-6
US Open,9/3/2022,Grand Slam,Outdoor,Hard,3rd Round,5,Tiafoe F.,Schwartzman D.,Tiafoe F.,26,16,1400,2200,1.44,2.75,7-6 6-4 6-4
US Open,9/3/2022,Grand Slam,Outdoor,Hard,3rd Round,5,Musetti L.,Ivashka I.,Ivashka I.,30,73,1322,685,2.62,1.5,4-6 6-3 2-6 3-6
US Open,9/3/2022,Grand Slam,Outdoor,Hard,3rd Round,5,Cilic M.,Evans D.,Cilic M.,17,23,2175,1510,1.57,2.37,7-6 6-7 6-2 7-5
US Open,9/4/2022,Grand Slam,Outdoor,Hard,3rd Round,5,Gasquet R.,Nadal R.,Nadal R.,91,3,583,5630,10,1.06,0-6 1-6 5-7
US Open,9/4/2022,Grand Slam,Outdoor,Hard,3rd Round,5,Sinner J.,Nakashima B.,Sinner J.,13,69,3020,699,1.36,3.2,3-6 6-4 6-1 6-2
US Open,9/4/2022,Grand Slam,Outdoor,Hard,4th Round,5,Davidovich Fokina A.,Berrettini M.,Berrettini M.,39,14,1210,2360,3.4,1.33,6-3 6-7 3-6 6-4 2-6
US Open,9/4/2022,Grand Slam,Outdoor,Hard,4th Round,5,Ruud C.,Moutet C.,Ruud C.,7,112,4695,484,1.16,5,6-1 6-2 6-7 6-2
US Open,9/4/2022,Grand Slam,Outdoor,Hard,4th Round,5,Carreno Busta P.,Khachanov K.,Khachanov K.,15,31,2340,1315,1.44,2.75,6-4 3-6 1-6 6-4 3-6
US Open,9/5/2022,Grand Slam,Outdoor,Hard,4th Round,5,Kyrgios N.,Medvedev D.,Kyrgios N.,25,1,1430,6885,2.5,1.53,7-6 3-6 6-3 6-2
US Open,9/5/2022,Grand Slam,Outdoor,Hard,4th Round,5,Norrie C.,Rublev A.,Rublev A.,9,11,3415,3120,1.61,2.3,4-6 4-6 4-6
US Open,9/5/2022,Grand Slam,Outdoor,Hard,4th Round,5,Tiafoe F.,Nadal R.,Tiafoe F.,26,3,1400,5630,4.5,1.2,6-4 4-6 6-4 6-3
US Open,9/6/2022,Grand Slam,Outdoor,Hard,4th Round,5,Ivashka I.,Sinner J.,Sinner J.,73,13,685,3020,4.33,1.22,1-6 7-5 2-6 6-4 3-6
US Open,9/6/2022,Grand Slam,Outdoor,Hard,4th Round,5,Alcaraz C.,Cilic M.,Alcaraz C.,4,17,5100,2175,1.2,4.5,6-4 3-6 6-4 4-6 6-3
US Open,9/6/2022,Grand Slam,Outdoor,Hard,Quarterfinals,5,Berrettini M.,Ruud C.,Ruud C.,14,7,2360,4695,1.8,2,1-6 4-6 6-7
US Open,9/7/2022,Grand Slam,Outdoor,Hard,Quarterfinals,5,Khachanov K.,Kyrgios N.,Khachanov K.,31,25,1315,1430,4.5,1.2,7-5 4-6 7-5 6-7 6-4
US Open,9/7/2022,Grand Slam,Outdoor,Hard,Quarterfinals,5,Rublev A.,Tiafoe F.,Tiafoe F.,11,26,3120,1400,1.8,2,6-7 6-7 4-6
US Open,9/8/2022,Grand Slam,Outdoor,Hard,Quarterfinals,5,Alcaraz C.,Sinner J.,Alcaraz C.,4,13,5100,3020,1.61,2.3,6-3 6-7 6-7 7-5 6-3
US Open,9/9/2022,Grand Slam,Outdoor,Hard,Semifinals,5,Khachanov K.,Ruud C.,Ruud C.,31,7,1315,4695,2.75,1.44,6-7 2-6 7-5 2-6
US Open,9/10/2022,Grand Slam,Outdoor,Hard,Semifinals,5,Alcaraz C.,Tiafoe F.,Alcaraz C.,4,26,5100,1400,1.5,2.62,6-7 6-3 6-1 6-7 6-3
US Open,9/11/2022,Grand Slam,Outdoor,Hard,The Final,5,Ruud C.,Alcaraz C.,Alcaraz C.,7,4,4695,5100,2.8,1.45,4-6 6-2 6-7 3-6
BNP Paribas Masters,10/31/2022,Masters 1000,Indoor,Hard,1st Round,3,Isner J.,Otte O.,Isner J.,47,57,960,806,2,1.8,6-4 7-6
BNP Paribas Masters,10/31/2022,Masters 1000,Indoor,Hard,1st Round,3,Kecmanovic M.,Norrie C.,Norrie C.,29,13,1445,2490,2.3,1.61,2-6 4-6
BNP Paribas Masters,10/31/2022,Masters 1000,Indoor,Hard,1st Round,3,Nishioka Y.,Karatsev A.,Nishioka Y.,38,58,1105,795,1.4,3,6-3 6-4
BNP Paribas Masters,10/31/2022,Masters 1000,Indoor,Hard,1st Round,3,Davidovich Fokina A.,Fritz T.,Fritz T.,32,11,1300,3090,4.33,1.22,5-7 2-6
BNP Paribas Masters,10/31/2022,Masters 1000,Indoor,Hard,1st Round,3,Basilashvili N.,Halys Q.,Basilashvili N.,106,69,540,740,4.33,1.22,6-3 6-4
BNP Paribas Masters,10/31/2022,Masters 1000,Indoor,Hard,1st Round,3,Baez S.,Khachanov K.,Khachanov K.,40,19,1057,1945,6,1.12,1-6 1-6
BNP Paribas Masters,10/31/2022,Masters 1000,Indoor,Hard,1st Round,3,Musetti L.,Cilic M.,Musetti L.,23,17,1746,2140,2.5,1.53,6-4 6-4
BNP Paribas Masters,10/31/2022,Masters 1000,Indoor,Hard,1st Round,3,Molcan A.,Gasquet R.,Gasquet R.,44,76,987,703,2.62,1.5,3-6 1-6
BNP Paribas Masters,10/31/2022,Masters 1000,Indoor,Hard,1st Round,3,Cressy M.,Schwartzman D.,Cressy M.,34,24,1254,1735,1.61,2.3,6-3 6-3
BNP Paribas Masters,10/31/2022,Masters 1000,Indoor,Hard,1st Round,3,Sinner J.,Huesler M.A.,Huesler M.A.,12,61,2610,784,1.2,4.5,2-6 3-6
BNP Paribas Masters,10/31/2022,Masters 1000,Indoor,Hard,1st Round,3,Tiafoe F.,Sonego L.,Tiafoe F.,21,51,1920,935,1.44,2.75,6-4 6-4
BNP Paribas Masters,10/31/2022,Masters 1000,Indoor,Hard,1st Round,3,Bublik A.,Ymer M.,Ymer M.,36,74,1165,712,1.72,2.1,1-6 7-6 4-6
BNP Paribas Masters,10/31/2022,Masters 1000,Indoor,Hard,1st Round,3,Simon G.,Murray A.,Simon G.,188,48,295,955,4,1.25,4-6 7-5 6-3
BNP Paribas Masters,10/31/2022,Masters 1000,Indoor,Hard,1st Round,3,Korda S.,De Minaur A.,De Minaur A.,33,25,1255,1710,1.66,2.2,4-6 6-4 4-6
BNP Paribas Masters,11/1/2022,Masters 1000,Indoor,Hard,1st Round,3,Evans D.,Nakashima B.,Evans D.,27,50,1585,937,1.8,2,6-3 3-6 6-4
BNP Paribas Masters,11/1/2022,Masters 1000,Indoor,Hard,1st Round,3,Coric B.,Moutet C.,Moutet C.,26,64,1675,777,1.4,3,6-3 3-6 4-6
BNP Paribas Masters,11/1/2022,Masters 1000,Indoor,Hard,1st Round,3,Draper J.,Rinderknech A.,Draper J.,45,42,981,997,1.57,2.37,6-3 6-4
BNP Paribas Masters,11/1/2022,Masters 1000,Indoor,Hard,1st Round,3,Ramos-Vinolas A.,Carreno Busta P.,Carreno Busta P.,39,14,1085,2450,4.5,1.2,3-6 3-6
BNP Paribas Masters,11/1/2022,Masters 1000,Indoor,Hard,1st Round,3,Fognini F.,Fils A.,Fognini F.,59,308,792,164,1.72,2.1,7-6 6-7 6-2
BNP Paribas Masters,11/1/2022,Masters 1000,Indoor,Hard,1st Round,3,Mannarino A.,Hurkacz H.,Hurkacz H.,43,10,991,3220,4.33,1.22,6-7 4-6
BNP Paribas Masters,11/1/2022,Masters 1000,Indoor,Hard,1st Round,3,Paul T.,Bautista Agut R.,Paul T.,31,20,1330,1940,2.2,1.66,6-4 6-4
BNP Paribas Masters,11/1/2022,Masters 1000,Indoor,Hard,1st Round,3,Van De Zandschulp B.,Dimitrov G.,Dimitrov G.,35,28,1195,1460,2.3,1.61,6-7 6-7
BNP Paribas Masters,11/1/2022,Masters 1000,Indoor,Hard,1st Round,3,Shapovalov D.,Cerundolo F.,Shapovalov D.,16,30,2180,1431,1.22,4.33,6-7 6-3 6-4
BNP Paribas Masters,11/1/2022,Masters 1000,Indoor,Hard,1st Round,3,Wawrinka S.,Rune H.,Rune H.,153,18,367,1991,2.75,1.44,6-4 5-7 6-7
BNP Paribas Masters,11/1/2022,Masters 1000,Indoor,Hard,2nd Round,3,Rublev A.,Isner J.,Rublev A.,9,47,3685,960,1.33,3.4,6-2 6-3
BNP Paribas Masters,11/1/2022,Masters 1000,Indoor,Hard,2nd Round,3,Cressy M.,Djokovic N.,Djokovic N.,34,7,1254,4320,10,1.06,6-7 4-6
BNP Paribas Masters,11/1/2022,Masters 1000,Indoor,Hard,2nd Round,3,Ruud C.,Gasquet R.,Ruud C.,4,76,5510,703,1.5,2.62,6-1 7-6
BNP Paribas Masters,11/1/2022,Masters 1000,Indoor,Hard,2nd Round,3,Huesler M.A.,Khachanov K.,Khachanov K.,61,19,784,1945,2.62,1.5,3-6 6-4 4-6
BNP Paribas Masters,11/2/2022,Masters 1000,Indoor,Hard,2nd Round,3,Musetti L.,Basilashvili N.,Musetti L.,23,106,1746,540,1.2,4.5,6-4 6-2
BNP Paribas Masters,11/2/2022,Masters 1000,Indoor,Hard,2nd Round,3,Evans D.,Tsitsipas S.,Tsitsipas S.,27,5,1585,5035,3.5,1.3,3-6 4-6
BNP Paribas Masters,11/2/2022,Masters 1000,Indoor,Hard,2nd Round,3,Tiafoe F.,Draper J.,Tiafoe F.,21,45,1920,981,1.9,1.9,6-3 7-5
BNP Paribas Masters,11/2/2022,Masters 1000,Indoor,Hard,2nd Round,3,Medvedev D.,De Minaur A.,De Minaur A.,3,25,5655,1710,1.2,4.5,4-6 6-2 5-7
BNP Paribas Masters,11/2/2022,Masters 1000,Indoor,Hard,2nd Round,3,Auger-Aliassime F.,Ymer M.,Auger-Aliassime F.,8,74,3725,712,1.2,4.5,6-7 6-4 7-6
BNP Paribas Masters,11/2/2022,Masters 1000,Indoor,Hard,2nd Round,3,Nishioka Y.,Alcaraz C.,Alcaraz C.,38,1,1105,6730,4.5,1.2,4-6 4-6
BNP Paribas Masters,11/2/2022,Masters 1000,Indoor,Hard,2nd Round,3,Dimitrov G.,Fognini F.,Dimitrov G.,28,59,1460,792,1.22,4.33,6-0 7-5
BNP Paribas Masters,11/2/2022,Masters 1000,Indoor,Hard,2nd Round,3,Fritz T.,Simon G.,Simon G.,11,188,3090,295,1.12,6,5-7 7-5 4-6
BNP Paribas Masters,11/2/2022,Masters 1000,Indoor,Hard,2nd Round,3,Rune H.,Hurkacz H.,Rune H.,18,10,1991,3220,2.5,1.53,7-5 6-1
BNP Paribas Masters,11/2/2022,Masters 1000,Indoor,Hard,2nd Round,3,Shapovalov D.,Carreno Busta P.,Carreno Busta P.,16,14,2180,2450,1.8,2,6-7 6-2 4-6
BNP Paribas Masters,11/2/2022,Masters 1000,Indoor,Hard,2nd Round,3,Paul T.,Nadal R.,Paul T.,31,2,1330,5810,2.75,1.44,3-6 7-6 6-1
BNP Paribas Masters,11/2/2022,Masters 1000,Indoor,Hard,2nd Round,3,Norrie C.,Moutet C.,Moutet C.,13,64,2490,777,1.4,3,3-6 7-5 6-7
BNP Paribas Masters,11/3/2022,Masters 1000,Indoor,Hard,3rd Round,3,Musetti L.,Ruud C.,Musetti L.,23,4,1746,5510,2.2,1.66,4-6 6-4 6-4
BNP Paribas Masters,11/3/2022,Masters 1000,Indoor,Hard,3rd Round,3,De Minaur A.,Tiafoe F.,Tiafoe F.,25,21,1710,1920,1.72,2.1,3-6 6-7
BNP Paribas Masters,11/3/2022,Masters 1000,Indoor,Hard,3rd Round,3,Alcaraz C.,Dimitrov G.,Alcaraz C.,1,28,6730,1460,1.3,3.5,6-1 6-3
BNP Paribas Masters,11/3/2022,Masters 1000,Indoor,Hard,3rd Round,3,Rublev A.,Rune H.,Rune H.,9,18,3685,1991,1.61,2.3,4-6 5-7
BNP Paribas Masters,11/3/2022,Masters 1000,Indoor,Hard,3rd Round,3,Auger-Aliassime F.,Simon G.,Auger-Aliassime F.,8,188,3725,295,1.1,7,6-1 6-3
BNP Paribas Masters,11/3/2022,Masters 1000,Indoor,Hard,3rd Round,3,Khachanov K.,Djokovic N.,Djokovic N.,19,7,1945,4320,8,1.08,4-6 1-6
BNP Paribas Masters,11/3/2022,Masters 1000,Indoor,Hard,3rd Round,3,Tsitsipas S.,Moutet C.,Tsitsipas S.,5,64,5035,777,1.16,5,6-3 7-6
BNP Paribas Masters,11/3/2022,Masters 1000,Indoor,Hard,3rd Round,3,Carreno Busta P.,Paul T.,Paul T.,14,31,2450,1330,1.72,2.1,4-6 4-6
BNP Paribas Masters,11/4/2022,Masters 1000,Indoor,Hard,Quarterfinals,3,Auger-Aliassime F.,Tiafoe F.,Auger-Aliassime F.,8,21,3725,1920,1.44,2.75,6-1 6-4
BNP Paribas Masters,11/4/2022,Masters 1000,Indoor,Hard,Quarterfinals,3,Musetti L.,Djokovic N.,Djokovic N.,23,7,1746,4320,6.5,1.11,0-6 3-6
BNP Paribas Masters,11/4/2022,Masters 1000,Indoor,Hard,Quarterfinals,3,Tsitsipas S.,Paul T.,Tsitsipas S.,5,31,5035,1330,1.4,3,6-2 6-4
BNP Paribas Masters,11/5/2022,Masters 1000,Indoor,Hard,Semifinals,3,Auger-Aliassime F.,Rune H.,Rune H.,8,18,3725,1991,1.44,2.75,4-6 2-6
BNP Paribas Masters,11/5/2022,Masters 1000,Indoor,Hard,Semifinals,3,Djokovic N.,Tsitsipas S.,Djokovic N.,7,5,4320,5035,1.2,4.5,6-2 3-6 7-6
BNP Paribas Masters,11/6/2022,Masters 1000,Indoor,Hard,The Final,3,Djokovic N.,Rune H.,Rune H.,7,18,4320,1991,1.25,4,6-3 3-6 5-7
Australian Open,1/16/2023,Grand Slam,Outdoor,Hard,1st Round,5,Moutet C.,Wu Y.,Moutet C.,62,114,790,494,2.38,1.57,6-4 5-7 6-2 4-6 7-5
Australian Open,1/16/2023,Grand Slam,Outdoor,Hard,1st Round,5,Rinderknech A.,Watanuki Y.,Watanuki Y.,59,138,807,413,1.62,2.3,3-6 3-6 2-6
Australian Open,1/16/2023,Grand Slam,Outdoor,Hard,1st Round,5,Van De Zandschulp B.,Ivashka I.,Van De Zandschulp B.,34,73,1205,705,1.36,3.2,6-3 3-6 7-5 6-3
Australian Open,1/16/2023,Grand Slam,Outdoor,Hard,1st Round,5,Barrere G.,Etcheverry T.,Etcheverry T.,83,79,635,649,1.62,2.3,6-3 3-6 4-6 4-6
Australian Open,1/16/2023,Grand Slam,Outdoor,Hard,1st Round,5,Sinner J.,Edmund K.,Sinner J.,16,581,2375,52,1.06,10,6-4 6-0 6-2
Australian Open,1/16/2023,Grand Slam,Outdoor,Hard,1st Round,5,Pella G.,Cerundolo F.,Cerundolo F.,181,29,318,1383,6,1.13,4-6 4-6 3-6
Australian Open,1/16/2023,Grand Slam,Outdoor,Hard,1st Round,5,Shang J.,Otte O.,Shang J.,194,74,289,701,2.75,1.44,6-2 6-4 6-7 7-5
Australian Open,1/16/2023,Grand Slam,Outdoor,Hard,1st Round,5,Martinez P.,Hurkacz H.,Hurkacz H.,60,11,801,2860,10,1.06,6-7 2-6 2-6
Australian Open,1/16/2023,Grand Slam,Outdoor,Hard,1st Round,5,Korda S.,Garin C.,Korda S.,31,87,1325,606,1.08,8,6-4 1-6 6-3 6-2
Australian Open,1/16/2023,Grand Slam,Outdoor,Hard,1st Round,5,Ymer M.,Nishioka Y.,Nishioka Y.,69,33,751,1212,1.91,1.91,4-6 2-6 5-7
Australian Open,1/16/2023,Grand Slam,Outdoor,Hard,1st Round,5,Shapovalov D.,Lajovic D.,Shapovalov D.,22,86,1830,626,1.08,8,6-4 4-6 6-4 6-1
Australian Open,1/16/2023,Grand Slam,Outdoor,Hard,1st Round,5,Kotov P.,Griekspoor T.,Griekspoor T.,117,63,483,789,3.2,1.36,3-6 6-7 3-6
Australian Open,1/16/2023,Grand Slam,Outdoor,Hard,1st Round,5,Mcdonald M.,Nakashima B.,Mcdonald M.,65,49,775,902,2.5,1.53,7-6 7-6 1-6 6-7 6-4
Australian Open,1/16/2023,Grand Slam,Outdoor,Hard,1st Round,5,Zapata Miralles B.,Khachanov K.,Khachanov K.,72,20,712,1885,9,1.07,6-7 2-6 0-6
Australian Open,1/16/2023,Grand Slam,Outdoor,Hard,1st Round,5,Tiafoe F.,Altmaier D.,Tiafoe F.,17,92,2260,584,1.1,7,6-3 6-3 6-7 7-6
Australian Open,1/16/2023,Grand Slam,Outdoor,Hard,1st Round,5,Draper J.,Nadal R.,Nadal R.,38,2,1020,5770,3.2,1.36,5-7 6-2 4-6 1-6
Australian Open,1/16/2023,Grand Slam,Outdoor,Hard,1st Round,5,Daniel T.,Escobedo E.,Daniel T.,94,313,572,163,1.57,2.38,7-5 6-2 3-6 6-3
Australian Open,1/16/2023,Grand Slam,Outdoor,Hard,1st Round,5,Borges N.,Sonego L.,Sonego L.,111,47,512,925,3.5,1.3,6-7 3-6 7-6 1-6
Australian Open,1/16/2023,Grand Slam,Outdoor,Hard,1st Round,5,Lehecka J.,Coric B.,Lehecka J.,71,23,717,1760,3.2,1.36,6-3 6-3 6-3
Australian Open,1/16/2023,Grand Slam,Outdoor,Hard,1st Round,5,Baez S.,Kubler J.,Kubler J.,44,84,975,633,3.4,1.33,4-6 4-6 4-6
Australian Open,1/16/2023,Grand Slam,Outdoor,Hard,1st Round,5,Svrcina D.,Munar J.,Svrcina D.,216,64,249,777,2.75,1.44,6-3 6-2 6-2
Australian Open,1/16/2023,Grand Slam,Outdoor,Hard,1st Round,5,Huesler M.A.,Millman J.,Millman J.,51,140,866,410,1.67,2.2,7-6 5-7 7-6 2-6 3-6
Australian Open,1/16/2023,Grand Slam,Outdoor,Hard,1st Round,5,Eubanks C.,Kwon S.W.,Eubanks C.,116,52,487,862,2.38,1.57,6-3 6-7 6-3 4-6 6-4
Australian Open,1/16/2023,Grand Slam,Outdoor,Hard,1st Round,5,Coria F.,Fucsovics M.,Fucsovics M.,76,78,695,687,5.5,1.14,6-4 5-7 6-2 6-7 2-6
Australian Open,1/16/2023,Grand Slam,Outdoor,Hard,1st Round,5,Molcan A.,Wawrinka S.,Molcan A.,53,139,850,412,3.75,1.29,6-7 6-3 1-6 7-6 6-4
Australian Open,1/16/2023,Grand Slam,Outdoor,Hard,1st Round,5,Hanfmann Y.,Hijikata R.,Hijikata R.,128,169,435,344,1.8,2,6-4 6-4 3-6 6-7 3-6
Australian Open,1/16/2023,Grand Slam,Outdoor,Hard,1st Round,5,Norrie C.,Van Assche L.,Norrie C.,12,143,2680,403,1.06,10,7-6 6-0 6-3
Australian Open,1/16/2023,Grand Slam,Outdoor,Hard,1st Round,5,Pospisil V.,Auger-Aliassime F.,Auger-Aliassime F.,99,7,560,3895,9,1.07,6-1 6-7 6-7 3-6
Australian Open,1/16/2023,Grand Slam,Outdoor,Hard,1st Round,5,Tsitsipas S.,Halys Q.,Tsitsipas S.,4,61,5715,800,1.14,5.5,6-3 6-4 7-6
Australian Open,1/16/2023,Grand Slam,Outdoor,Hard,1st Round,5,Monteiro T.,Lestienne C.,Lestienne C.,77,55,690,842,1.73,2.1,3-6 6-7 3-6
Australian Open,1/16/2023,Grand Slam,Outdoor,Hard,1st Round,5,Harris L.,Musetti L.,Harris L.,186,19,310,1925,3.4,1.33,6-4 6-1 6-7 2-6 7-6
Australian Open,1/16/2023,Grand Slam,Outdoor,Hard,1st Round,5,Giron M.,Medvedev D.,Medvedev D.,56,8,841,3860,17,1.03,0-6 1-6 2-6
Australian Open,1/17/2023,Grand Slam,Outdoor,Hard,1st Round,5,Rublev A.,Thiem D.,Rublev A.,6,98,3930,561,1.25,4,6-3 6-4 6-2
Australian Open,1/17/2023,Grand Slam,Outdoor,Hard,1st Round,5,Bagnis F.,Evans D.,Evans D.,91,30,595,1380,6.5,1.11,4-6 6-4 4-6 4-6
Australian Open,1/17/2023,Grand Slam,Outdoor,Hard,1st Round,5,Bonzi B.,Bellucci M.,Bonzi B.,48,152,911,374,1.4,3,4-6 6-3 7-6 6-4
Australian Open,1/17/2023,Grand Slam,Outdoor,Hard,1st Round,5,Karatsev A.,Dimitrov G.,Dimitrov G.,82,28,635,1395,3,1.4,6-7 5-7 2-6
Australian Open,1/17/2023,Grand Slam,Outdoor,Hard,1st Round,5,Djere L.,Bergs Z.,Djere L.,68,130,758,428,1.44,2.75,6-4 1-6 6-4 6-1
Australian Open,1/17/2023,Grand Slam,Outdoor,Hard,1st Round,5,Krutykh O.,Schwartzman D.,Schwartzman D.,188,26,308,1550,2.63,1.5,4-6 7-6 3-6 6-7
Australian Open,1/17/2023,Grand Slam,Outdoor,Hard,1st Round,5,Jarry N.,Kecmanovic M.,Jarry N.,154,27,370,1445,3.5,1.3,6-3 6-4 7-6
Australian Open,1/17/2023,Grand Slam,Outdoor,Hard,1st Round,5,Bublik A.,Davidovich Fokina A.,Davidovich Fokina A.,36,32,1130,1325,2.1,1.73,0-6 7-6 6-3 4-6 3-6
Australian Open,1/17/2023,Grand Slam,Outdoor,Hard,1st Round,5,Carreno Busta P.,Cachin P.,Carreno Busta P.,15,58,2420,809,1.08,8,7-6 6-1 7-6
Australian Open,1/17/2023,Grand Slam,Outdoor,Hard,1st Round,5,Thompson J.,Wolf J.J.,Wolf J.J.,88,67,604,758,2.38,1.57,3-6 6-3 4-6 5-7
Australian Open,1/17/2023,Grand Slam,Outdoor,Hard,1st Round,5,Fritz T.,Basilashvili N.,Fritz T.,9,90,3545,595,1.03,17,6-4 6-2 4-6 7-5
Australian Open,1/17/2023,Grand Slam,Outdoor,Hard,1st Round,5,Krajinovic F.,Rune H.,Rune H.,54,10,845,2876,5.5,1.14,2-6 3-6 4-6
Australian Open,1/17/2023,Grand Slam,Outdoor,Hard,1st Round,5,Shelton B.,Zhang Zh.,Shelton B.,89,96,604,567,1.4,3,4-6 6-3 6-2 2-6 7-6
Australian Open,1/17/2023,Grand Slam,Outdoor,Hard,1st Round,5,Berrettini M.,Murray A.,Murray A.,14,66,2490,770,1.25,4,3-6 3-6 6-4 7-6 6-7
Australian Open,1/17/2023,Grand Slam,Outdoor,Hard,1st Round,5,Zverev A.,Varillas J. P.,Zverev A.,13,103,2560,546,1.06,10,4-6 6-1 5-7 7-6 6-4
Australian Open,1/17/2023,Grand Slam,Outdoor,Hard,1st Round,5,Struff J.L.,Paul T.,Paul T.,167,35,351,1160,3,1.4,1-6 6-7 2-6
Australian Open,1/17/2023,Grand Slam,Outdoor,Hard,1st Round,5,Brooksby J.,O Connell C.,Brooksby J.,39,80,1010,648,1.44,2.75,3-6 6-2 6-3 6-2
Australian Open,1/17/2023,Grand Slam,Outdoor,Hard,1st Round,5,Hsu Y.,De Minaur A.,De Minaur A.,209,24,265,1710,13,1.04,2-6 2-6 3-6
Australian Open,1/17/2023,Grand Slam,Outdoor,Hard,1st Round,5,Popyrin A.,Tseng C. H.,Popyrin A.,113,115,506,490,1.17,5,4-6 7-6 6-7 7-6 6-1
Australian Open,1/17/2023,Grand Slam,Outdoor,Hard,1st Round,5,Machac T.,Ruud C.,Ruud C.,110,3,512,5720,5,1.17,3-6 6-7 7-6 3-6
Australian Open,1/17/2023,Grand Slam,Outdoor,Hard,1st Round,5,Djokovic N.,Carballes Baena R.,Djokovic N.,5,75,5070,695,1.01,29,6-3 6-4 6-0
Australian Open,1/18/2023,Grand Slam,Outdoor,Hard,1st Round,5,Purcell M.,Ruusuvuori E.,Ruusuvuori E.,205,46,268,941,3.2,1.36,6-4 3-6 4-6 6-7
Australian Open,1/18/2023,Grand Slam,Outdoor,Hard,1st Round,5,Humbert U.,Gasquet R.,Humbert U.,106,42,523,990,2.1,1.73,6-3 6-4 6-3
Australian Open,1/18/2023,Grand Slam,Outdoor,Hard,1st Round,5,Safiullin R.,Kudla D.,Kudla D.,97,108,563,522,1.36,3.2,6-3 5-7 6-7 3-6
Australian Open,1/18/2023,Grand Slam,Outdoor,Hard,1st Round,5,Mmoh M.,Lokoli L.,Mmoh M.,107,175,523,326,1.53,2.5,7-6 6-4 6-2
Australian Open,1/18/2023,Grand Slam,Outdoor,Hard,1st Round,5,Isner J.,Mannarino A.,Mannarino A.,43,45,980,971,1.8,2,7-6 6-7 2-6 2-6
Australian Open,1/18/2023,Grand Slam,Outdoor,Hard,1st Round,5,Holt B.,Vukic A.,Holt B.,215,146,255,384,2.38,1.57,6-4 1-6 6-3 3-6 6-3
Australian Open,1/18/2023,Grand Slam,Outdoor,Hard,1st Round,5,Sousa J.,Bautista Agut R.,Bautista Agut R.,81,25,644,1675,8,1.08,3-6 2-6 2-6
Australian Open,1/18/2023,Grand Slam,Outdoor,Hard,1st Round,5,Couacaud E.,Dellien H.,Couacaud E.,191,131,302,425,1.11,6.5,6-4 7-5 6-0
Australian Open,1/18/2023,Grand Slam,Outdoor,Hard,1st Round,5,Ramos-Vinolas A.,Cressy M.,Cressy M.,37,41,1075,992,3.2,1.36,6-7 5-7 6-3 3-6
Australian Open,1/18/2023,Grand Slam,Outdoor,Hard,1st Round,5,Kokkinakis T.,Fognini F.,Kokkinakis T.,159,57,362,823,1.17,5,6-1 6-2 6-2
Australian Open,1/18/2023,Grand Slam,Outdoor,Hard,2nd Round,5,Etcheverry T.,Sinner J.,Sinner J.,79,16,649,2375,11,1.05,3-6 2-6 2-6
Australian Open,1/18/2023,Grand Slam,Outdoor,Hard,2nd Round,5,Auger-Aliassime F.,Molcan A.,Auger-Aliassime F.,7,53,3895,850,1.05,11,3-6 3-6 6-3 6-2 6-2
Australian Open,1/18/2023,Grand Slam,Outdoor,Hard,2nd Round,5,Nadal R.,Mcdonald M.,Mcdonald M.,2,65,5770,775,1.07,9,4-6 4-6 5-7
Australian Open,1/18/2023,Grand Slam,Outdoor,Hard,2nd Round,5,Tiafoe F.,Shang J.,Tiafoe F.,17,194,2260,289,1.14,5.5,6-4 6-4 6-1
Australian Open,1/18/2023,Grand Slam,Outdoor,Hard,2nd Round,5,Harris L.,Fucsovics M.,Fucsovics M.,186,78,310,687,2,1.8,2-6 3-6 7-5 4-6
Australian Open,1/18/2023,Grand Slam,Outdoor,Hard,2nd Round,5,Khachanov K.,Kubler J.,Khachanov K.,20,84,1885,633,1.29,3.75,6-4 5-7 6-4 6-2
Australian Open,1/18/2023,Grand Slam,Outdoor,Hard,2nd Round,5,Millman J.,Medvedev D.,Medvedev D.,140,8,410,3860,19,1.02,5-7 2-6 2-6
Australian Open,1/18/2023,Grand Slam,Outdoor,Hard,2nd Round,5,Nishioka Y.,Svrcina D.,Nishioka Y.,33,216,1212,249,1.25,4,6-3 6-4 6-2
Australian Open,1/18/2023,Grand Slam,Outdoor,Hard,2nd Round,5,Moutet C.,Cerundolo F.,Cerundolo F.,62,29,790,1383,1.91,1.91,6-3 4-6 2-6 5-7
Australian Open,1/18/2023,Grand Slam,Outdoor,Hard,2nd Round,5,Shapovalov D.,Daniel T.,Shapovalov D.,22,94,1830,572,1.17,5,6-3 7-6 7-5
Australian Open,1/18/2023,Grand Slam,Outdoor,Hard,2nd Round,5,Sonego L.,Hurkacz H.,Hurkacz H.,47,11,925,2860,4,1.25,6-3 6-7 6-2 3-6 3-6
Australian Open,1/18/2023,Grand Slam,Outdoor,Hard,2nd Round,5,Tsitsipas S.,Hijikata R.,Tsitsipas S.,4,169,5715,344,1.05,11,6-3 6-0 6-2
Australian Open,1/18/2023,Grand Slam,Outdoor,Hard,2nd Round,5,Watanuki Y.,Korda S.,Korda S.,138,31,413,1325,4.33,1.22,2-6 5-7 4-6
Australian Open,1/18/2023,Grand Slam,Outdoor,Hard,2nd Round,5,Griekspoor T.,Van De Zandschulp B.,Griekspoor T.,63,34,789,1205,2.1,1.73,6-4 6-4 6-4
Australian Open,1/18/2023,Grand Slam,Outdoor,Hard,2nd Round,5,Eubanks C.,Lehecka J.,Lehecka J.,116,71,487,717,2.75,1.44,4-6 4-6 6-3 3-6
Australian Open,1/18/2023,Grand Slam,Outdoor,Hard,2nd Round,5,Norrie C.,Lestienne C.,Norrie C.,12,55,2680,842,1.1,7,6-3 3-6 7-6 6-3
Australian Open,1/19/2023,Grand Slam,Outdoor,Hard,2nd Round,5,Davidovich Fokina A.,Paul T.,Paul T.,32,35,1325,1160,2.63,1.5,2-6 6-2 7-6 3-6 4-6
Australian Open,1/19/2023,Grand Slam,Outdoor,Hard,2nd Round,5,Brooksby J.,Ruud C.,Brooksby J.,39,3,1010,5720,3.4,1.33,6-3 7-5 6-7 6-2
Australian Open,1/19/2023,Grand Slam,Outdoor,Hard,2nd Round,5,Ruusuvuori E.,Rublev A.,Rublev A.,46,6,941,3930,4.33,1.22,2-6 4-6 7-6 3-6
Australian Open,1/19/2023,Grand Slam,Outdoor,Hard,2nd Round,5,Shelton B.,Jarry N.,Shelton B.,89,154,604,370,1.8,2,7-6 7-6 7-5
Australian Open,1/19/2023,Grand Slam,Outdoor,Hard,2nd Round,5,Schwartzman D.,Wolf J.J.,Wolf J.J.,26,67,1550,758,2.5,1.53,1-6 4-6 4-6
Australian Open,1/19/2023,Grand Slam,Outdoor,Hard,2nd Round,5,Popyrin A.,Fritz T.,Popyrin A.,113,9,506,3545,6.5,1.11,6-7 7-6 6-4 6-7 6-2
Australian Open,1/19/2023,Grand Slam,Outdoor,Hard,2nd Round,5,Kudla D.,Humbert U.,Humbert U.,108,106,522,523,2.75,1.44,2-6 7-6 2-6 4-6
Australian Open,1/19/2023,Grand Slam,Outdoor,Hard,2nd Round,5,Mmoh M.,Zverev A.,Mmoh M.,107,13,523,2560,4.5,1.2,6-7 6-4 6-3 6-2
Australian Open,1/19/2023,Grand Slam,Outdoor,Hard,2nd Round,5,Djere L.,Dimitrov G.,Dimitrov G.,68,28,758,1395,3.75,1.29,3-6 2-6 0-6
Australian Open,1/19/2023,Grand Slam,Outdoor,Hard,2nd Round,5,Rune H.,Cressy M.,Rune H.,10,41,2876,992,1.17,5,7-5 6-4 6-4
Australian Open,1/19/2023,Grand Slam,Outdoor,Hard,2nd Round,5,Holt B.,Bautista Agut R.,Bautista Agut R.,215,25,255,1675,7,1.1,6-4 6-2 3-6 2-6 2-6
Australian Open,1/19/2023,Grand Slam,Outdoor,Hard,2nd Round,5,Bonzi B.,Carreno Busta P.,Bonzi B.,48,15,911,2420,3.2,1.36,4-6 4-6 7-6 6-1 7-6
Australian Open,1/19/2023,Grand Slam,Outdoor,Hard,2nd Round,5,Mannarino A.,De Minaur A.,De Minaur A.,45,24,971,1710,5,1.17,6-7 6-4 4-6 1-6
Australian Open,1/19/2023,Grand Slam,Outdoor,Hard,2nd Round,5,Djokovic N.,Couacaud E.,Djokovic N.,5,191,5070,302,1.01,29,6-1 6-7 6-2 6-0
Australian Open,1/19/2023,Grand Slam,Outdoor,Hard,2nd Round,5,Kokkinakis T.,Murray A.,Murray A.,159,66,362,770,1.57,2.38,6-4 7-6 6-7 3-6 5-7
Australian Open,1/20/2023,Grand Slam,Outdoor,Hard,3rd Round,5,Sinner J.,Fucsovics M.,Sinner J.,16,78,2375,687,1.1,7,4-6 4-6 6-1 6-2 6-0
Australian Open,1/20/2023,Grand Slam,Outdoor,Hard,3rd Round,5,Griekspoor T.,Tsitsipas S.,Tsitsipas S.,63,4,789,5715,7,1.1,2-6 6-7 3-6
Australian Open,1/20/2023,Grand Slam,Outdoor,Hard,3rd Round,5,Nishioka Y.,Mcdonald M.,Nishioka Y.,33,65,1212,775,1.57,2.38,7-6 6-3 6-2
Australian Open,1/20/2023,Grand Slam,Outdoor,Hard,3rd Round,5,Cerundolo F.,Auger-Aliassime F.,Auger-Aliassime F.,29,7,1383,3895,6.5,1.11,1-6 6-3 1-6 4-6
Australian Open,1/20/2023,Grand Slam,Outdoor,Hard,3rd Round,5,Lehecka J.,Norrie C.,Lehecka J.,71,12,717,2680,3.4,1.33,6-7 6-3 3-6 6-1 6-4
Australian Open,1/20/2023,Grand Slam,Outdoor,Hard,3rd Round,5,Shapovalov D.,Hurkacz H.,Hurkacz H.,22,11,1830,2860,1.91,1.91,6-7 4-6 6-1 6-4 3-6
Australian Open,1/20/2023,Grand Slam,Outdoor,Hard,3rd Round,5,Khachanov K.,Tiafoe F.,Khachanov K.,20,17,1885,2260,2,1.8,6-3 6-4 3-6 7-6
Australian Open,1/20/2023,Grand Slam,Outdoor,Hard,3rd Round,5,Medvedev D.,Korda S.,Korda S.,8,31,3860,1325,1.2,4.5,6-7 3-6 6-7
Australian Open,1/21/2023,Grand Slam,Outdoor,Hard,3rd Round,5,Rublev A.,Evans D.,Rublev A.,6,30,3930,1380,1.3,3.5,6-4 6-2 6-3
Australian Open,1/21/2023,Grand Slam,Outdoor,Hard,3rd Round,5,Humbert U.,Rune H.,Rune H.,106,10,523,2876,5,1.17,4-6 2-6 6-7
Australian Open,1/21/2023,Grand Slam,Outdoor,Hard,3rd Round,5,De Minaur A.,Bonzi B.,De Minaur A.,24,48,1710,911,1.22,4.33,7-6 6-2 6-1
Australian Open,1/21/2023,Grand Slam,Outdoor,Hard,3rd Round,5,Brooksby J.,Paul T.,Paul T.,39,35,1010,1160,2.2,1.67,1-6 4-6 3-6
Australian Open,1/21/2023,Grand Slam,Outdoor,Hard,3rd Round,5,Wolf J.J.,Mmoh M.,Wolf J.J.,67,107,758,523,1.33,3.4,6-4 6-1 6-2
Australian Open,1/21/2023,Grand Slam,Outdoor,Hard,3rd Round,5,Popyrin A.,Shelton B.,Shelton B.,113,89,506,604,1.62,2.3,3-6 6-7 4-6
Australian Open,1/21/2023,Grand Slam,Outdoor,Hard,3rd Round,5,Bautista Agut R.,Murray A.,Bautista Agut R.,25,66,1675,770,1.33,3.4,6-1 6-7 6-3 6-4
Australian Open,1/21/2023,Grand Slam,Outdoor,Hard,3rd Round,5,Dimitrov G.,Djokovic N.,Djokovic N.,28,5,1395,5070,4.5,1.2,6-7 3-6 4-6
Australian Open,1/22/2023,Grand Slam,Outdoor,Hard,4th Round,5,Korda S.,Hurkacz H.,Korda S.,31,11,1325,2860,1.53,2.5,3-6 6-3 6-2 1-6 7-6
Australian Open,1/22/2023,Grand Slam,Outdoor,Hard,4th Round,5,Nishioka Y.,Khachanov K.,Khachanov K.,33,20,1212,1885,3,1.4,0-6 0-6 6-7
Australian Open,1/22/2023,Grand Slam,Outdoor,Hard,4th Round,5,Lehecka J.,Auger-Aliassime F.,Lehecka J.,71,7,717,3895,4.5,1.2,4-6 6-3 7-6 7-6
Australian Open,1/22/2023,Grand Slam,Outdoor,Hard,4th Round,5,Sinner J.,Tsitsipas S.,Tsitsipas S.,16,4,2375,5715,2.75,1.44,4-6 4-6 6-3 6-4 3-6
Australian Open,1/23/2023,Grand Slam,Outdoor,Hard,4th Round,5,Shelton B.,Wolf J.J.,Shelton B.,89,67,604,758,1.91,1.91,6-7 6-2 6-7 7-6 6-2
Australian Open,1/23/2023,Grand Slam,Outdoor,Hard,4th Round,5,Rune H.,Rublev A.,Rublev A.,10,6,2876,3930,1.73,2.1,3-6 6-3 3-6 6-4 6-7
Australian Open,1/23/2023,Grand Slam,Outdoor,Hard,4th Round,5,Paul T.,Bautista Agut R.,Paul T.,35,25,1160,1675,1.73,2.1,6-2 4-6 6-2 7-5
Australian Open,1/23/2023,Grand Slam,Outdoor,Hard,4th Round,5,De Minaur A.,Djokovic N.,Djokovic N.,24,5,1710,5070,4.5,1.2,2-6 1-6 2-6
Australian Open,1/24/2023,Grand Slam,Outdoor,Hard,Quarterfinals,5,Tsitsipas S.,Lehecka J.,Tsitsipas S.,4,71,5715,717,1.14,5.5,6-3 7-6 6-4
Australian Open,1/25/2023,Grand Slam,Outdoor,Hard,Quarterfinals,5,Shelton B.,Paul T.,Paul T.,89,35,604,1160,3.4,1.33,6-7 3-6 7-5 4-6
Australian Open,1/25/2023,Grand Slam,Outdoor,Hard,Quarterfinals,5,Djokovic N.,Rublev A.,Djokovic N.,5,6,5070,3930,1.11,6.5,6-1 6-2 6-4
Australian Open,1/27/2023,Grand Slam,Outdoor,Hard,Semifinals,5,Khachanov K.,Tsitsipas S.,Tsitsipas S.,20,4,1885,5715,3.5,1.3,6-7 4-6 7-6 3-6
Australian Open,1/27/2023,Grand Slam,Outdoor,Hard,Semifinals,5,Djokovic N.,Paul T.,Djokovic N.,5,35,5070,1160,1.05,11,7-5 6-1 6-2
Australian Open,1/29/2023,Grand Slam,Outdoor,Hard,The Final,5,Tsitsipas S.,Djokovic N.,Djokovic N.,4,5,5715,5070,4.8,1.2,3-6 6-7 6-7
BNP Paribas Open,3/8/2023,Masters 1000,Outdoor,Hard,1st Round,3,Humbert U.,Zapata Miralles B.,Humbert U.,77,42,678,959,1.44,2.75,6-2 7-6
BNP Paribas Open,3/8/2023,Masters 1000,Outdoor,Hard,1st Round,3,Kovacevic A.,Giron M.,Giron M.,107,73,527,731,2.3,1.62,3-6 5-7
BNP Paribas Open,3/8/2023,Masters 1000,Outdoor,Hard,1st Round,3,Ivashka I.,Safiullin R.,Ivashka I.,85,113,651,513,2,1.8,6-4 6-2
BNP Paribas Open,3/8/2023,Masters 1000,Outdoor,Hard,1st Round,3,Djere L.,Otte O.,Otte O.,54,82,860,656,1.57,2.38,3-6 5-7
BNP Paribas Open,3/8/2023,Masters 1000,Outdoor,Hard,1st Round,3,Kubler J.,Sonego L.,Kubler J.,75,60,710,835,2.75,1.44,6-4 7-6
BNP Paribas Open,3/8/2023,Masters 1000,Outdoor,Hard,1st Round,3,Isner J.,Nakashima B.,Nakashima B.,39,48,995,927,1.91,1.91,6-7 3-6
BNP Paribas Open,3/8/2023,Masters 1000,Outdoor,Hard,1st Round,3,Cachin P.,Basilashvili N.,Cachin P.,66,118,797,481,2.1,1.73,7-5 6-3
BNP Paribas Open,3/8/2023,Masters 1000,Outdoor,Hard,1st Round,3,Carballes Baena R.,Daniel T.,Daniel T.,79,103,665,548,3.2,1.36,1-6 5-7
BNP Paribas Open,3/8/2023,Masters 1000,Outdoor,Hard,1st Round,3,Garin C.,Galan D.E.,Garin C.,97,89,566,639,1.4,3,6-4 6-2
BNP Paribas Open,3/8/2023,Masters 1000,Outdoor,Hard,1st Round,3,Munar J.,Wu Y.,Wu Y.,58,67,847,793,3.2,1.36,7-6 0-6 6-7
BNP Paribas Open,3/8/2023,Masters 1000,Outdoor,Hard,1st Round,3,Lehecka J.,Rinderknech A.,Lehecka J.,47,72,932,737,1.25,4,7-6 7-5
BNP Paribas Open,3/9/2023,Masters 1000,Outdoor,Hard,1st Round,3,Coria F.,Schwartzman D.,Schwartzman D.,64,38,810,1010,2.63,1.5,1-6 2-6
BNP Paribas Open,3/9/2023,Masters 1000,Outdoor,Hard,1st Round,3,Thompson J.,Monfils G.,Thompson J.,87,210,647,270,1.57,2.38,6-3 6-1
BNP Paribas Open,3/9/2023,Masters 1000,Outdoor,Hard,1st Round,3,Marterer M.,Tabilo A.,Tabilo A.,156,187,382,314,2,1.8,4-6 3-6
BNP Paribas Open,3/9/2023,Masters 1000,Outdoor,Hard,1st Round,3,Wu T.L.,Bublik A.,Wu T.L.,175,46,333,935,4,1.25,6-4 6-4
BNP Paribas Open,3/9/2023,Masters 1000,Outdoor,Hard,1st Round,3,Krajinovic F.,Mcdonald M.,Mcdonald M.,74,53,730,865,2.75,1.44,3-6 0-6
BNP Paribas Open,3/9/2023,Masters 1000,Outdoor,Hard,1st Round,3,Struff J.L.,Halys Q.,Struff J.L.,134,81,446,661,1.67,2.2,1-6 6-3 6-3
BNP Paribas Open,3/9/2023,Masters 1000,Outdoor,Hard,1st Round,3,Riedi L.,Draper J.,Draper J.,135,56,445,854,2.75,1.44,1-6 1-6
BNP Paribas Open,3/9/2023,Masters 1000,Outdoor,Hard,1st Round,3,Wawrinka S.,Vukic A.,Wawrinka S.,100,186,557,316,1.44,2.75,6-4 1-6 6-1
BNP Paribas Open,3/9/2023,Masters 1000,Outdoor,Hard,1st Round,3,Monteiro T.,Pella G.,Pella G.,78,739,676,30,1.5,2.63,6-3 5-7 2-6
BNP Paribas Open,3/9/2023,Masters 1000,Outdoor,Hard,1st Round,3,Kokkinakis T.,Holt B.,Kokkinakis T.,94,193,577,309,1.22,4.33,6-4 6-1
BNP Paribas Open,3/9/2023,Masters 1000,Outdoor,Hard,1st Round,3,Fognini F.,Shelton B.,Shelton B.,88,41,643,964,4,1.25,4-6 1-6
BNP Paribas Open,3/9/2023,Masters 1000,Outdoor,Hard,1st Round,3,Fucsovics M.,Wolf J.J.,Fucsovics M.,84,44,652,951,2.3,1.62,1-6 6-0 6-3
BNP Paribas Open,3/9/2023,Masters 1000,Outdoor,Hard,1st Round,3,Ramos-Vinolas A.,Molcan A.,Molcan A.,50,63,890,820,1.67,2.2,3-6 2-6
BNP Paribas Open,3/9/2023,Masters 1000,Outdoor,Hard,1st Round,3,Murray A.,Etcheverry T.,Murray A.,55,61,855,822,1.29,3.75,6-7 6-1 6-4
BNP Paribas Open,3/9/2023,Masters 1000,Outdoor,Hard,1st Round,3,Huesler M.A.,Martinez P.,Martinez P.,51,120,890,476,1.44,2.75,6-7 6-3 4-6
BNP Paribas Open,3/10/2023,Masters 1000,Outdoor,Hard,1st Round,3,Hijikata R.,Ymer M.,Hijikata R.,130,57,451,851,3.75,1.29,6-4 7-5
BNP Paribas Open,3/10/2023,Masters 1000,Outdoor,Hard,1st Round,3,Gojo B.,Gasquet R.,Gasquet R.,121,43,475,955,1.62,2.3,4-6 7-6 2-6
BNP Paribas Open,3/10/2023,Masters 1000,Outdoor,Hard,1st Round,3,Mannarino A.,Thiem D.,Mannarino A.,68,102,791,550,1.8,2,4-6 6-4 7-6
BNP Paribas Open,3/10/2023,Masters 1000,Outdoor,Hard,1st Round,3,Barrere G.,Sock J.,Sock J.,65,154,799,385,1.62,2.3,4-6 2-6
BNP Paribas Open,3/10/2023,Masters 1000,Outdoor,Hard,1st Round,3,Popyrin A.,Zhang Zh.,Popyrin A.,101,93,556,580,1.53,2.5,6-4 5-7 6-1
BNP Paribas Open,3/10/2023,Masters 1000,Outdoor,Hard,2nd Round,3,Wu T.L.,Norrie C.,Norrie C.,175,12,333,2815,7,1.1,2-6 4-6
BNP Paribas Open,3/10/2023,Masters 1000,Outdoor,Hard,2nd Round,3,Garin C.,Nishioka Y.,Garin C.,97,34,566,1142,2.5,1.53,6-4 6-0
BNP Paribas Open,3/10/2023,Masters 1000,Outdoor,Hard,2nd Round,3,Schwartzman D.,Ruud C.,Ruud C.,38,4,1010,5560,4,1.25,2-6 3-6
BNP Paribas Open,3/10/2023,Masters 1000,Outdoor,Hard,2nd Round,3,Ruusuvuori E.,Bautista Agut R.,Ruusuvuori E.,59,27,846,1465,2.3,1.62,7-6 6-2
BNP Paribas Open,3/10/2023,Masters 1000,Outdoor,Hard,2nd Round,3,Tsitsipas S.,Thompson J.,Thompson J.,3,87,5805,647,1.14,5.5,6-7 6-4 6-7
BNP Paribas Open,3/10/2023,Masters 1000,Outdoor,Hard,2nd Round,3,Tabilo A.,Cressy M.,Tabilo A.,187,37,314,1016,2.63,1.5,7-6 7-6
BNP Paribas Open,3/10/2023,Masters 1000,Outdoor,Hard,2nd Round,3,Wu Y.,Davidovich Fokina A.,Davidovich Fokina A.,67,28,793,1390,2,1.8,4-6 1-6
BNP Paribas Open,3/10/2023,Masters 1000,Outdoor,Hard,2nd Round,3,Zverev A.,Cachin P.,Zverev A.,14,66,2500,797,1.08,8,6-3 6-1
BNP Paribas Open,3/10/2023,Masters 1000,Outdoor,Hard,2nd Round,3,Shapovalov D.,Humbert U.,Humbert U.,30,77,1380,678,1.5,2.63,5-7 4-6
BNP Paribas Open,3/11/2023,Masters 1000,Outdoor,Hard,2nd Round,3,Daniel T.,Berrettini M.,Daniel T.,103,23,548,1780,3.5,1.3,7-6 0-6 6-3
BNP Paribas Open,3/11/2023,Masters 1000,Outdoor,Hard,2nd Round,3,Otte O.,Khachanov K.,Khachanov K.,82,15,656,2470,3.75,1.29,3-6 3-6
BNP Paribas Open,3/11/2023,Masters 1000,Outdoor,Hard,2nd Round,3,Medvedev D.,Nakashima B.,Medvedev D.,6,48,3775,927,1.1,7,6-4 6-3
BNP Paribas Open,3/11/2023,Masters 1000,Outdoor,Hard,2nd Round,3,Giron M.,Tiafoe F.,Tiafoe F.,73,16,731,2395,3.2,1.36,2-6 2-6
BNP Paribas Open,3/11/2023,Masters 1000,Outdoor,Hard,2nd Round,3,Rublev A.,Lehecka J.,Rublev A.,7,47,3660,932,1.44,2.75,6-4 6-2
BNP Paribas Open,3/11/2023,Masters 1000,Outdoor,Hard,2nd Round,3,Evans D.,Draper J.,Draper J.,29,56,1380,854,3.2,1.36,4-6 2-6
BNP Paribas Open,3/11/2023,Masters 1000,Outdoor,Hard,2nd Round,3,Sinner J.,Gasquet R.,Sinner J.,13,43,2655,955,1.11,6.5,6-3 7-6
BNP Paribas Open,3/11/2023,Masters 1000,Outdoor,Hard,2nd Round,3,Martinez P.,Auger-Aliassime F.,Auger-Aliassime F.,120,10,476,3245,8,1.08,6-7 4-6
BNP Paribas Open,3/11/2023,Masters 1000,Outdoor,Hard,2nd Round,3,Wawrinka S.,Kecmanovic M.,Wawrinka S.,100,31,557,1290,2.2,1.67,7-6 6-4
BNP Paribas Open,3/11/2023,Masters 1000,Outdoor,Hard,2nd Round,3,Coric B.,Molcan A.,Molcan A.,20,63,1905,820,1.3,3.5,3-6 3-6
BNP Paribas Open,3/11/2023,Masters 1000,Outdoor,Hard,2nd Round,3,Paul T.,Struff J.L.,Paul T.,19,134,2000,446,1.3,3.5,6-3 6-3
BNP Paribas Open,3/11/2023,Masters 1000,Outdoor,Hard,2nd Round,3,De Minaur A.,Fucsovics M.,Fucsovics M.,18,84,2165,652,1.29,3.75,4-6 2-6
BNP Paribas Open,3/11/2023,Masters 1000,Outdoor,Hard,2nd Round,3,Murray A.,Albot R.,Murray A.,55,109,855,522,1.29,3.75,6-4 6-3
BNP Paribas Open,3/11/2023,Masters 1000,Outdoor,Hard,2nd Round,3,Sock J.,Cerundolo F.,Cerundolo F.,154,32,385,1275,1.91,1.91,6-4 3-6 4-6
BNP Paribas Open,3/11/2023,Masters 1000,Outdoor,Hard,2nd Round,3,Griekspoor T.,Pella G.,Griekspoor T.,36,739,1034,30,1.2,4.5,7-6 7-6
BNP Paribas Open,3/11/2023,Masters 1000,Outdoor,Hard,2nd Round,3,Shelton B.,Fritz T.,Fritz T.,41,5,964,3795,4,1.25,6-4 4-6 3-6
BNP Paribas Open,3/11/2023,Masters 1000,Outdoor,Hard,2nd Round,3,Mannarino A.,Musetti L.,Mannarino A.,68,21,791,1855,1.91,1.91,6-4 6-4
BNP Paribas Open,3/12/2023,Masters 1000,Outdoor,Hard,2nd Round,3,Popyrin A.,Hurkacz H.,Hurkacz H.,101,11,556,3110,4.33,1.22,3-6 3-6
BNP Paribas Open,3/12/2023,Masters 1000,Outdoor,Hard,2nd Round,3,Baez S.,Hijikata R.,Baez S.,35,130,1135,451,2,1.8,6-3 6-1
BNP Paribas Open,3/12/2023,Masters 1000,Outdoor,Hard,2nd Round,3,Mcdonald M.,Rune H.,Rune H.,53,8,865,3321,3.2,1.36,5-7 3-6
BNP Paribas Open,3/12/2023,Masters 1000,Outdoor,Hard,2nd Round,3,Alcaraz C.,Kokkinakis T.,Alcaraz C.,2,94,6780,577,1.33,3.4,6-3 6-3
BNP Paribas Open,3/12/2023,Masters 1000,Outdoor,Hard,3rd Round,3,Ruud C.,Garin C.,Garin C.,4,97,5560,566,1.22,4.33,4-6 6-7
BNP Paribas Open,3/12/2023,Masters 1000,Outdoor,Hard,3rd Round,3,Norrie C.,Daniel T.,Norrie C.,12,103,2815,548,1.22,4.33,6-7 7-5 6-2
BNP Paribas Open,3/12/2023,Masters 1000,Outdoor,Hard,3rd Round,3,Ruusuvuori E.,Zverev A.,Zverev A.,59,14,846,2500,3.5,1.3,5-7 6-1 5-7
BNP Paribas Open,3/12/2023,Masters 1000,Outdoor,Hard,3rd Round,3,Davidovich Fokina A.,Khachanov K.,Davidovich Fokina A.,28,15,1390,2470,2.3,1.62,6-3 1-6 6-4
BNP Paribas Open,3/12/2023,Masters 1000,Outdoor,Hard,3rd Round,3,Kubler J.,Tiafoe F.,Tiafoe F.,75,16,710,2395,4.5,1.2,3-6 2-6
BNP Paribas Open,3/12/2023,Masters 1000,Outdoor,Hard,3rd Round,3,Rublev A.,Humbert U.,Rublev A.,7,77,3660,678,1.22,4.33,7-5 6-3
BNP Paribas Open,3/13/2023,Masters 1000,Outdoor,Hard,3rd Round,3,Ivashka I.,Medvedev D.,Medvedev D.,85,6,651,3775,15,1.03,2-6 6-3 1-6
BNP Paribas Open,3/13/2023,Masters 1000,Outdoor,Hard,3rd Round,3,Tabilo A.,Thompson J.,Tabilo A.,187,87,314,647,2.2,1.67,6-3 7-6
BNP Paribas Open,3/13/2023,Masters 1000,Outdoor,Hard,3rd Round,3,Hurkacz H.,Paul T.,Paul T.,11,19,3110,2000,1.73,2.1,6-4 2-6 4-6
BNP Paribas Open,3/13/2023,Masters 1000,Outdoor,Hard,3rd Round,3,Auger-Aliassime F.,Cerundolo F.,Auger-Aliassime F.,10,32,3245,1275,1.2,4.5,7-5 6-4
BNP Paribas Open,3/13/2023,Masters 1000,Outdoor,Hard,3rd Round,3,Rune H.,Wawrinka S.,Wawrinka S.,8,100,3321,557,1.22,4.33,2-6 7-6 5-7
BNP Paribas Open,3/13/2023,Masters 1000,Outdoor,Hard,3rd Round,3,Fucsovics M.,Molcan A.,Fucsovics M.,84,63,652,820,1.57,2.38,6-4 6-2
BNP Paribas Open,3/13/2023,Masters 1000,Outdoor,Hard,3rd Round,3,Baez S.,Fritz T.,Fritz T.,35,5,1135,3795,6.5,1.11,1-6 2-6
BNP Paribas Open,3/13/2023,Masters 1000,Outdoor,Hard,3rd Round,3,Sinner J.,Mannarino A.,Sinner J.,13,68,2655,791,1.1,7,7-6 6-4
BNP Paribas Open,3/14/2023,Masters 1000,Outdoor,Hard,3rd Round,3,Murray A.,Draper J.,Draper J.,55,56,855,854,2.2,1.67,6-7 2-6
BNP Paribas Open,3/14/2023,Masters 1000,Outdoor,Hard,3rd Round,3,Alcaraz C.,Griekspoor T.,Alcaraz C.,2,36,6780,1034,1.1,7,7-6 6-3
BNP Paribas Open,3/14/2023,Masters 1000,Outdoor,Hard,4th Round,3,Garin C.,Davidovich Fokina A.,Davidovich Fokina A.,97,28,566,1390,3,1.4,3-6 4-6
BNP Paribas Open,3/14/2023,Masters 1000,Outdoor,Hard,4th Round,3,Medvedev D.,Zverev A.,Medvedev D.,6,14,3775,2500,1.25,4,6-7 7-6 7-5
BNP Paribas Open,3/14/2023,Masters 1000,Outdoor,Hard,4th Round,3,Rublev A.,Norrie C.,Norrie C.,7,12,3660,2815,1.62,2.3,2-6 4-6
BNP Paribas Open,3/14/2023,Masters 1000,Outdoor,Hard,4th Round,3,Fritz T.,Fucsovics M.,Fritz T.,5,84,3795,652,1.2,4.5,6-4 6-3
BNP Paribas Open,3/14/2023,Masters 1000,Outdoor,Hard,4th Round,3,Tabilo A.,Tiafoe F.,Tiafoe F.,187,16,314,2395,4.5,1.2,4-6 4-6
BNP Paribas Open,3/15/2023,Masters 1000,Outdoor,Hard,4th Round,3,Sinner J.,Wawrinka S.,Sinner J.,13,100,2655,557,1.17,5,6-1 6-4
BNP Paribas Open,3/15/2023,Masters 1000,Outdoor,Hard,4th Round,3,Paul T.,Auger-Aliassime F.,Auger-Aliassime F.,19,10,2000,3245,2,1.8,6-3 3-6 6-7
BNP Paribas Open,3/15/2023,Masters 1000,Outdoor,Hard,Quarterfinals,3,Tiafoe F.,Norrie C.,Tiafoe F.,16,12,2395,2815,2.38,1.57,6-4 6-4
BNP Paribas Open,3/15/2023,Masters 1000,Outdoor,Hard,Quarterfinals,3,Davidovich Fokina A.,Medvedev D.,Medvedev D.,28,6,1390,3775,4.33,1.22,3-6 5-7
BNP Paribas Open,3/16/2023,Masters 1000,Outdoor,Hard,Quarterfinals,3,Sinner J.,Fritz T.,Sinner J.,13,5,2655,3795,1.67,2.2,6-4 4-6 6-4
BNP Paribas Open,3/17/2023,Masters 1000,Outdoor,Hard,Quarterfinals,3,Auger-Aliassime F.,Alcaraz C.,Alcaraz C.,10,2,3245,6780,3.2,1.36,4-6 4-6
BNP Paribas Open,3/18/2023,Masters 1000,Outdoor,Hard,Semifinals,3,Medvedev D.,Tiafoe F.,Medvedev D.,6,16,3775,2395,1.25,4,7-5 7-6
BNP Paribas Open,3/18/2023,Masters 1000,Outdoor,Hard,Semifinals,3,Sinner J.,Alcaraz C.,Alcaraz C.,13,2,2655,6780,2.5,1.53,6-7 3-6
BNP Paribas Open,3/19/2023,Masters 1000,Outdoor,Hard,The Final,3,Alcaraz C.,Medvedev D.,Alcaraz C.,2,6,6780,3775,1.73,2.1,6-3 6-2
Miami Open,3/22/2023,Masters 1000,Outdoor,Hard,1st Round,3,Otte O.,Nakashima B.,Nakashima B.,85,45,656,927,3.4,1.33,6-7 3-6
Miami Open,3/22/2023,Masters 1000,Outdoor,Hard,1st Round,3,Huesler M.A.,Ramos-Vinolas A.,Huesler M.A.,47,51,904,880,1.67,2.2,6-7 7-6 6-3
Miami Open,3/22/2023,Masters 1000,Outdoor,Hard,1st Round,3,Meligeni Alves F.,Bagnis F.,Bagnis F.,164,100,365,561,2.3,1.62,3-6 6-1 4-6
Miami Open,3/22/2023,Masters 1000,Outdoor,Hard,1st Round,3,Fucsovics M.,Cachin P.,Fucsovics M.,74,63,732,822,1.22,4.33,6-4 7-6
Miami Open,3/22/2023,Masters 1000,Outdoor,Hard,1st Round,3,Varillas J.P.,Pella G.,Pella G.,88,581,642,55,2,1.8,6-1 3-6 2-6
Miami Open,3/22/2023,Masters 1000,Outdoor,Hard,1st Round,3,Djere L.,Vukic A.,Djere L.,58,168,845,355,2.2,1.67,6-2 7-6
Miami Open,3/22/2023,Masters 1000,Outdoor,Hard,1st Round,3,Bublik A.,Wolf J.J.,Wolf J.J.,48,50,900,891,2.1,1.73,5-7 3-6
Miami Open,3/22/2023,Masters 1000,Outdoor,Hard,1st Round,3,Ivashka I.,Altmaier D.,Ivashka I.,80,114,696,499,1.53,2.5,6-2 6-1
Miami Open,3/22/2023,Masters 1000,Outdoor,Hard,1st Round,3,Murray A.,Lajovic D.,Lajovic D.,52,76,875,728,1.2,4.5,4-6 5-7
Miami Open,3/22/2023,Masters 1000,Outdoor,Hard,1st Round,3,Ruusuvuori E.,Borges N.,Ruusuvuori E.,54,68,866,787,1.36,3.2,6-1 6-4
Miami Open,3/22/2023,Masters 1000,Outdoor,Hard,1st Round,3,Edmund K.,Wu Y.,Wu Y.,544,64,62,818,6,1.13,5-7 5-7
Miami Open,3/22/2023,Masters 1000,Outdoor,Hard,1st Round,3,Struff J.L.,Fognini F.,Struff J.L.,103,91,543,628,1.29,3.75,6-4 5-7 6-4
Miami Open,3/23/2023,Masters 1000,Outdoor,Hard,1st Round,3,Isner J.,Nava E.,Nava E.,46,182,915,323,1.25,4,6-7 6-7
Miami Open,3/23/2023,Masters 1000,Outdoor,Hard,1st Round,3,Kovacevic A.,Munar J.,Kovacevic A.,102,66,546,796,1.53,2.5,7-6 2-6 6-1
Miami Open,3/23/2023,Masters 1000,Outdoor,Hard,1st Round,3,Coria F.,Lehecka J.,Lehecka J.,67,44,795,941,7,1.1,3-6 4-6
Miami Open,3/23/2023,Masters 1000,Outdoor,Hard,1st Round,3,Halys Q.,Martinez P.,Halys Q.,79,121,705,476,1.33,3.4,6-2 7-6
Miami Open,3/23/2023,Masters 1000,Outdoor,Hard,1st Round,3,Giron M.,Garin C.,Garin C.,71,82,746,672,2.1,1.73,4-6 6-2 4-6
Miami Open,3/23/2023,Masters 1000,Outdoor,Hard,1st Round,3,Mannarino A.,Shang J.,Mannarino A.,62,181,826,323,1.36,3.2,1-6 6-4 6-2
Miami Open,3/23/2023,Masters 1000,Outdoor,Hard,1st Round,3,Thompson J.,Molcan A.,Molcan A.,83,56,667,865,1.62,2.3,2-6 6-4 3-6
Miami Open,3/23/2023,Masters 1000,Outdoor,Hard,1st Round,3,Eubanks C.,Kudla D.,Eubanks C.,119,122,479,475,1.67,2.2,7-6 6-2
Miami Open,3/23/2023,Masters 1000,Outdoor,Hard,1st Round,3,Galan D.E.,Mcdonald M.,Mcdonald M.,89,55,641,865,6.5,1.11,4-6 2-6
Miami Open,3/23/2023,Masters 1000,Outdoor,Hard,1st Round,3,Watanuki Y.,Paire B.,Watanuki Y.,123,170,474,351,1.62,2.3,6-4 7-5
Miami Open,3/23/2023,Masters 1000,Outdoor,Hard,1st Round,3,O Connell C.,Gasquet R.,Gasquet R.,86,40,649,960,2,1.8,4-6 6-3 1-6
Miami Open,3/23/2023,Masters 1000,Outdoor,Hard,1st Round,3,Monteiro T.,Kubler J.,Monteiro T.,81,70,680,748,3,1.4,6-4 7-6
Miami Open,3/23/2023,Masters 1000,Outdoor,Hard,1st Round,3,Safiullin R.,Barrere G.,Barrere G.,104,65,538,801,1.62,2.3,4-6 6-3 3-6
Miami Open,3/23/2023,Masters 1000,Outdoor,Hard,1st Round,3,Etcheverry T.,Kotov P.,Etcheverry T.,73,117,734,490,1.8,2,6-2 6-2
Miami Open,3/23/2023,Masters 1000,Outdoor,Hard,1st Round,3,Thiem D.,Sonego L.,Sonego L.,106,59,530,835,2.3,1.62,6-7 2-6
Miami Open,3/24/2023,Masters 1000,Outdoor,Hard,1st Round,3,Kokkinakis T.,Bergs Z.,Kokkinakis T.,94,135,607,431,1.17,5,4-6 6-3 7-6
Miami Open,3/24/2023,Masters 1000,Outdoor,Hard,2nd Round,3,Bautista Agut R.,Ruusuvuori E.,Ruusuvuori E.,28,54,1430,866,2.1,1.73,4-6 6-7
Miami Open,3/24/2023,Masters 1000,Outdoor,Hard,2nd Round,3,Shapovalov D.,Pella G.,Shapovalov D.,30,581,1345,55,1.22,4.33,6-3 3-6 6-3
Miami Open,3/24/2023,Masters 1000,Outdoor,Hard,2nd Round,3,Wolf J.J.,Rublev A.,Rublev A.,50,7,891,3390,4,1.25,6-7 4-6
Miami Open,3/24/2023,Masters 1000,Outdoor,Hard,2nd Round,3,Sinner J.,Djere L.,Sinner J.,11,58,2925,845,1.07,9,6-4 6-2
Miami Open,3/24/2023,Masters 1000,Outdoor,Hard,2nd Round,3,Wu Y.,Schwartzman D.,Schwartzman D.,64,38,818,990,1.44,2.75,6-7 1-6
Miami Open,3/24/2023,Masters 1000,Outdoor,Hard,2nd Round,3,Van De Zandschulp B.,Popyrin A.,Van De Zandschulp B.,32,93,1170,611,1.73,2.1,4-6 7-6 6-2
Miami Open,3/24/2023,Masters 1000,Outdoor,Hard,2nd Round,3,Huesler M.A.,Paul T.,Paul T.,47,19,904,2045,5,1.17,7-5 3-6 4-6
Miami Open,3/24/2023,Masters 1000,Outdoor,Hard,2nd Round,3,Fritz T.,Nava E.,Fritz T.,10,182,2975,323,1.06,10,6-4 6-1
Miami Open,3/24/2023,Masters 1000,Outdoor,Hard,2nd Round,3,Humbert U.,Kecmanovic M.,Kecmanovic M.,78,35,713,1120,1.91,1.91,4-6 7-6 6-7
Miami Open,3/24/2023,Masters 1000,Outdoor,Hard,2nd Round,3,Dimitrov G.,Struff J.L.,Dimitrov G.,27,103,1450,543,1.44,2.75,4-6 7-6 6-4
Miami Open,3/24/2023,Masters 1000,Outdoor,Hard,2nd Round,3,Bagnis F.,Alcaraz C.,Alcaraz C.,100,1,561,7420,23,1.01,0-6 2-6
Miami Open,3/24/2023,Masters 1000,Outdoor,Hard,2nd Round,3,Davidovich Fokina A.,Nakashima B.,Davidovich Fokina A.,25,45,1545,927,1.57,2.38,6-4 7-6
Miami Open,3/24/2023,Masters 1000,Outdoor,Hard,2nd Round,3,Cressy M.,Lajovic D.,Lajovic D.,37,76,1016,728,1.57,2.38,4-6 6-7
Miami Open,3/24/2023,Masters 1000,Outdoor,Hard,2nd Round,3,Ruud C.,Ivashka I.,Ruud C.,4,80,5560,696,1.4,3,6-2 6-3
Miami Open,3/24/2023,Masters 1000,Outdoor,Hard,2nd Round,3,Fucsovics M.,Rune H.,Rune H.,74,8,732,3325,3.4,1.33,3-6 5-7
Miami Open,3/25/2023,Masters 1000,Outdoor,Hard,2nd Round,3,Daniel T.,Zverev A.,Daniel T.,97,15,583,2580,4.5,1.2,6-0 6-4
Miami Open,3/25/2023,Masters 1000,Outdoor,Hard,2nd Round,3,Kovacevic A.,Cerundolo F.,Cerundolo F.,102,31,546,1320,2.2,1.67,4-6 4-6
Miami Open,3/25/2023,Masters 1000,Outdoor,Hard,2nd Round,3,Eubanks C.,Coric B.,Eubanks C.,119,20,479,1905,3.2,1.36,3-6 6-4 6-2
Miami Open,3/25/2023,Masters 1000,Outdoor,Hard,2nd Round,3,Musetti L.,Lehecka J.,Lehecka J.,21,44,1840,941,3,1.4,4-6 4-6
Miami Open,3/25/2023,Masters 1000,Outdoor,Hard,2nd Round,3,Garin C.,Baez S.,Garin C.,82,33,672,1170,1.53,2.5,7-6 6-3
Miami Open,3/25/2023,Masters 1000,Outdoor,Hard,2nd Round,3,Berrettini M.,Mcdonald M.,Mcdonald M.,23,55,1732,865,1.44,2.75,6-7 6-7
Miami Open,3/25/2023,Masters 1000,Outdoor,Hard,2nd Round,3,Molcan A.,Nishioka Y.,Molcan A.,56,34,865,1144,2,1.8,7-6 1-6 6-2
Miami Open,3/25/2023,Masters 1000,Outdoor,Hard,2nd Round,3,De Minaur A.,Halys Q.,Halys Q.,18,79,2085,705,1.3,3.5,7-6 6-7 6-7
Miami Open,3/25/2023,Masters 1000,Outdoor,Hard,2nd Round,3,Auger-Aliassime F.,Monteiro T.,Auger-Aliassime F.,6,81,3415,680,1.07,9,7-6 7-6
Miami Open,3/25/2023,Masters 1000,Outdoor,Hard,2nd Round,3,Evans D.,Sonego L.,Sonego L.,29,59,1345,835,2.75,1.44,6-4 3-6 2-6
Miami Open,3/25/2023,Masters 1000,Outdoor,Hard,2nd Round,3,Hurkacz H.,Kokkinakis T.,Hurkacz H.,9,94,3065,607,1.3,3.5,6-7 7-6 7-6
Miami Open,3/25/2023,Masters 1000,Outdoor,Hard,2nd Round,3,Etcheverry T.,Khachanov K.,Khachanov K.,73,16,734,2505,3.5,1.3,1-6 6-3 3-6
Miami Open,3/25/2023,Masters 1000,Outdoor,Hard,2nd Round,3,Medvedev D.,Carballes Baena R.,Medvedev D.,5,84,4330,665,1.02,19,6-1 6-2
Miami Open,3/26/2023,Masters 1000,Outdoor,Hard,2nd Round,3,Watanuki Y.,Tiafoe F.,Tiafoe F.,123,14,474,2710,5,1.17,7-6 6-7 4-6
Miami Open,3/26/2023,Masters 1000,Outdoor,Hard,2nd Round,3,Barrere G.,Norrie C.,Barrere G.,65,12,801,2815,6,1.13,6-3 6-2
Miami Open,3/26/2023,Masters 1000,Outdoor,Hard,2nd Round,3,Shelton B.,Mannarino A.,Mannarino A.,39,62,989,826,1.67,2.2,4-6 6-3 1-6
Miami Open,3/26/2023,Masters 1000,Outdoor,Hard,3rd Round,3,Paul T.,Davidovich Fokina A.,Paul T.,19,25,2045,1545,1.62,2.3,6-3 7-5
Miami Open,3/26/2023,Masters 1000,Outdoor,Hard,3rd Round,3,Schwartzman D.,Rune H.,Rune H.,38,8,990,3325,5,1.17,4-6 2-6
Miami Open,3/26/2023,Masters 1000,Outdoor,Hard,3rd Round,3,Fritz T.,Shapovalov D.,Fritz T.,10,30,2975,1345,1.36,3.2,6-4 6-4
Miami Open,3/26/2023,Masters 1000,Outdoor,Hard,3rd Round,3,Kecmanovic M.,Rublev A.,Rublev A.,35,7,1120,3390,4.33,1.22,1-6 2-6
Miami Open,3/26/2023,Masters 1000,Outdoor,Hard,3rd Round,3,Ruusuvuori E.,Daniel T.,Ruusuvuori E.,54,97,866,583,1.57,2.38,6-3 7-6
Miami Open,3/26/2023,Masters 1000,Outdoor,Hard,3rd Round,3,Lajovic D.,Alcaraz C.,Alcaraz C.,76,1,728,7420,15,1.03,0-6 6-7
Miami Open,3/27/2023,Masters 1000,Outdoor,Hard,3rd Round,3,Sinner J.,Dimitrov G.,Sinner J.,11,27,2925,1450,1.22,4.33,6-3 6-4
Miami Open,3/27/2023,Masters 1000,Outdoor,Hard,3rd Round,3,Ruud C.,Van De Zandschulp B.,Van De Zandschulp B.,4,32,5560,1170,1.3,3.5,6-3 4-6 4-6
Miami Open,3/27/2023,Masters 1000,Outdoor,Hard,3rd Round,3,Khachanov K.,Lehecka J.,Khachanov K.,16,44,2505,941,1.73,2.1,6-2 6-4
Miami Open,3/27/2023,Masters 1000,Outdoor,Hard,3rd Round,3,Garin C.,Tsitsipas S.,Tsitsipas S.,82,3,672,5770,3.5,1.3,3-6 6-4 4-6
Miami Open,3/27/2023,Masters 1000,Outdoor,Hard,3rd Round,3,Halys Q.,Mcdonald M.,Halys Q.,79,55,705,865,2.38,1.57,7-6 6-3
Miami Open,3/27/2023,Masters 1000,Outdoor,Hard,3rd Round,3,Auger-Aliassime F.,Cerundolo F.,Cerundolo F.,6,31,3415,1320,1.22,4.33,2-6 5-7
Miami Open,3/27/2023,Masters 1000,Outdoor,Hard,3rd Round,3,Mannarino A.,Hurkacz H.,Mannarino A.,62,9,826,3065,4,1.25,7-6 7-6
Miami Open,3/27/2023,Masters 1000,Outdoor,Hard,3rd Round,3,Barrere G.,Eubanks C.,Eubanks C.,65,119,801,479,1.73,2.1,3-6 6-7
Miami Open,3/28/2023,Masters 1000,Outdoor,Hard,3rd Round,3,Sonego L.,Tiafoe F.,Sonego L.,59,14,835,2710,3.4,1.33,6-3 6-4
Miami Open,3/28/2023,Masters 1000,Outdoor,Hard,4th Round,3,Rublev A.,Sinner J.,Sinner J.,7,11,3390,2925,2.63,1.5,2-6 4-6
Miami Open,3/28/2023,Masters 1000,Outdoor,Hard,4th Round,3,Fritz T.,Rune H.,Fritz T.,10,8,2975,3325,1.62,2.3,6-3 6-4
Miami Open,3/28/2023,Masters 1000,Outdoor,Hard,4th Round,3,Van De Zandschulp B.,Ruusuvuori E.,Ruusuvuori E.,32,54,1170,866,2.2,1.67,6-4 4-6 5-7
Miami Open,3/28/2023,Masters 1000,Outdoor,Hard,4th Round,3,Alcaraz C.,Paul T.,Alcaraz C.,1,19,7420,2045,1.13,6,6-4 6-4
Miami Open,3/28/2023,Masters 1000,Outdoor,Hard,4th Round,3,Tsitsipas S.,Khachanov K.,Khachanov K.,3,16,5770,2505,1.91,1.91,6-7 4-6
Miami Open,3/28/2023,Masters 1000,Outdoor,Hard,4th Round,3,Eubanks C.,Mannarino A.,Eubanks C.,119,62,479,826,2.5,1.53,7-6 7-6
Miami Open,3/29/2023,Masters 1000,Outdoor,Hard,4th Round,3,Sonego L.,Cerundolo F.,Cerundolo F.,59,31,835,1320,1.62,2.3,6-3 3-6 2-6
Miami Open,3/29/2023,Masters 1000,Outdoor,Hard,4th Round,3,Medvedev D.,Halys Q.,Medvedev D.,5,79,4330,705,1.07,9,6-4 6-2
Miami Open,3/29/2023,Masters 1000,Outdoor,Hard,Quarterfinals,3,Ruusuvuori E.,Sinner J.,Sinner J.,54,11,866,2925,6,1.13,3-6 1-6
Miami Open,3/30/2023,Masters 1000,Outdoor,Hard,Quarterfinals,3,Medvedev D.,Eubanks C.,Medvedev D.,5,119,4330,479,1.04,13,6-3 7-5
Miami Open,3/30/2023,Masters 1000,Outdoor,Hard,Quarterfinals,3,Cerundolo F.,Khachanov K.,Khachanov K.,31,16,1320,2505,3.2,1.36,3-6 2-6
Miami Open,3/31/2023,Masters 1000,Outdoor,Hard,Quarterfinals,3,Alcaraz C.,Fritz T.,Alcaraz C.,1,10,7420,2975,1.22,4.33,6-4 6-2
Miami Open,3/31/2023,Masters 1000,Outdoor,Hard,Semifinals,3,Khachanov K.,Medvedev D.,Medvedev D.,16,5,2505,4330,4.5,1.2,6-7 6-3 3-6
Miami Open,4/1/2023,Masters 1000,Outdoor,Hard,Semifinals,3,Sinner J.,Alcaraz C.,Sinner J.,11,1,2925,7420,3,1.4,6-7 6-4 6-2
Miami Open,4/2/2023,Masters 1000,Outdoor,Hard,The Final,3,Sinner J.,Medvedev D.,Medvedev D.,11,5,2925,4330,1.91,1.91,5-7 3-6
Monte Carlo Masters,4/9/2023,Masters 1000,Outdoor,Clay,1st Round,3,Jarry N.,Coric B.,Jarry N.,58,20,814,1890,2,1.8,6-2 6-3
Monte Carlo Masters,4/9/2023,Masters 1000,Outdoor,Clay,1st Round,3,Huesler M.A.,Munar J.,Munar J.,60,83,799,685,2.5,1.53,6-7 6-4 4-6
Monte Carlo Masters,4/9/2023,Masters 1000,Outdoor,Clay,1st Round,3,Hurkacz H.,Djere L.,Hurkacz H.,13,62,2750,790,1.5,2.63,6-7 7-6 7-6
Monte Carlo Masters,4/10/2023,Masters 1000,Outdoor,Clay,1st Round,3,Fucsovics M.,Van De Zandschulp B.,Van De Zandschulp B.,73,31,732,1250,1.67,2.2,6-3 6-7 1-6
Monte Carlo Masters,4/10/2023,Masters 1000,Outdoor,Clay,1st Round,3,Wawrinka S.,Griekspoor T.,Wawrinka S.,90,35,647,1094,2,1.8,5-7 6-3 6-4
Monte Carlo Masters,4/10/2023,Masters 1000,Outdoor,Clay,1st Round,3,Zapata Miralles B.,Bonzi B.,Bonzi B.,41,48,987,901,1.44,2.75,1-6 5-7
Monte Carlo Masters,4/10/2023,Masters 1000,Outdoor,Clay,1st Round,3,Cerundolo F.,Norrie C.,Cerundolo F.,33,14,1140,2735,2.5,1.53,6-3 6-4
Monte Carlo Masters,4/10/2023,Masters 1000,Outdoor,Clay,1st Round,3,Baez S.,Draper J.,Draper J.,32,56,1215,839,1.44,2.75,3-6 5-7
Monte Carlo Masters,4/10/2023,Masters 1000,Outdoor,Clay,1st Round,3,Popyrin A.,Lajovic D.,Popyrin A.,94,69,631,763,2.75,1.44,7-6 6-3
Monte Carlo Masters,4/10/2023,Masters 1000,Outdoor,Clay,1st Round,3,Ramos-Vinolas A.,Struff J.L.,Struff J.L.,50,100,880,574,2.38,1.57,4-6 3-6
Monte Carlo Masters,4/10/2023,Masters 1000,Outdoor,Clay,1st Round,3,Berrettini M.,Cressy M.,Berrettini M.,22,40,1742,1016,1.22,4.33,6-4 6-2
Monte Carlo Masters,4/10/2023,Masters 1000,Outdoor,Clay,1st Round,3,Mcdonald M.,Gakhov I.,Gakhov I.,52,198,865,292,1.57,2.38,6-7 6-2 3-6
Monte Carlo Masters,4/10/2023,Masters 1000,Outdoor,Clay,1st Round,3,Schwartzman D.,Goffin D.,Schwartzman D.,37,85,1025,675,1.62,2.3,6-4 6-2
Monte Carlo Masters,4/10/2023,Masters 1000,Outdoor,Clay,1st Round,3,Murray A.,De Minaur A.,De Minaur A.,54,19,860,2050,2.5,1.53,1-6 3-6
Monte Carlo Masters,4/10/2023,Masters 1000,Outdoor,Clay,1st Round,3,Bautista Agut R.,Krajinovic F.,Bautista Agut R.,29,78,1395,715,1.5,2.63,5-7 7-6 6-1
Monte Carlo Masters,4/10/2023,Masters 1000,Outdoor,Clay,1st Round,3,Gasquet R.,Thiem D.,Thiem D.,43,106,930,555,2.38,1.57,1-6 4-6
Monte Carlo Masters,4/11/2023,Masters 1000,Outdoor,Clay,1st Round,3,Lehecka J.,Ruusuvuori E.,Lehecka J.,42,38,978,1021,1.57,2.38,6-1 7-5
Monte Carlo Masters,4/11/2023,Masters 1000,Outdoor,Clay,1st Round,3,Shelton B.,Dimitrov G.,Dimitrov G.,39,25,1019,1485,4.5,1.2,1-6 6-3 3-6
Monte Carlo Masters,4/11/2023,Masters 1000,Outdoor,Clay,1st Round,3,Sonego L.,Humbert U.,Sonego L.,45,79,915,713,1.5,2.63,3-6 7-5 7-5
Monte Carlo Masters,4/11/2023,Masters 1000,Outdoor,Clay,1st Round,3,Bublik A.,Zverev A.,Zverev A.,53,16,865,2410,5.5,1.14,6-3 2-6 4-6
Monte Carlo Masters,4/11/2023,Masters 1000,Outdoor,Clay,1st Round,3,Khachanov K.,Davidovich Fokina A.,Khachanov K.,12,24,2855,1605,1.91,1.91,6-2 6-2
Monte Carlo Masters,4/11/2023,Masters 1000,Outdoor,Clay,1st Round,3,Vacherot V.,Nardi L.,Nardi L.,357,159,134,372,3.75,1.29,5-7 5-7
Monte Carlo Masters,4/11/2023,Masters 1000,Outdoor,Clay,1st Round,3,Musetti L.,Kecmanovic M.,Musetti L.,21,34,1840,1125,1.8,2,7-6 6-0
Monte Carlo Masters,4/11/2023,Masters 1000,Outdoor,Clay,1st Round,3,Evans D.,Ivashka I.,Ivashka I.,28,74,1425,721,2.2,1.67,6-2 2-6 3-6
Monte Carlo Masters,4/11/2023,Masters 1000,Outdoor,Clay,2nd Round,3,Rublev A.,Munar J.,Rublev A.,6,83,3470,685,1.2,4.5,4-6 6-2 6-2
Monte Carlo Masters,4/11/2023,Masters 1000,Outdoor,Clay,2nd Round,3,Gakhov I.,Djokovic N.,Djokovic N.,198,1,292,7160,19,1.02,6-7 2-6
Monte Carlo Masters,4/11/2023,Masters 1000,Outdoor,Clay,2nd Round,3,Hurkacz H.,Draper J.,Hurkacz H.,13,56,2750,839,1.57,2.38,6-3 6-7 7-5
Monte Carlo Masters,4/12/2023,Masters 1000,Outdoor,Clay,2nd Round,3,Bautista Agut R.,Zverev A.,Zverev A.,29,16,1395,2410,3,1.4,4-6 4-6
Monte Carlo Masters,4/12/2023,Masters 1000,Outdoor,Clay,2nd Round,3,Jarry N.,Popyrin A.,Jarry N.,58,94,814,631,1.33,3.4,3-6 7-5 6-4
Monte Carlo Masters,4/12/2023,Masters 1000,Outdoor,Clay,2nd Round,3,Van De Zandschulp B.,Ruud C.,Ruud C.,31,4,1250,5255,4.5,1.2,5-7 6-7
Monte Carlo Masters,4/12/2023,Masters 1000,Outdoor,Clay,2nd Round,3,Struff J.L.,De Minaur A.,Struff J.L.,100,19,574,2050,2.38,1.57,6-3 6-2
Monte Carlo Masters,4/12/2023,Masters 1000,Outdoor,Clay,2nd Round,3,Nardi L.,Musetti L.,Musetti L.,159,21,372,1840,4.5,1.2,0-6 0-6
Monte Carlo Masters,4/12/2023,Masters 1000,Outdoor,Clay,2nd Round,3,Lehecka J.,Dimitrov G.,Lehecka J.,42,25,978,1485,2.1,1.73,7-6 6-4
Monte Carlo Masters,4/12/2023,Masters 1000,Outdoor,Clay,2nd Round,3,Ivashka I.,Khachanov K.,Khachanov K.,74,12,721,2855,4.33,1.22,6-7 2-6
Monte Carlo Masters,4/12/2023,Masters 1000,Outdoor,Clay,2nd Round,3,Medvedev D.,Sonego L.,Medvedev D.,5,45,5150,915,1.33,3.4,6-3 6-2
Monte Carlo Masters,4/12/2023,Masters 1000,Outdoor,Clay,2nd Round,3,Wawrinka S.,Fritz T.,Fritz T.,90,10,647,3065,2.63,1.5,6-7 2-6
Monte Carlo Masters,4/12/2023,Masters 1000,Outdoor,Clay,2nd Round,3,Rune H.,Thiem D.,Rune H.,9,106,3335,555,1.44,2.75,6-2 6-4
Monte Carlo Masters,4/12/2023,Masters 1000,Outdoor,Clay,2nd Round,3,Cerundolo F.,Berrettini M.,Berrettini M.,33,22,1140,1742,2,1.8,7-5 6-7 4-6
Monte Carlo Masters,4/13/2023,Masters 1000,Outdoor,Clay,3rd Round,3,Sinner J.,Hurkacz H.,Sinner J.,8,13,3345,2750,1.22,4.33,3-6 7-6 6-1
Monte Carlo Masters,4/13/2023,Masters 1000,Outdoor,Clay,3rd Round,3,Ruud C.,Struff J.L.,Struff J.L.,4,100,5255,574,1.3,3.5,1-6 6-7
Monte Carlo Masters,4/13/2023,Masters 1000,Outdoor,Clay,3rd Round,3,Rublev A.,Khachanov K.,Rublev A.,6,12,3470,2855,1.91,1.91,7-6 6-2
Monte Carlo Masters,4/13/2023,Masters 1000,Outdoor,Clay,3rd Round,3,Jarry N.,Tsitsipas S.,Tsitsipas S.,58,3,814,5770,4,1.25,3-6 4-6
Monte Carlo Masters,4/13/2023,Masters 1000,Outdoor,Clay,3rd Round,3,Fritz T.,Lehecka J.,Fritz T.,10,42,3065,978,1.62,2.3,4-6 6-4 6-1
Monte Carlo Masters,4/13/2023,Masters 1000,Outdoor,Clay,3rd Round,3,Djokovic N.,Musetti L.,Musetti L.,1,21,7160,1840,1.17,5,6-4 5-7 4-6
Monte Carlo Masters,4/13/2023,Masters 1000,Outdoor,Clay,3rd Round,3,Medvedev D.,Zverev A.,Medvedev D.,5,16,5150,2410,1.57,2.38,3-6 7-5 7-6
Monte Carlo Masters,4/14/2023,Masters 1000,Outdoor,Clay,Quarterfinals,3,Struff J.L.,Rublev A.,Rublev A.,100,6,574,3470,3,1.4,1-6 6-7
Monte Carlo Masters,4/14/2023,Masters 1000,Outdoor,Clay,Quarterfinals,3,Fritz T.,Tsitsipas S.,Fritz T.,10,3,3065,5770,3.4,1.33,6-2 6-4
Monte Carlo Masters,4/14/2023,Masters 1000,Outdoor,Clay,Quarterfinals,3,Medvedev D.,Rune H.,Rune H.,5,9,5150,3335,2.1,1.73,3-6 4-6
Monte Carlo Masters,4/14/2023,Masters 1000,Outdoor,Clay,Quarterfinals,3,Sinner J.,Musetti L.,Sinner J.,8,21,3345,1840,1.33,3.4,6-2 6-2
Monte Carlo Masters,4/15/2023,Masters 1000,Outdoor,Clay,Semifinals,3,Fritz T.,Rublev A.,Rublev A.,10,6,3065,3470,1.91,1.91,7-5 1-6 3-6
Monte Carlo Masters,4/15/2023,Masters 1000,Outdoor,Clay,Semifinals,3,Rune H.,Sinner J.,Rune H.,9,8,3335,3345,2.5,1.53,1-6 7-5 7-5
Monte Carlo Masters,4/16/2023,Masters 1000,Outdoor,Clay,The Final,3,Rune H.,Rublev A.,Rublev A.,9,6,3335,3470,1.53,2.5,7-5 2-6 5-7
Mutua Madrid Open,4/26/2023,Masters 1000,Outdoor,Clay,1st Round,3,Ivashka I.,Ramos-Vinolas A.,Ramos-Vinolas A.,69,60,761,810,1.67,2.2,6-4 6-7 2-6
Mutua Madrid Open,4/26/2023,Masters 1000,Outdoor,Clay,1st Round,3,Gaston H.,Chardy J.,Gaston H.,106,635,555,45,1.3,3.5,6-3 6-4
Mutua Madrid Open,4/26/2023,Masters 1000,Outdoor,Clay,1st Round,3,Nava E.,Barrere G.,Barrere G.,173,56,344,848,2.5,1.53,0-6 7-5 3-6
Mutua Madrid Open,4/26/2023,Masters 1000,Outdoor,Clay,1st Round,3,Molcan A.,Wu Y.,Molcan A.,58,57,825,843,1.4,3,6-2 6-4
Mutua Madrid Open,4/26/2023,Masters 1000,Outdoor,Clay,1st Round,3,Popyrin A.,Halys Q.,Halys Q.,75,66,721,771,2.2,1.67,6-4 4-6 4-6
Mutua Madrid Open,4/26/2023,Masters 1000,Outdoor,Clay,1st Round,3,Bublik A.,Galan D.E.,Bublik A.,55,100,865,586,1.8,2,7-6 6-7 6-4
Mutua Madrid Open,4/26/2023,Masters 1000,Outdoor,Clay,1st Round,3,Goffin D.,Carballes Baena R.,Carballes Baena R.,95,53,615,867,2.63,1.5,4-6 4-6
Mutua Madrid Open,4/26/2023,Masters 1000,Outdoor,Clay,1st Round,3,Hanfmann Y.,Varillas J. P.,Hanfmann Y.,108,87,548,667,1.44,2.75,6-4 3-6 6-3
Mutua Madrid Open,4/26/2023,Masters 1000,Outdoor,Clay,1st Round,3,Cressy M.,Wawrinka S.,Wawrinka S.,39,84,1010,692,2.75,1.44,7-6 3-6 6-7
Mutua Madrid Open,4/26/2023,Masters 1000,Outdoor,Clay,1st Round,3,Grenier H.,Schwartzman D.,Grenier H.,128,72,466,730,4,1.25,7-5 6-4
Mutua Madrid Open,4/26/2023,Masters 1000,Outdoor,Clay,1st Round,3,Kotov P.,Otte O.,Otte O.,101,98,583,606,2.1,1.73,3-6 6-4 4-6
Mutua Madrid Open,4/26/2023,Masters 1000,Outdoor,Clay,1st Round,3,Arnaldi M.,Paire B.,Arnaldi M.,105,161,556,377,1.53,2.5,6-1 3-6 7-6
Mutua Madrid Open,4/26/2023,Masters 1000,Outdoor,Clay,1st Round,3,Humbert U.,Ruusuvuori E.,Ruusuvuori E.,77,41,718,977,2.63,1.5,6-7 6-7
Mutua Madrid Open,4/26/2023,Masters 1000,Outdoor,Clay,1st Round,3,Munar J.,Kokkinakis T.,Munar J.,88,111,666,534,1.8,2,7-6 7-6
Mutua Madrid Open,4/26/2023,Masters 1000,Outdoor,Clay,1st Round,3,Gojo B.,Monteiro T.,Monteiro T.,110,97,538,608,1.91,1.91,6-7 6-4 3-6
Mutua Madrid Open,4/26/2023,Masters 1000,Outdoor,Clay,1st Round,3,Gasquet R.,Landaluce M.,Gasquet R.,43,894,951,16,1.14,5.5,6-2 6-1
Mutua Madrid Open,4/27/2023,Masters 1000,Outdoor,Clay,1st Round,3,Mannarino A.,Etcheverry T.,Etcheverry T.,46,59,917,814,4.5,1.2,4-6 0-6
Mutua Madrid Open,4/27/2023,Masters 1000,Outdoor,Clay,1st Round,3,Shevchenko A.,Wolf J.J.,Shevchenko A.,96,49,610,880,1.53,2.5,6-4 6-4
Mutua Madrid Open,4/27/2023,Masters 1000,Outdoor,Clay,1st Round,3,Jarry N.,Safiullin R.,Safiullin R.,51,112,878,525,1.36,3.2,2-6 6-3 3-6
Mutua Madrid Open,4/27/2023,Masters 1000,Outdoor,Clay,1st Round,3,Thiem D.,Edmund K.,Thiem D.,93,498,625,75,1.14,5.5,6-4 6-1
Mutua Madrid Open,4/27/2023,Masters 1000,Outdoor,Clay,1st Round,3,Rodionov J.,Zhang Zh.,Zhang Zh.,119,99,502,606,1.73,2.1,6-7 4-6
Mutua Madrid Open,4/27/2023,Masters 1000,Outdoor,Clay,1st Round,3,Watanuki Y.,Moutet C.,Watanuki Y.,117,64,502,780,1.5,2.63,6-3 6-3
Mutua Madrid Open,4/27/2023,Masters 1000,Outdoor,Clay,1st Round,3,Huesler M.A.,Garin C.,Garin C.,76,73,720,723,3.75,1.29,6-7 2-6
Mutua Madrid Open,4/27/2023,Masters 1000,Outdoor,Clay,1st Round,3,Cachin P.,Shelbayh A.,Cachin P.,67,243,767,233,1.4,3,6-1 6-4
Mutua Madrid Open,4/27/2023,Masters 1000,Outdoor,Clay,1st Round,3,Sonego L.,Struff J.L.,Struff J.L.,47,65,890,779,1.73,2.1,3-6 1-6
Mutua Madrid Open,4/27/2023,Masters 1000,Outdoor,Clay,1st Round,3,Giron M.,Borges N.,Giron M.,61,74,801,723,2.1,1.73,6-2 7-6
Mutua Madrid Open,4/27/2023,Masters 1000,Outdoor,Clay,1st Round,3,Fucsovics M.,Cecchinato M.,Cecchinato M.,83,85,697,688,1.57,2.38,6-7 3-6
Mutua Madrid Open,4/27/2023,Masters 1000,Outdoor,Clay,1st Round,3,O Connell C.,Krajinovic F.,O Connell C.,81,79,710,711,1.67,2.2,6-4 6-7 6-2
Mutua Madrid Open,4/27/2023,Masters 1000,Outdoor,Clay,1st Round,3,Murray A.,Vavassori A.,Vavassori A.,52,164,870,369,1.62,2.3,2-6 6-7
Mutua Madrid Open,4/27/2023,Masters 1000,Outdoor,Clay,1st Round,3,Lajovic D.,Kubler J.,Lajovic D.,40,63,994,782,1.53,2.5,6-3 6-3
Mutua Madrid Open,4/27/2023,Masters 1000,Outdoor,Clay,1st Round,3,Mcdonald M.,Zapata Miralles B.,Zapata Miralles B.,54,42,865,958,2.38,1.57,6-3 3-6 6-7
Mutua Madrid Open,4/27/2023,Masters 1000,Outdoor,Clay,1st Round,3,Karatsev A.,Djere L.,Karatsev A.,121,70,497,741,2.3,1.62,7-6 7-5
Mutua Madrid Open,4/28/2023,Masters 1000,Outdoor,Clay,2nd Round,3,Ruud C.,Arnaldi M.,Arnaldi M.,4,105,5210,556,1.17,5,3-6 4-6
Mutua Madrid Open,4/28/2023,Masters 1000,Outdoor,Clay,2nd Round,3,Altmaier D.,Otte O.,Altmaier D.,92,98,633,606,2,1.8,6-4 7-5
Mutua Madrid Open,4/28/2023,Masters 1000,Outdoor,Clay,2nd Round,3,Molcan A.,Nishioka Y.,Nishioka Y.,58,34,825,1138,1.57,2.38,7-5 4-6 4-6
Mutua Madrid Open,4/28/2023,Masters 1000,Outdoor,Clay,2nd Round,3,Hanfmann Y.,Musetti L.,Hanfmann Y.,108,18,548,2065,3,1.4,6-4 7-6
Mutua Madrid Open,4/28/2023,Masters 1000,Outdoor,Clay,2nd Round,3,Wawrinka S.,Rublev A.,Rublev A.,84,6,692,4280,3.75,1.29,5-7 4-6
Mutua Madrid Open,4/28/2023,Masters 1000,Outdoor,Clay,2nd Round,3,Dimitrov G.,Barrere G.,Dimitrov G.,32,56,1170,848,1.17,5,7-6 7-6
Mutua Madrid Open,4/28/2023,Masters 1000,Outdoor,Clay,2nd Round,3,Monteiro T.,Khachanov K.,Khachanov K.,97,12,608,2855,4,1.25,3-6 6-3 3-6
Mutua Madrid Open,4/28/2023,Masters 1000,Outdoor,Clay,2nd Round,3,Alcaraz C.,Ruusuvuori E.,Alcaraz C.,2,41,6770,977,1.04,13,2-6 6-4 6-2
Mutua Madrid Open,4/28/2023,Masters 1000,Outdoor,Clay,2nd Round,3,Halys Q.,Bautista Agut R.,Bautista Agut R.,66,25,771,1475,2.2,1.67,6-4 6-7 3-6
Mutua Madrid Open,4/28/2023,Masters 1000,Outdoor,Clay,2nd Round,3,Coric B.,Gaston H.,Coric B.,20,106,1890,555,1.44,2.75,6-3 6-3
Mutua Madrid Open,4/28/2023,Masters 1000,Outdoor,Clay,2nd Round,3,Korda S.,Grenier H.,Grenier H.,28,128,1390,466,1.33,3.4,6-7 6-7
Mutua Madrid Open,4/28/2023,Masters 1000,Outdoor,Clay,2nd Round,3,Hurkacz H.,Gasquet R.,Hurkacz H.,15,43,2660,951,1.25,4,6-7 6-4 7-5
Mutua Madrid Open,4/28/2023,Masters 1000,Outdoor,Clay,2nd Round,3,Bublik A.,Rune H.,Rune H.,55,7,865,4070,6,1.13,1-6 6-4 6-7
Mutua Madrid Open,4/28/2023,Masters 1000,Outdoor,Clay,2nd Round,3,Davidovich Fokina A.,Ramos-Vinolas A.,Davidovich Fokina A.,35,60,1095,810,1.2,4.5,6-3 6-4
Mutua Madrid Open,4/28/2023,Masters 1000,Outdoor,Clay,2nd Round,3,Carballes Baena R.,Zverev A.,Zverev A.,53,16,867,2140,4.33,1.22,7-6 5-7 0-6
Mutua Madrid Open,4/29/2023,Masters 1000,Outdoor,Clay,2nd Round,3,Shevchenko A.,Lehecka J.,Shevchenko A.,96,37,610,1046,3.2,1.36,6-1 6-1
Mutua Madrid Open,4/29/2023,Masters 1000,Outdoor,Clay,2nd Round,3,Shelton B.,Struff J.L.,Struff J.L.,38,65,1042,779,2.75,1.44,6-4 6-7 5-7
Mutua Madrid Open,4/29/2023,Masters 1000,Outdoor,Clay,2nd Round,3,Medvedev D.,Vavassori A.,Medvedev D.,3,164,5240,369,1.11,6.5,6-4 6-3
Mutua Madrid Open,4/29/2023,Masters 1000,Outdoor,Clay,2nd Round,3,Paul T.,Safiullin R.,Safiullin R.,17,112,2070,525,1.5,2.63,3-6 6-7
Mutua Madrid Open,4/29/2023,Masters 1000,Outdoor,Clay,2nd Round,3,Karatsev A.,Van De Zandschulp B.,Karatsev A.,121,29,497,1390,2.75,1.44,6-2 7-5
Mutua Madrid Open,4/29/2023,Masters 1000,Outdoor,Clay,2nd Round,3,Auger-Aliassime F.,Lajovic D.,Lajovic D.,9,40,3405,994,1.73,2.1,2-6 6-3 6-7
Mutua Madrid Open,4/29/2023,Masters 1000,Outdoor,Clay,2nd Round,3,Zapata Miralles B.,Evans D.,Zapata Miralles B.,42,24,958,1560,2.1,1.73,6-3 6-2
Mutua Madrid Open,4/29/2023,Masters 1000,Outdoor,Clay,2nd Round,3,Cecchinato M.,De Minaur A.,De Minaur A.,85,19,688,1995,2.75,1.44,4-6 6-7
Mutua Madrid Open,4/29/2023,Masters 1000,Outdoor,Clay,2nd Round,3,Baez S.,Giron M.,Baez S.,31,61,1190,801,1.53,2.5,3-6 6-3 6-4
Mutua Madrid Open,4/29/2023,Masters 1000,Outdoor,Clay,2nd Round,3,O Connell C.,Fritz T.,Fritz T.,81,10,710,3290,3.5,1.3,6-7 4-6
Mutua Madrid Open,4/29/2023,Masters 1000,Outdoor,Clay,2nd Round,3,Tiafoe F.,Etcheverry T.,Tiafoe F.,11,59,2870,814,1.62,2.3,6-3 7-6
Mutua Madrid Open,4/29/2023,Masters 1000,Outdoor,Clay,2nd Round,3,Kecmanovic M.,Garin C.,Garin C.,33,73,1170,723,1.91,1.91,6-7 7-6 4-6
Mutua Madrid Open,4/29/2023,Masters 1000,Outdoor,Clay,2nd Round,3,Cachin P.,Cerundolo F.,Cachin P.,67,30,767,1235,3.5,1.3,6-1 7-6
Mutua Madrid Open,4/29/2023,Masters 1000,Outdoor,Clay,2nd Round,3,Watanuki Y.,Norrie C.,Norrie C.,117,13,502,2725,4,1.25,4-6 6-7
Mutua Madrid Open,4/29/2023,Masters 1000,Outdoor,Clay,2nd Round,3,Zhang Zh.,Shapovalov D.,Zhang Zh.,99,27,606,1425,2.75,1.44,6-7 6-4 7-6
Mutua Madrid Open,4/29/2023,Masters 1000,Outdoor,Clay,2nd Round,3,Thiem D.,Tsitsipas S.,Tsitsipas S.,93,5,625,5195,4.5,1.2,6-3 1-6 6-7
Mutua Madrid Open,4/30/2023,Masters 1000,Outdoor,Clay,3rd Round,3,Khachanov K.,Bautista Agut R.,Khachanov K.,12,25,2855,1475,1.57,2.38,7-5 4-6 6-3
Mutua Madrid Open,4/30/2023,Masters 1000,Outdoor,Clay,3rd Round,3,Arnaldi M.,Munar J.,Munar J.,105,88,556,666,1.8,2,6-3 3-6 1-6
Mutua Madrid Open,4/30/2023,Masters 1000,Outdoor,Clay,3rd Round,3,Rublev A.,Nishioka Y.,Rublev A.,6,34,4280,1138,1.14,5.5,6-2 7-5
Mutua Madrid Open,4/30/2023,Masters 1000,Outdoor,Clay,3rd Round,3,Grenier H.,Zverev A.,Zverev A.,128,16,466,2140,7,1.1,1-6 0-6
Mutua Madrid Open,4/30/2023,Masters 1000,Outdoor,Clay,3rd Round,3,Coric B.,Hurkacz H.,Coric B.,20,15,1890,2660,2.63,1.5,7-6 6-3
Mutua Madrid Open,4/30/2023,Masters 1000,Outdoor,Clay,3rd Round,3,Dimitrov G.,Alcaraz C.,Alcaraz C.,32,2,1170,6770,7,1.1,2-6 5-7
Mutua Madrid Open,4/30/2023,Masters 1000,Outdoor,Clay,3rd Round,3,Altmaier D.,Hanfmann Y.,Altmaier D.,92,108,633,548,2.75,1.44,7-6 6-3
Mutua Madrid Open,4/30/2023,Masters 1000,Outdoor,Clay,3rd Round,3,Rune H.,Davidovich Fokina A.,Davidovich Fokina A.,7,35,4070,1095,1.44,2.75,6-7 7-5 6-7
Mutua Madrid Open,5/1/2023,Masters 1000,Outdoor,Clay,3rd Round,3,Medvedev D.,Shevchenko A.,Medvedev D.,3,96,5240,610,1.13,6,4-6 6-1 7-5
Mutua Madrid Open,5/1/2023,Masters 1000,Outdoor,Clay,3rd Round,3,Lajovic D.,Struff J.L.,Struff J.L.,40,65,994,779,1.67,2.2,7-6 3-6 3-6
Mutua Madrid Open,5/1/2023,Masters 1000,Outdoor,Clay,3rd Round,3,Karatsev A.,De Minaur A.,Karatsev A.,121,19,497,1995,2.38,1.57,6-3 4-6 6-4
Mutua Madrid Open,5/1/2023,Masters 1000,Outdoor,Clay,3rd Round,3,Tiafoe F.,Cachin P.,Cachin P.,11,67,2870,767,1.29,3.75,1-6 6-7
Mutua Madrid Open,5/1/2023,Masters 1000,Outdoor,Clay,3rd Round,3,Zapata Miralles B.,Safiullin R.,Zapata Miralles B.,42,112,958,525,1.57,2.38,6-3 3-6 6-3
Mutua Madrid Open,5/1/2023,Masters 1000,Outdoor,Clay,3rd Round,3,Garin C.,Fritz T.,Fritz T.,73,10,723,3290,2.75,1.44,1-6 6-7
Mutua Madrid Open,5/1/2023,Masters 1000,Outdoor,Clay,3rd Round,3,Tsitsipas S.,Baez S.,Tsitsipas S.,5,31,5195,1190,1.14,5.5,7-5 3-6 6-3
Mutua Madrid Open,5/1/2023,Masters 1000,Outdoor,Clay,3rd Round,3,Norrie C.,Zhang Zh.,Zhang Zh.,13,99,2725,606,1.22,4.33,6-2 6-7 6-7
Mutua Madrid Open,5/2/2023,Masters 1000,Outdoor,Clay,4th Round,3,Altmaier D.,Munar J.,Altmaier D.,92,88,633,666,2.38,1.57,6-3 6-0
Mutua Madrid Open,5/2/2023,Masters 1000,Outdoor,Clay,4th Round,3,Rublev A.,Khachanov K.,Khachanov K.,6,12,4280,2855,1.5,2.63,6-7 4-6
Mutua Madrid Open,5/2/2023,Masters 1000,Outdoor,Clay,4th Round,3,Karatsev A.,Medvedev D.,Karatsev A.,121,3,497,5240,3.75,1.29,7-6 6-4
Mutua Madrid Open,5/2/2023,Masters 1000,Outdoor,Clay,4th Round,3,Davidovich Fokina A.,Coric B.,Coric B.,35,20,1095,1890,1.53,2.5,7-6 3-6 6-7
Mutua Madrid Open,5/2/2023,Masters 1000,Outdoor,Clay,4th Round,3,Alcaraz C.,Zverev A.,Alcaraz C.,2,16,6770,2140,1.22,4.33,6-1 6-2
Mutua Madrid Open,5/2/2023,Masters 1000,Outdoor,Clay,4th Round,3,Fritz T.,Zhang Zh.,Zhang Zh.,10,99,3290,606,1.17,5,6-3 6-7 6-7
Mutua Madrid Open,5/2/2023,Masters 1000,Outdoor,Clay,4th Round,3,Struff J.L.,Cachin P.,Struff J.L.,65,67,779,767,1.62,2.3,7-6 6-7 6-3
Mutua Madrid Open,5/2/2023,Masters 1000,Outdoor,Clay,4th Round,3,Zapata Miralles B.,Tsitsipas S.,Tsitsipas S.,42,5,958,5195,5.5,1.14,3-6 1-6
Mutua Madrid Open,5/3/2023,Masters 1000,Outdoor,Clay,Quarterfinals,3,Alcaraz C.,Khachanov K.,Alcaraz C.,2,12,6770,2855,1.07,9,6-4 7-5
Mutua Madrid Open,5/3/2023,Masters 1000,Outdoor,Clay,Quarterfinals,3,Altmaier D.,Coric B.,Coric B.,92,20,633,1890,2.63,1.5,3-6 3-6
Mutua Madrid Open,5/4/2023,Masters 1000,Outdoor,Clay,Quarterfinals,3,Karatsev A.,Zhang Zh.,Karatsev A.,121,99,497,606,1.57,2.38,7-6 6-4
Mutua Madrid Open,5/4/2023,Masters 1000,Outdoor,Clay,Quarterfinals,3,Tsitsipas S.,Struff J.L.,Struff J.L.,5,65,5195,779,1.2,4.5,6-7 7-5 3-6
Mutua Madrid Open,5/5/2023,Masters 1000,Outdoor,Clay,Semifinals,3,Alcaraz C.,Coric B.,Alcaraz C.,2,20,6770,1890,1.06,10,6-4 6-3
Mutua Madrid Open,5/5/2023,Masters 1000,Outdoor,Clay,Semifinals,3,Karatsev A.,Struff J.L.,Struff J.L.,121,65,497,779,1.8,2,6-4 3-6 4-6
Mutua Madrid Open,5/7/2023,Masters 1000,Outdoor,Clay,The Final,3,Alcaraz C.,Struff J.L.,Alcaraz C.,2,65,6770,779,1.06,10,6-4 3-6 6-3
Internazionali BNL d'Italia,5/10/2023,Masters 1000,Outdoor,Clay,1st Round,3,Ivashka I.,Wawrinka S.,Wawrinka S.,73,84,741,717,2.63,1.5,2-6 4-6
Internazionali BNL d'Italia,5/10/2023,Masters 1000,Outdoor,Clay,1st Round,3,Fucsovics M.,Krajinovic F.,Fucsovics M.,92,74,691,741,1.8,2,6-4 6-2
Internazionali BNL d'Italia,5/10/2023,Masters 1000,Outdoor,Clay,1st Round,3,Van Assche L.,Etcheverry T.,Etcheverry T.,85,61,716,826,2.2,1.67,6-7 3-6
Internazionali BNL d'Italia,5/10/2023,Masters 1000,Outdoor,Clay,1st Round,3,Baez S.,Varillas J.P.,Baez S.,40,97,985,638,1.4,3,7-5 6-3
Internazionali BNL d'Italia,5/10/2023,Masters 1000,Outdoor,Clay,1st Round,3,Cachin P.,Garin C.,Garin C.,68,79,777,723,2.38,1.57,4-6 6-3 6-7
Internazionali BNL d'Italia,5/10/2023,Masters 1000,Outdoor,Clay,1st Round,3,Wu Y.,Gasquet R.,Wu Y.,57,44,838,931,3,1.4,3-6 6-3 6-3
Internazionali BNL d'Italia,5/10/2023,Masters 1000,Outdoor,Clay,1st Round,3,Edmund K.,Muller A.,Muller A.,473,100,85,605,4,1.25,1-6 3-6
Internazionali BNL d'Italia,5/10/2023,Masters 1000,Outdoor,Clay,1st Round,3,Bublik A.,Martinez P.,Bublik A.,49,142,880,416,2.2,1.67,6-3 7-6
Internazionali BNL d'Italia,5/10/2023,Masters 1000,Outdoor,Clay,1st Round,3,Cerundolo J.M.,Fils A.,Fils A.,105,119,575,520,2,1.8,1-6 6-1 4-6
Internazionali BNL d'Italia,5/10/2023,Masters 1000,Outdoor,Clay,1st Round,3,Popyrin A.,O Connell C.,Popyrin A.,77,78,726,724,1.8,2,6-2 7-6
Internazionali BNL d'Italia,5/10/2023,Masters 1000,Outdoor,Clay,1st Round,3,Giron M.,Safiullin R.,Safiullin R.,60,103,826,586,2.38,1.57,4-6 3-6
Internazionali BNL d'Italia,5/10/2023,Masters 1000,Outdoor,Clay,1st Round,3,Fognini F.,Murray A.,Fognini F.,130,42,468,965,2.63,1.5,6-4 4-6 6-4
Internazionali BNL d'Italia,5/10/2023,Masters 1000,Outdoor,Clay,1st Round,3,Cobolli F.,Rinderknech A.,Rinderknech A.,183,89,327,711,1.4,3,4-6 3-6
Internazionali BNL d'Italia,5/10/2023,Masters 1000,Outdoor,Clay,1st Round,3,Barrere G.,Nakashima B.,Barrere G.,63,47,813,902,2.1,1.73,6-3 6-3
Internazionali BNL d'Italia,5/11/2023,Masters 1000,Outdoor,Clay,1st Round,3,Zeppieri G.,Altmaier D.,Altmaier D.,120,65,513,792,2.5,1.53,6-7 6-4 0-6
Internazionali BNL d'Italia,5/11/2023,Masters 1000,Outdoor,Clay,1st Round,3,Carballes Baena R.,Dellien H.,Carballes Baena R.,51,157,876,374,1.44,2.75,6-2 6-3
Internazionali BNL d'Italia,5/11/2023,Masters 1000,Outdoor,Clay,1st Round,3,Huesler M.A.,Kubler J.,Kubler J.,82,66,720,782,2,1.8,7-6 4-6 2-6
Internazionali BNL d'Italia,5/11/2023,Masters 1000,Outdoor,Clay,1st Round,3,Monteiro T.,Mannarino A.,Monteiro T.,98,45,627,927,1.44,2.75,6-1 6-2
Internazionali BNL d'Italia,5/11/2023,Masters 1000,Outdoor,Clay,1st Round,3,Nardi L.,Goffin D.,Goffin D.,151,107,392,570,2.63,1.5,6-3 4-6 2-6
Internazionali BNL d'Italia,5/11/2023,Masters 1000,Outdoor,Clay,1st Round,3,Ruusuvuori E.,Humbert U.,Ruusuvuori E.,43,50,957,877,1.62,2.3,6-4 3-6 7-6
Internazionali BNL d'Italia,5/11/2023,Masters 1000,Outdoor,Clay,1st Round,3,Mcdonald M.,Cecchinato M.,Cecchinato M.,55,83,855,720,2.38,1.57,3-6 5-7
Internazionali BNL d'Italia,5/11/2023,Masters 1000,Outdoor,Clay,1st Round,3,Pella G.,Cressy M.,Pella G.,484,41,80,985,2,1.8,6-3 6-4
Internazionali BNL d'Italia,5/11/2023,Masters 1000,Outdoor,Clay,1st Round,3,Passaro F.,Ramos-Vinolas A.,Ramos-Vinolas A.,126,72,499,745,2,1.8,6-4 1-6 4-6
Internazionali BNL d'Italia,5/11/2023,Masters 1000,Outdoor,Clay,1st Round,3,Sonego L.,Chardy J.,Sonego L.,48,591,890,55,1.08,8,6-2 6-1
Internazionali BNL d'Italia,5/11/2023,Masters 1000,Outdoor,Clay,1st Round,3,Lajovic D.,Borges N.,Borges N.,46,88,924,713,1.36,3.2,4-6 1-6
Internazionali BNL d'Italia,5/11/2023,Masters 1000,Outdoor,Clay,1st Round,3,Marozsan F.,Moutet C.,Marozsan F.,135,67,441,781,1.57,2.38,6-0 6-7 6-2
Internazionali BNL d'Italia,5/11/2023,Masters 1000,Outdoor,Clay,1st Round,3,Jarry N.,Hanfmann Y.,Hanfmann Y.,56,101,852,602,1.8,2,4-6 4-6
Internazionali BNL d'Italia,5/11/2023,Masters 1000,Outdoor,Clay,1st Round,3,Wolf J.J.,Grenier H.,Wolf J.J.,54,124,860,504,1.67,2.2,7-5 7-5
Internazionali BNL d'Italia,5/11/2023,Masters 1000,Outdoor,Clay,1st Round,3,Napolitano S.,Molcan A.,Molcan A.,555,59,62,830,5,1.17,4-6 6-3 6-7
Internazionali BNL d'Italia,5/11/2023,Masters 1000,Outdoor,Clay,1st Round,3,Arnaldi M.,Schwartzman D.,Arnaldi M.,99,91,608,695,1.57,2.38,6-1 4-6 6-3
Internazionali BNL d'Italia,5/12/2023,Masters 1000,Outdoor,Clay,2nd Round,3,Auger-Aliassime F.,Popyrin A.,Popyrin A.,10,77,3235,726,1.36,3.2,4-6 6-4 5-7
Internazionali BNL d'Italia,5/12/2023,Masters 1000,Outdoor,Clay,2nd Round,3,Norrie C.,Muller A.,Norrie C.,13,100,2680,605,1.33,3.4,6-2 6-3
Internazionali BNL d'Italia,5/12/2023,Masters 1000,Outdoor,Clay,2nd Round,3,Wu Y.,Cerundolo F.,Cerundolo F.,57,31,838,1200,3.2,1.36,6-4 2-6 3-6
Internazionali BNL d'Italia,5/12/2023,Masters 1000,Outdoor,Clay,2nd Round,3,Sinner J.,Kokkinakis T.,Sinner J.,8,104,3525,576,1.11,6.5,6-1 6-4
Internazionali BNL d'Italia,5/12/2023,Masters 1000,Outdoor,Clay,2nd Round,3,De Minaur A.,Fucsovics M.,Fucsovics M.,18,92,1995,691,1.62,2.3,3-6 4-6
Internazionali BNL d'Italia,5/12/2023,Masters 1000,Outdoor,Clay,2nd Round,3,Shevchenko A.,Baez S.,Shevchenko A.,93,40,657,985,2.63,1.5,6-3 6-4
Internazionali BNL d'Italia,5/12/2023,Masters 1000,Outdoor,Clay,2nd Round,3,Wawrinka S.,Dimitrov G.,Dimitrov G.,84,33,717,1125,2,1.8,4-6 6-7
Internazionali BNL d'Italia,5/12/2023,Masters 1000,Outdoor,Clay,2nd Round,3,Safiullin R.,Korda S.,Safiullin R.,103,29,586,1265,1.67,2.2,6-2 7-6
Internazionali BNL d'Italia,5/12/2023,Masters 1000,Outdoor,Clay,2nd Round,3,Van De Zandschulp B.,Djere L.,Djere L.,30,62,1250,825,1.91,1.91,2-6 4-6
Internazionali BNL d'Italia,5/12/2023,Masters 1000,Outdoor,Clay,2nd Round,3,Barrere G.,Khachanov K.,Barrere G.,63,11,813,3025,5.5,1.14,4-6 6-4 7-6
Internazionali BNL d'Italia,5/12/2023,Masters 1000,Outdoor,Clay,2nd Round,3,Kecmanovic M.,Fognini F.,Fognini F.,37,130,1055,468,1.53,2.5,3-6 6-7
Internazionali BNL d'Italia,5/12/2023,Masters 1000,Outdoor,Clay,2nd Round,3,Garin C.,Paul T.,Garin C.,79,17,723,2170,1.8,2,4-6 6-3 6-4
Internazionali BNL d'Italia,5/12/2023,Masters 1000,Outdoor,Clay,2nd Round,3,Shelton B.,Bublik A.,Bublik A.,35,49,1095,880,1.73,2.1,4-6 6-1 2-6
Internazionali BNL d'Italia,5/12/2023,Masters 1000,Outdoor,Clay,2nd Round,3,Djokovic N.,Etcheverry T.,Djokovic N.,1,61,6775,826,1.11,6.5,7-6 6-2
Internazionali BNL d'Italia,5/12/2023,Masters 1000,Outdoor,Clay,2nd Round,3,Fils A.,Rune H.,Rune H.,119,7,520,3865,5.5,1.14,3-6 3-6
Internazionali BNL d'Italia,5/12/2023,Masters 1000,Outdoor,Clay,2nd Round,3,Ruud C.,Rinderknech A.,Ruud C.,4,89,5165,711,1.17,5,6-4 6-0
Internazionali BNL d'Italia,5/13/2023,Masters 1000,Outdoor,Clay,2nd Round,3,Molcan A.,Rublev A.,Rublev A.,59,6,830,4190,5,1.17,3-6 4-6
Internazionali BNL d'Italia,5/13/2023,Masters 1000,Outdoor,Clay,2nd Round,3,Coric B.,Monteiro T.,Coric B.,16,98,2240,627,1.36,3.2,4-6 7-6 7-6
Internazionali BNL d'Italia,5/13/2023,Masters 1000,Outdoor,Clay,2nd Round,3,Evans D.,Carballes Baena R.,Carballes Baena R.,24,51,1480,876,2.2,1.67,6-7 7-5 4-6
Internazionali BNL d'Italia,5/13/2023,Masters 1000,Outdoor,Clay,2nd Round,3,Zapata Miralles B.,Kubler J.,Zapata Miralles B.,38,66,1016,782,1.57,2.38,6-4 6-1
Internazionali BNL d'Italia,5/13/2023,Masters 1000,Outdoor,Clay,2nd Round,3,Ramos-Vinolas A.,Alcaraz C.,Alcaraz C.,72,2,745,6770,17,1.03,4-6 1-6
Internazionali BNL d'Italia,5/13/2023,Masters 1000,Outdoor,Clay,2nd Round,3,Wolf J.J.,Hurkacz H.,Wolf J.J.,54,15,860,2525,3.75,1.29,6-3 6-4
Internazionali BNL d'Italia,5/13/2023,Masters 1000,Outdoor,Clay,2nd Round,3,Nishioka Y.,Sonego L.,Sonego L.,32,48,1171,890,2.75,1.44,5-7 3-6
Internazionali BNL d'Italia,5/13/2023,Masters 1000,Outdoor,Clay,2nd Round,3,Davidovich Fokina A.,Pella G.,Davidovich Fokina A.,34,484,1115,80,1.17,5,6-0 7-6
Internazionali BNL d'Italia,5/14/2023,Masters 1000,Outdoor,Clay,2nd Round,3,Bautista Agut R.,Cecchinato M.,Cecchinato M.,25,83,1475,720,1.53,2.5,2-6 2-6
Internazionali BNL d'Italia,5/14/2023,Masters 1000,Outdoor,Clay,2nd Round,3,Medvedev D.,Ruusuvuori E.,Medvedev D.,3,43,5330,957,1.4,3,6-4 6-2
Internazionali BNL d'Italia,5/14/2023,Masters 1000,Outdoor,Clay,2nd Round,3,Fritz T.,Hanfmann Y.,Hanfmann Y.,9,101,3380,602,1.44,2.75,4-6 1-6
Internazionali BNL d'Italia,5/14/2023,Masters 1000,Outdoor,Clay,2nd Round,3,Tsitsipas S.,Borges N.,Tsitsipas S.,5,88,5015,713,1.11,6.5,6-3 6-3
Internazionali BNL d'Italia,5/14/2023,Masters 1000,Outdoor,Clay,2nd Round,3,Arnaldi M.,Musetti L.,Musetti L.,99,19,608,1960,3.2,1.36,4-6 4-6
Internazionali BNL d'Italia,5/14/2023,Masters 1000,Outdoor,Clay,2nd Round,3,Marozsan F.,Lehecka J.,Marozsan F.,135,39,441,992,2.75,1.44,4-6 6-1 7-6
Internazionali BNL d'Italia,5/14/2023,Masters 1000,Outdoor,Clay,2nd Round,3,Altmaier D.,Tiafoe F.,Tiafoe F.,65,12,792,2755,2.5,1.53,6-3 5-7 3-6
Internazionali BNL d'Italia,5/14/2023,Masters 1000,Outdoor,Clay,2nd Round,3,Zverev A.,Goffin D.,Zverev A.,22,107,1630,570,1.22,4.33,5-7 6-3 6-4
Internazionali BNL d'Italia,5/14/2023,Masters 1000,Outdoor,Clay,3rd Round,3,Safiullin R.,Popyrin A.,Popyrin A.,103,77,586,726,2.1,1.73,5-7 5-7
Internazionali BNL d'Italia,5/14/2023,Masters 1000,Outdoor,Clay,3rd Round,3,Cerundolo F.,Barrere G.,Cerundolo F.,31,63,1200,813,1.36,3.2,6-7 6-2 6-2
Internazionali BNL d'Italia,5/14/2023,Masters 1000,Outdoor,Clay,3rd Round,3,Fognini F.,Rune H.,Rune H.,130,7,468,3865,4.5,1.2,4-6 2-6
Internazionali BNL d'Italia,5/14/2023,Masters 1000,Outdoor,Clay,3rd Round,3,Djokovic N.,Dimitrov G.,Djokovic N.,1,33,6775,1125,1.14,5.5,6-3 4-6 6-1
Internazionali BNL d'Italia,5/14/2023,Masters 1000,Outdoor,Clay,3rd Round,3,Bublik A.,Ruud C.,Ruud C.,49,4,880,5165,5,1.17,1-6 6-4 6-7
Internazionali BNL d'Italia,5/14/2023,Masters 1000,Outdoor,Clay,3rd Round,3,Norrie C.,Fucsovics M.,Norrie C.,13,92,2680,691,1.44,2.75,6-2 7-6
Internazionali BNL d'Italia,5/14/2023,Masters 1000,Outdoor,Clay,3rd Round,3,Shevchenko A.,Sinner J.,Sinner J.,93,8,657,3525,8,1.08,3-6 7-6 2-6
Internazionali BNL d'Italia,5/15/2023,Masters 1000,Outdoor,Clay,3rd Round,3,Coric B.,Carballes Baena R.,Coric B.,16,51,2240,876,1.44,2.75,7-6 6-1
Internazionali BNL d'Italia,5/15/2023,Masters 1000,Outdoor,Clay,3rd Round,3,Cecchinato M.,Hanfmann Y.,Hanfmann Y.,83,101,720,602,2.1,1.73,4-6 6-4 3-6
Internazionali BNL d'Italia,5/15/2023,Masters 1000,Outdoor,Clay,3rd Round,3,Marozsan F.,Alcaraz C.,Marozsan F.,135,2,441,6770,23,1.01,6-3 7-6
Internazionali BNL d'Italia,5/15/2023,Masters 1000,Outdoor,Clay,3rd Round,3,Davidovich Fokina A.,Rublev A.,Rublev A.,34,6,1115,4190,2.63,1.5,6-7 3-6
Internazionali BNL d'Italia,5/15/2023,Masters 1000,Outdoor,Clay,3rd Round,3,Medvedev D.,Zapata Miralles B.,Medvedev D.,3,38,5330,1016,1.22,4.33,3-6 6-1 6-3
Internazionali BNL d'Italia,5/16/2023,Masters 1000,Outdoor,Clay,3rd Round,3,Wolf J.J.,Zverev A.,Zverev A.,54,22,860,1630,4.33,1.22,4-6 5-7
Internazionali BNL d'Italia,5/16/2023,Masters 1000,Outdoor,Clay,3rd Round,3,Tsitsipas S.,Sonego L.,Tsitsipas S.,5,48,5015,890,1.2,4.5,6-3 7-6
Internazionali BNL d'Italia,5/16/2023,Masters 1000,Outdoor,Clay,3rd Round,3,Tiafoe F.,Musetti L.,Musetti L.,12,19,2755,1960,2.75,1.44,7-5 4-6 3-6
Internazionali BNL d'Italia,5/16/2023,Masters 1000,Outdoor,Clay,4th Round,3,Rune H.,Popyrin A.,Rune H.,7,77,3865,726,1.17,5,6-4 5-7 6-4
Internazionali BNL d'Italia,5/16/2023,Masters 1000,Outdoor,Clay,4th Round,3,Norrie C.,Djokovic N.,Djokovic N.,13,1,2680,6775,5,1.17,3-6 4-6
Internazionali BNL d'Italia,5/16/2023,Masters 1000,Outdoor,Clay,4th Round,3,Ruud C.,Djere L.,Ruud C.,4,62,5165,825,1.4,3,6-1 6-3
Internazionali BNL d'Italia,5/16/2023,Masters 1000,Outdoor,Clay,4th Round,3,Sinner J.,Cerundolo F.,Cerundolo F.,8,31,3525,1200,1.13,6,7-6 2-6 2-6
Internazionali BNL d'Italia,5/16/2023,Masters 1000,Outdoor,Clay,4th Round,3,Hanfmann Y.,Rublev A.,Hanfmann Y.,101,6,602,4190,3.4,1.33,7-6 4-6 6-3
Internazionali BNL d'Italia,5/16/2023,Masters 1000,Outdoor,Clay,4th Round,3,Zverev A.,Medvedev D.,Medvedev D.,22,3,1630,5330,2.2,1.67,2-6 6-7
Internazionali BNL d'Italia,5/16/2023,Masters 1000,Outdoor,Clay,4th Round,3,Coric B.,Marozsan F.,Coric B.,16,135,2240,441,1.44,2.75,3-6 6-4 6-3
Internazionali BNL d'Italia,5/16/2023,Masters 1000,Outdoor,Clay,4th Round,3,Musetti L.,Tsitsipas S.,Tsitsipas S.,19,5,1960,5015,3.2,1.36,5-7 5-7
Internazionali BNL d'Italia,5/17/2023,Masters 1000,Outdoor,Clay,Quarterfinals,3,Rune H.,Djokovic N.,Rune H.,7,1,3865,6775,3.4,1.33,6-2 4-6 6-2
Internazionali BNL d'Italia,5/17/2023,Masters 1000,Outdoor,Clay,Quarterfinals,3,Cerundolo F.,Ruud C.,Ruud C.,31,4,1200,5165,2.3,1.62,6-7 4-6
Internazionali BNL d'Italia,5/18/2023,Masters 1000,Outdoor,Clay,Quarterfinals,3,Medvedev D.,Hanfmann Y.,Medvedev D.,3,101,5330,602,1.4,3,6-2 6-2
Internazionali BNL d'Italia,5/18/2023,Masters 1000,Outdoor,Clay,Quarterfinals,3,Coric B.,Tsitsipas S.,Tsitsipas S.,16,5,2240,5015,3.75,1.29,3-6 4-6
Internazionali BNL d'Italia,5/20/2023,Masters 1000,Outdoor,Clay,Semifinals,3,Rune H.,Ruud C.,Rune H.,7,4,3865,5165,1.57,2.38,6-7 6-4 6-2
Internazionali BNL d'Italia,5/20/2023,Masters 1000,Outdoor,Clay,Semifinals,3,Tsitsipas S.,Medvedev D.,Medvedev D.,5,3,5015,5330,1.62,2.3,5-7 5-7
Internazionali BNL d'Italia,5/21/2023,Masters 1000,Outdoor,Clay,The Final,3,Medvedev D.,Rune H.,Medvedev D.,3,7,5330,3865,1.91,1.91,7-5 7-5
French Open,5/28/2023,Grand Slam,Outdoor,Clay,1st Round,5,Lestienne C.,Khachanov K.,Khachanov K.,70,11,769,2945,21,1.02,6-3 6-1 2-6 1-6 3-6
French Open,5/28/2023,Grand Slam,Outdoor,Clay,1st Round,5,Hurkacz H.,Goffin D.,Hurkacz H.,14,111,2525,570,1.36,3.2,6-3 5-7 6-4 2-6 6-4
French Open,5/28/2023,Grand Slam,Outdoor,Clay,1st Round,5,Cressy M.,Ofner S.,Ofner S.,44,118,975,534,3.5,1.3,4-6 6-7 2-6
French Open,5/28/2023,Grand Slam,Outdoor,Clay,1st Round,5,Griekspoor T.,Martinez P.,Griekspoor T.,39,135,1034,448,2.1,1.73,6-4 2-6 0-6 7-5 6-3
French Open,5/28/2023,Grand Slam,Outdoor,Clay,1st Round,5,Kypson P.,Albot R.,Albot R.,329,113,154,564,3.2,1.36,3-6 2-6 6-4 1-6
French Open,5/28/2023,Grand Slam,Outdoor,Clay,1st Round,5,Kokkinakis T.,Evans D.,Kokkinakis T.,108,25,587,1480,2,1.8,6-4 6-4 6-4
French Open,5/28/2023,Grand Slam,Outdoor,Clay,1st Round,5,Grenier H.,Fucsovics M.,Fucsovics M.,122,83,518,720,4.5,1.2,3-6 7-5 1-6 3-6
French Open,5/28/2023,Grand Slam,Outdoor,Clay,1st Round,5,Tsitsipas S.,Vesely J.,Tsitsipas S.,5,455,4775,92,1.02,19,7-5 6-3 4-6 7-6
French Open,5/28/2023,Grand Slam,Outdoor,Clay,1st Round,5,Diaz Acosta F.,Kubler J.,Kubler J.,137,69,441,777,1.62,2.3,6-1 3-6 4-6 6-3 1-6
French Open,5/28/2023,Grand Slam,Outdoor,Clay,1st Round,5,Borges N.,Isner J.,Borges N.,80,90,727,675,1.4,3,6-4 5-7 7-6 4-6 7-6
French Open,5/28/2023,Grand Slam,Outdoor,Clay,1st Round,5,Mcdonald M.,Korda S.,Korda S.,59,30,845,1265,2.63,1.5,4-6 5-7 4-6
French Open,5/28/2023,Grand Slam,Outdoor,Clay,1st Round,5,Arnaldi M.,Galan D.E.,Arnaldi M.,106,91,592,671,1.44,2.75,2-6 6-3 6-0 6-2
French Open,5/28/2023,Grand Slam,Outdoor,Clay,1st Round,5,Nava E.,Carballes Baena R.,Carballes Baena R.,242,57,238,850,4,1.25,6-7 3-6 2-6
French Open,5/28/2023,Grand Slam,Outdoor,Clay,1st Round,5,Musetti L.,Ymer M.,Musetti L.,18,56,2040,876,1.2,4.5,7-5 6-2 6-4
French Open,5/28/2023,Grand Slam,Outdoor,Clay,1st Round,5,Djere L.,Rublev A.,Rublev A.,60,7,845,4270,4.33,1.22,1-6 6-3 3-6 4-6
French Open,5/28/2023,Grand Slam,Outdoor,Clay,1st Round,5,Moutet C.,Cazaux A.,Moutet C.,61,190,823,321,1.8,2,6-1 6-3 4-6 6-4
French Open,5/28/2023,Grand Slam,Outdoor,Clay,1st Round,5,Shelton B.,Sonego L.,Sonego L.,36,48,1095,925,3,1.4,4-6 6-3 3-6 3-6
French Open,5/28/2023,Grand Slam,Outdoor,Clay,1st Round,5,Shevchenko A.,Otte O.,Shevchenko A.,87,120,703,521,1.4,3,7-5 4-6 6-1 7-6
French Open,5/28/2023,Grand Slam,Outdoor,Clay,1st Round,5,Mannarino A.,Humbert U.,Humbert U.,47,40,937,1026,4.33,1.22,3-6 3-6 1-6
French Open,5/28/2023,Grand Slam,Outdoor,Clay,1st Round,5,Pouille L.,Rodionov J.,Pouille L.,675,134,40,452,1.73,2.1,6-2 6-4 6-3
French Open,5/29/2023,Grand Slam,Outdoor,Clay,1st Round,5,Nakashima B.,Shapovalov D.,Shapovalov D.,45,32,957,1210,1.73,2.1,4-6 5-7 6-4 6-3 3-6
French Open,5/29/2023,Grand Slam,Outdoor,Clay,1st Round,5,Norrie C.,Paire B.,Norrie C.,13,149,2565,398,1.11,6.5,7-5 4-6 3-6 6-1 6-4
French Open,5/29/2023,Grand Slam,Outdoor,Clay,1st Round,5,Zapata Miralles B.,Schwartzman D.,Schwartzman D.,38,95,1051,660,1.73,2.1,6-1 7-6 2-6 0-6 4-6
French Open,5/29/2023,Grand Slam,Outdoor,Clay,1st Round,5,Varillas J.P.,Shang J.,Varillas J.P.,94,200,661,303,1.57,2.38,4-6 2-6 6-2 6-3 6-1
French Open,5/29/2023,Grand Slam,Outdoor,Clay,1st Round,5,Ivashka I.,De Minaur A.,De Minaur A.,73,19,741,1870,3.75,1.29,1-6 7-5 1-6 3-6
French Open,5/29/2023,Grand Slam,Outdoor,Clay,1st Round,5,Karatsev A.,Popyrin A.,Karatsev A.,62,85,818,707,1.67,2.2,6-3 6-7 6-1 6-2
French Open,5/29/2023,Grand Slam,Outdoor,Clay,1st Round,5,Wu Y.,Bautista Agut R.,Bautista Agut R.,54,24,884,1485,3,1.4,6-7 1-6 1-6
French Open,5/29/2023,Grand Slam,Outdoor,Clay,1st Round,5,Fognini F.,Auger-Aliassime F.,Fognini F.,130,10,468,3100,3.2,1.36,6-4 6-4 6-3
French Open,5/29/2023,Grand Slam,Outdoor,Clay,1st Round,5,Ramos-Vinolas A.,Wawrinka S.,Wawrinka S.,67,89,782,684,3.2,1.36,6-7 4-6 7-6 6-1 4-6
French Open,5/29/2023,Grand Slam,Outdoor,Clay,1st Round,5,Daniel T.,O Connell C.,Daniel T.,112,77,566,737,2.2,1.67,6-0 6-2 6-4
French Open,5/29/2023,Grand Slam,Outdoor,Clay,1st Round,5,Kovacevic A.,Djokovic N.,Djokovic N.,114,3,545,5955,29,1.01,3-6 2-6 6-7
French Open,5/29/2023,Grand Slam,Outdoor,Clay,1st Round,5,Tirante T.A.,Van De Zandschulp B.,Tirante T.A.,153,31,390,1215,4.5,1.2,6-2 4-6 6-3 6-4
French Open,5/29/2023,Grand Slam,Outdoor,Clay,1st Round,5,Coria F.,Coric B.,Coric B.,96,16,656,2410,6,1.13,6-7 7-6 3-6 3-6
French Open,5/29/2023,Grand Slam,Outdoor,Clay,1st Round,5,Cachin P.,Thiem D.,Cachin P.,64,92,803,666,2.2,1.67,6-3 6-2 6-7 4-6 6-2
French Open,5/29/2023,Grand Slam,Outdoor,Clay,1st Round,5,Medjedovic H.,Giron M.,Giron M.,168,75,353,740,1.73,2.1,0-6 2-6 6-1 0-6
French Open,5/29/2023,Grand Slam,Outdoor,Clay,1st Round,5,Lehecka J.,Struff J.L.,Lehecka J.,41,28,994,1447,2.3,1.62,7-5 1-6 6-3 3-6 6-1
French Open,5/29/2023,Grand Slam,Outdoor,Clay,1st Round,5,Fils A.,Davidovich Fokina A.,Davidovich Fokina A.,63,34,807,1115,3.2,1.36,1-6 6-4 3-6 3-6
French Open,5/29/2023,Grand Slam,Outdoor,Clay,1st Round,5,Alcaraz C.,Cobolli F.,Alcaraz C.,1,159,6815,378,1.02,21,6-0 6-2 7-5
French Open,5/29/2023,Grand Slam,Outdoor,Clay,1st Round,5,Huesler M.A.,Altmaier D.,Altmaier D.,84,79,719,733,3.2,1.36,3-6 4-6 4-6
French Open,5/29/2023,Grand Slam,Outdoor,Clay,1st Round,5,Tiafoe F.,Krajinovic F.,Tiafoe F.,12,93,2790,661,1.2,4.5,6-3 6-4 6-2
French Open,5/29/2023,Grand Slam,Outdoor,Clay,1st Round,5,Cecchinato M.,Van Assche L.,Van Assche L.,72,82,742,725,2,1.8,1-6 1-6 3-6
French Open,5/29/2023,Grand Slam,Outdoor,Clay,1st Round,5,Sinner J.,Muller A.,Sinner J.,9,101,3435,639,1.03,15,6-1 6-4 6-1
French Open,5/30/2023,Grand Slam,Outdoor,Clay,1st Round,5,Stricker D.,Paul T.,Paul T.,116,17,541,2170,3.4,1.33,3-6 2-6 4-6
French Open,5/30/2023,Grand Slam,Outdoor,Clay,1st Round,5,Jarry N.,Dellien H.,Jarry N.,35,160,1112,375,1.2,4.5,6-4 6-4 6-2
French Open,5/30/2023,Grand Slam,Outdoor,Clay,1st Round,5,Ymer E.,Ruud C.,Ruud C.,155,4,384,4960,10,1.06,4-6 3-6 2-6
French Open,5/30/2023,Grand Slam,Outdoor,Clay,1st Round,5,Nishioka Y.,Wolf J.J.,Nishioka Y.,33,50,1181,915,2,1.8,1-6 3-6 6-4 6-3 6-3
French Open,5/30/2023,Grand Slam,Outdoor,Clay,1st Round,5,Mpetshi G.,Olivieri G.,Olivieri G.,237,231,245,257,2.2,1.67,6-7 6-4 6-4 5-7 1-6
French Open,5/30/2023,Grand Slam,Outdoor,Clay,1st Round,5,Vavassori A.,Kecmanovic M.,Vavassori A.,148,37,410,1065,3,1.4,5-7 2-6 7-6 7-6 7-6
French Open,5/30/2023,Grand Slam,Outdoor,Clay,1st Round,5,Thompson J.,Purcell M.,Purcell M.,76,68,737,781,1.73,2.1,5-7 6-1 4-6 4-6
French Open,5/30/2023,Grand Slam,Outdoor,Clay,1st Round,5,Molcan A.,Gaston H.,Molcan A.,86,109,705,580,1.57,2.38,6-1 7-6 6-4
French Open,5/30/2023,Grand Slam,Outdoor,Clay,1st Round,5,Harris L.,Zverev A.,Zverev A.,294,27,177,1450,11,1.05,6-7 6-7 1-6
French Open,5/30/2023,Grand Slam,Outdoor,Clay,1st Round,5,Zeppieri G.,Bublik A.,Zeppieri G.,129,51,478,915,1.73,2.1,6-0 4-6 4-6 6-3 7-5
French Open,5/30/2023,Grand Slam,Outdoor,Clay,1st Round,5,Medvedev D.,Seyboth Wild T.,Seyboth Wild T.,2,172,6330,349,1.05,11,6-7 7-6 6-2 3-6 4-6
French Open,5/30/2023,Grand Slam,Outdoor,Clay,1st Round,5,Ruusuvuori E.,Barrere G.,Ruusuvuori E.,46,58,956,850,1.53,2.5,6-2 6-7 5-7 6-1 6-4
French Open,5/30/2023,Grand Slam,Outdoor,Clay,1st Round,5,Munar J.,Cerundolo F.,Cerundolo F.,81,23,725,1485,3.5,1.3,1-6 6-2 6-7 1-6
French Open,5/30/2023,Grand Slam,Outdoor,Clay,1st Round,5,Rune H.,Eubanks C.,Rune H.,6,74,4375,740,1.02,19,6-4 3-6 7-6 6-2
French Open,5/30/2023,Grand Slam,Outdoor,Clay,1st Round,5,Halys Q.,Pella G.,Pella G.,88,423,686,105,1.36,3.2,4-6 7-6 6-2 6-7 6-7
French Open,5/30/2023,Grand Slam,Outdoor,Clay,1st Round,5,Rinderknech A.,Gasquet R.,Rinderknech A.,78,52,735,901,2.2,1.67,6-4 2-6 6-2 7-6
French Open,5/30/2023,Grand Slam,Outdoor,Clay,1st Round,5,Mmoh M.,Fritz T.,Fritz T.,123,8,517,3470,19,1.02,2-6 1-6 1-6
French Open,5/30/2023,Grand Slam,Outdoor,Clay,1st Round,5,Dimitrov G.,Skatov T.,Dimitrov G.,29,147,1275,412,1.1,7,6-0 6-3 6-2
French Open,5/30/2023,Grand Slam,Outdoor,Clay,1st Round,5,Monteiro T.,Hanfmann Y.,Hanfmann Y.,98,65,652,791,3.2,1.36,3-6 5-7 7-6 7-6 4-6
French Open,5/30/2023,Grand Slam,Outdoor,Clay,1st Round,5,Monfils G.,Baez S.,Monfils G.,394,42,117,990,3.4,1.33,3-6 6-3 7-5 1-6 7-5
French Open,5/31/2023,Grand Slam,Outdoor,Clay,2nd Round,5,Kubler J.,Fognini F.,Fognini F.,69,130,777,468,2.63,1.5,4-6 6-7 2-6
French Open,5/31/2023,Grand Slam,Outdoor,Clay,2nd Round,5,Ofner S.,Korda S.,Ofner S.,118,30,534,1265,2.5,1.53,6-3 7-6 6-4
French Open,5/31/2023,Grand Slam,Outdoor,Clay,2nd Round,5,Carballes Baena R.,Tsitsipas S.,Tsitsipas S.,57,5,850,4775,8,1.08,3-6 6-7 2-6
French Open,5/31/2023,Grand Slam,Outdoor,Clay,2nd Round,5,Sonego L.,Humbert U.,Sonego L.,48,40,925,1026,2.1,1.73,6-4 6-3 7-6
French Open,5/31/2023,Grand Slam,Outdoor,Clay,2nd Round,5,Wawrinka S.,Kokkinakis T.,Kokkinakis T.,89,108,684,587,1.8,2,6-3 5-7 3-6 7-6 3-6
French Open,5/31/2023,Grand Slam,Outdoor,Clay,2nd Round,5,Schwartzman D.,Borges N.,Schwartzman D.,95,80,660,727,1.73,2.1,7-6 6-4 6-3
French Open,5/31/2023,Grand Slam,Outdoor,Clay,2nd Round,5,Arnaldi M.,Shapovalov D.,Shapovalov D.,106,32,592,1210,1.73,2.1,2-6 6-3 3-6 3-6
French Open,5/31/2023,Grand Slam,Outdoor,Clay,2nd Round,5,Varillas J.P.,Bautista Agut R.,Varillas J.P.,94,24,661,1485,3,1.4,1-6 4-6 6-3 6-1 6-1
French Open,5/31/2023,Grand Slam,Outdoor,Clay,2nd Round,5,Daniel T.,Alcaraz C.,Alcaraz C.,112,1,566,6815,21,1.02,1-6 6-3 1-6 2-6
French Open,5/31/2023,Grand Slam,Outdoor,Clay,2nd Round,5,Khachanov K.,Albot R.,Khachanov K.,11,113,2945,564,1.17,5,6-3 6-4 6-2
French Open,5/31/2023,Grand Slam,Outdoor,Clay,2nd Round,5,Griekspoor T.,Hurkacz H.,Hurkacz H.,39,14,1034,2525,3,1.4,3-6 7-5 7-6 6-7 4-6
French Open,5/31/2023,Grand Slam,Outdoor,Clay,2nd Round,5,Davidovich Fokina A.,Van Assche L.,Davidovich Fokina A.,34,82,1115,725,1.36,3.2,6-4 6-3 7-6
French Open,5/31/2023,Grand Slam,Outdoor,Clay,2nd Round,5,Pouille L.,Norrie C.,Norrie C.,675,13,40,2565,4,1.25,1-6 3-6 3-6
French Open,5/31/2023,Grand Slam,Outdoor,Clay,2nd Round,5,Rublev A.,Moutet C.,Rublev A.,7,61,4270,823,1.07,9,6-4 6-2 3-6 6-3
French Open,5/31/2023,Grand Slam,Outdoor,Clay,2nd Round,5,Shevchenko A.,Musetti L.,Musetti L.,87,18,703,2040,3.75,1.29,1-6 1-6 2-6
French Open,5/31/2023,Grand Slam,Outdoor,Clay,2nd Round,5,Djokovic N.,Fucsovics M.,Djokovic N.,3,83,5955,720,1.05,11,7-6 6-0 6-3
French Open,6/1/2023,Grand Slam,Outdoor,Clay,2nd Round,5,Cachin P.,Coric B.,Coric B.,64,16,803,2410,3.2,1.36,3-6 6-4 6-4 3-6 4-6
French Open,6/1/2023,Grand Slam,Outdoor,Clay,2nd Round,5,Etcheverry T.,De Minaur A.,Etcheverry T.,49,19,920,1870,2,1.8,6-3 7-6 6-3
French Open,6/1/2023,Grand Slam,Outdoor,Clay,2nd Round,5,Zeppieri G.,Ruud C.,Ruud C.,129,4,478,4960,8,1.08,3-6 2-6 6-4 5-7
French Open,6/1/2023,Grand Slam,Outdoor,Clay,2nd Round,5,Altmaier D.,Sinner J.,Altmaier D.,79,9,733,3435,8,1.08,6-7 7-6 1-6 7-6 7-5
French Open,6/1/2023,Grand Slam,Outdoor,Clay,2nd Round,5,Purcell M.,Nishioka Y.,Nishioka Y.,68,33,781,1181,3.2,1.36,6-4 2-6 5-7 4-6
French Open,6/1/2023,Grand Slam,Outdoor,Clay,2nd Round,5,Dimitrov G.,Ruusuvuori E.,Dimitrov G.,29,46,1275,956,1.44,2.75,7-6 6-3 6-4
French Open,6/1/2023,Grand Slam,Outdoor,Clay,2nd Round,5,Pella G.,Seyboth Wild T.,Seyboth Wild T.,423,172,105,349,3.2,1.36,3-6 6-3 4-6 3-6
French Open,6/1/2023,Grand Slam,Outdoor,Clay,2nd Round,5,Zhang Zh.,Tirante T.A.,Zhang Zh.,71,153,752,390,1.57,2.38,7-6 6-3 6-4
French Open,6/1/2023,Grand Slam,Outdoor,Clay,2nd Round,5,Karatsev A.,Tiafoe F.,Tiafoe F.,62,12,818,2790,1.91,1.91,6-3 3-6 5-7 2-6
French Open,6/1/2023,Grand Slam,Outdoor,Clay,2nd Round,5,Olivieri G.,Vavassori A.,Olivieri G.,231,148,257,410,3.2,1.36,7-6 3-6 6-4 7-6
French Open,6/1/2023,Grand Slam,Outdoor,Clay,2nd Round,5,Paul T.,Jarry N.,Jarry N.,17,35,2170,1112,2.3,1.62,6-3 1-6 4-6 5-7
French Open,6/1/2023,Grand Slam,Outdoor,Clay,2nd Round,5,Giron M.,Lehecka J.,Giron M.,75,41,740,994,2.75,1.44,6-2 6-3 6-2
French Open,6/1/2023,Grand Slam,Outdoor,Clay,2nd Round,5,Hanfmann Y.,Cerundolo F.,Cerundolo F.,65,23,791,1485,2.75,1.44,3-6 3-6 4-6
French Open,6/1/2023,Grand Slam,Outdoor,Clay,2nd Round,5,Fritz T.,Rinderknech A.,Fritz T.,8,78,3470,735,1.11,6.5,2-6 6-4 6-3 6-4
French Open,6/1/2023,Grand Slam,Outdoor,Clay,2nd Round,5,Molcan A.,Zverev A.,Zverev A.,86,27,705,1450,4.33,1.22,4-6 2-6 1-6
French Open,6/2/2023,Grand Slam,Outdoor,Clay,3rd Round,5,Khachanov K.,Kokkinakis T.,Khachanov K.,11,108,2945,587,1.29,3.75,6-4 6-1 3-6 7-6
French Open,6/2/2023,Grand Slam,Outdoor,Clay,3rd Round,5,Rublev A.,Sonego L.,Sonego L.,7,48,4270,925,1.29,3.75,7-5 6-0 3-6 6-7 3-6
French Open,6/2/2023,Grand Slam,Outdoor,Clay,3rd Round,5,Ofner S.,Fognini F.,Ofner S.,118,130,534,468,2.2,1.67,5-7 6-3 7-5 1-6 6-4
French Open,6/2/2023,Grand Slam,Outdoor,Clay,3rd Round,5,Davidovich Fokina A.,Djokovic N.,Djokovic N.,34,3,1115,5955,6,1.13,6-7 6-7 2-6
French Open,6/2/2023,Grand Slam,Outdoor,Clay,3rd Round,5,Musetti L.,Norrie C.,Musetti L.,18,13,2040,2565,1.53,2.5,6-1 6-2 6-4
French Open,6/2/2023,Grand Slam,Outdoor,Clay,3rd Round,5,Schwartzman D.,Tsitsipas S.,Tsitsipas S.,95,5,660,4775,7,1.1,2-6 2-6 3-6
French Open,6/2/2023,Grand Slam,Outdoor,Clay,3rd Round,5,Varillas J.P.,Hurkacz H.,Varillas J.P.,94,14,661,2525,3,1.4,3-6 6-3 7-6 4-6 6-2
French Open,6/2/2023,Grand Slam,Outdoor,Clay,3rd Round,5,Shapovalov D.,Alcaraz C.,Alcaraz C.,32,1,1210,6815,13,1.04,1-6 4-6 2-6
French Open,6/3/2023,Grand Slam,Outdoor,Clay,3rd Round,5,Ruud C.,Zhang Zh.,Ruud C.,4,71,4960,752,1.13,6,4-6 6-4 6-1 6-4
French Open,6/3/2023,Grand Slam,Outdoor,Clay,3rd Round,5,Seyboth Wild T.,Nishioka Y.,Nishioka Y.,172,33,349,1181,1.5,2.63,6-3 6-7 6-2 4-6 0-6
French Open,6/3/2023,Grand Slam,Outdoor,Clay,3rd Round,5,Etcheverry T.,Coric B.,Etcheverry T.,49,16,920,2410,1.67,2.2,6-3 7-6 6-2
French Open,6/3/2023,Grand Slam,Outdoor,Clay,3rd Round,5,Giron M.,Jarry N.,Jarry N.,75,35,740,1112,3.4,1.33,2-6 3-6 7-6 3-6
French Open,6/3/2023,Grand Slam,Outdoor,Clay,3rd Round,5,Rune H.,Olivieri G.,Rune H.,6,231,4375,257,1.03,15,6-4 6-1 6-3
French Open,6/3/2023,Grand Slam,Outdoor,Clay,3rd Round,5,Fritz T.,Cerundolo F.,Cerundolo F.,8,23,3470,1485,1.73,2.1,6-3 3-6 4-6 5-7
French Open,6/3/2023,Grand Slam,Outdoor,Clay,3rd Round,5,Dimitrov G.,Altmaier D.,Dimitrov G.,29,79,1275,733,1.36,3.2,6-4 6-3 6-1
French Open,6/3/2023,Grand Slam,Outdoor,Clay,3rd Round,5,Tiafoe F.,Zverev A.,Zverev A.,12,27,2790,1450,3,1.4,6-3 6-7 1-6 6-7
French Open,6/4/2023,Grand Slam,Outdoor,Clay,4th Round,5,Khachanov K.,Sonego L.,Khachanov K.,11,48,2945,925,1.44,2.75,1-6 6-4 7-6 6-1
French Open,6/4/2023,Grand Slam,Outdoor,Clay,4th Round,5,Varillas J.P.,Djokovic N.,Djokovic N.,94,3,661,5955,15,1.03,3-6 2-6 2-6
French Open,6/4/2023,Grand Slam,Outdoor,Clay,4th Round,5,Alcaraz C.,Musetti L.,Alcaraz C.,1,18,6815,2040,1.17,5,6-3 6-2 6-2
French Open,6/4/2023,Grand Slam,Outdoor,Clay,4th Round,5,Ofner S.,Tsitsipas S.,Tsitsipas S.,118,5,534,4775,10,1.06,5-7 3-6 0-6
French Open,6/5/2023,Grand Slam,Outdoor,Clay,4th Round,5,Ruud C.,Jarry N.,Ruud C.,4,35,4960,1112,1.44,2.75,7-6 7-5 7-5
French Open,6/5/2023,Grand Slam,Outdoor,Clay,4th Round,5,Cerundolo F.,Rune H.,Rune H.,23,6,1485,4375,3.4,1.33,6-7 6-3 4-6 6-1 6-7
French Open,6/5/2023,Grand Slam,Outdoor,Clay,4th Round,5,Zverev A.,Dimitrov G.,Zverev A.,27,29,1450,1275,1.44,2.75,6-1 6-4 6-3
French Open,6/5/2023,Grand Slam,Outdoor,Clay,4th Round,5,Nishioka Y.,Etcheverry T.,Etcheverry T.,33,49,1181,920,4.33,1.22,6-7 0-6 1-6
French Open,6/6/2023,Grand Slam,Outdoor,Clay,Quarterfinals,5,Djokovic N.,Khachanov K.,Djokovic N.,3,11,5955,2945,1.08,8,4-6 7-6 6-2 6-4
French Open,6/6/2023,Grand Slam,Outdoor,Clay,Quarterfinals,5,Tsitsipas S.,Alcaraz C.,Alcaraz C.,5,1,4775,6815,4.5,1.2,2-6 1-6 6-7
French Open,6/7/2023,Grand Slam,Outdoor,Clay,Quarterfinals,5,Zverev A.,Etcheverry T.,Zverev A.,27,49,1450,920,1.33,3.4,6-4 3-6 6-3 6-4
French Open,6/7/2023,Grand Slam,Outdoor,Clay,Quarterfinals,5,Rune H.,Ruud C.,Ruud C.,6,4,4375,4960,2.1,1.73,1-6 2-6 6-3 3-6
French Open,6/9/2023,Grand Slam,Outdoor,Clay,Semifinals,5,Djokovic N.,Alcaraz C.,Djokovic N.,3,1,5955,6815,2.63,1.5,6-3 5-7 6-1 6-1
French Open,6/9/2023,Grand Slam,Outdoor,Clay,Semifinals,5,Zverev A.,Ruud C.,Ruud C.,27,4,1450,4960,1.91,1.91,3-6 4-6 0-6
French Open,6/11/2023,Grand Slam,Outdoor,Clay,The Final,5,Djokovic N.,Ruud C.,Djokovic N.,3,4,5955,4960,1.2,4.8,7-6 6-3 7-5
Wimbledon,7/3/2023,Grand Slam,Outdoor,Grass,1st Round,5,Barrios M.,Baez S.,Barrios M.,133,46,456,955,2.1,1.73,7-6 3-6 6-3 7-6
Wimbledon,7/3/2023,Grand Slam,Outdoor,Grass,1st Round,5,Varillas J.P.,Musetti L.,Musetti L.,63,16,806,2210,10,1.06,3-6 1-6 5-7
Wimbledon,7/3/2023,Grand Slam,Outdoor,Grass,1st Round,5,Karatsev A.,Van Assche L.,Karatsev A.,50,75,888,758,1.73,2.1,6-7 6-4 6-2 6-4
Wimbledon,7/3/2023,Grand Slam,Outdoor,Grass,1st Round,5,Nakashima B.,Thompson J.,Thompson J.,55,70,855,769,1.91,1.91,6-2 6-2 4-6 6-7 3-6
Wimbledon,7/3/2023,Grand Slam,Outdoor,Grass,1st Round,5,Rublev A.,Purcell M.,Rublev A.,7,64,4255,796,1.06,10,6-3 7-5 6-4
Wimbledon,7/3/2023,Grand Slam,Outdoor,Grass,1st Round,5,Gojo B.,Marterer M.,Marterer M.,112,170,557,342,1.8,2,5-7 7-6 3-6 4-6
Wimbledon,7/3/2023,Grand Slam,Outdoor,Grass,1st Round,5,Hurkacz H.,Ramos-Vinolas A.,Hurkacz H.,18,76,2060,752,1.06,10,6-1 6-4 6-4
Wimbledon,7/3/2023,Grand Slam,Outdoor,Grass,1st Round,5,Cachin P.,Djokovic N.,Djokovic N.,68,2,772,7595,34,1.01,3-6 3-6 6-7
Wimbledon,7/3/2023,Grand Slam,Outdoor,Grass,1st Round,5,Mmoh M.,Auger-Aliassime F.,Mmoh M.,119,12,527,2760,6.5,1.11,7-6 6-7 7-6 6-4
Wimbledon,7/3/2023,Grand Slam,Outdoor,Grass,1st Round,5,Gasquet R.,Moutet C.,Moutet C.,51,71,875,768,1.57,2.38,3-6 5-7 5-7
Wimbledon,7/3/2023,Grand Slam,Outdoor,Grass,1st Round,5,Goffin D.,Marozsan F.,Goffin D.,123,96,503,626,1.44,2.75,6-2 5-7 6-2 6-0
Wimbledon,7/3/2023,Grand Slam,Outdoor,Grass,1st Round,5,Lestienne C.,Broady L.,Broady L.,74,142,761,422,2.63,1.5,1-6 3-6 5-7
Wimbledon,7/3/2023,Grand Slam,Outdoor,Grass,1st Round,5,Wolf J.J.,Couacaud E.,Wolf J.J.,48,158,924,363,1.22,4.33,7-5 6-3 7-6
Wimbledon,7/3/2023,Grand Slam,Outdoor,Grass,1st Round,5,Isner J.,Munar J.,Munar J.,103,109,595,570,1.36,3.2,6-4 3-6 4-6 4-6
Wimbledon,7/3/2023,Grand Slam,Outdoor,Grass,1st Round,5,Ruud C.,Lokoli L.,Ruud C.,4,199,4960,290,1.17,5,6-1 5-7 6-4 6-3
Wimbledon,7/3/2023,Grand Slam,Outdoor,Grass,1st Round,5,Lajovic D.,Choinski J.,Choinski J.,56,164,854,348,1.5,2.63,7-5 6-7 2-6 2-6
Wimbledon,7/3/2023,Grand Slam,Outdoor,Grass,1st Round,5,Ymer M.,Molcan A.,Ymer M.,59,83,831,721,1.44,2.75,6-3 6-3 6-4
Wimbledon,7/3/2023,Grand Slam,Outdoor,Grass,1st Round,5,Koepfer D.,Otte O.,Otte O.,86,233,681,251,2.3,1.62,5-7 3-6 6-7
Wimbledon,7/3/2023,Grand Slam,Outdoor,Grass,1st Round,5,Bublik A.,Mcdonald M.,Bublik A.,26,54,1354,855,1.44,2.75,6-7 6-4 6-4 6-4
Wimbledon,7/3/2023,Grand Slam,Outdoor,Grass,1st Round,5,Altmaier D.,Vukic A.,Vukic A.,66,87,778,679,2.75,1.44,3-6 6-7 6-3 5-7
Wimbledon,7/3/2023,Grand Slam,Outdoor,Grass,1st Round,5,Schwartzman D.,Kecmanovic M.,Schwartzman D.,98,41,615,1020,2.75,1.44,6-0 6-3 6-4
Wimbledon,7/3/2023,Grand Slam,Outdoor,Grass,1st Round,5,Ruusuvuori E.,Wawrinka S.,Wawrinka S.,47,88,936,674,1.4,3,5-7 5-7 4-6
Wimbledon,7/3/2023,Grand Slam,Outdoor,Grass,1st Round,5,Galan D.E.,Nishioka Y.,Galan D.E.,85,27,693,1351,2.1,1.73,6-4 6-3 6-3
Wimbledon,7/3/2023,Grand Slam,Outdoor,Grass,1st Round,5,Cerundolo J.M.,Sinner J.,Sinner J.,111,8,560,3345,19,1.02,2-6 2-6 2-6
Wimbledon,7/4/2023,Grand Slam,Outdoor,Grass,1st Round,5,Alcaraz C.,Chardy J.,Alcaraz C.,1,542,7675,65,1.01,29,6-0 6-2 7-5
Wimbledon,7/4/2023,Grand Slam,Outdoor,Grass,1st Round,5,Peniston R.,Murray A.,Murray A.,268,40,207,1030,7,1.1,3-6 0-6 1-6
Wimbledon,7/4/2023,Grand Slam,Outdoor,Grass,1st Round,5,Norrie C.,Machac T.,Norrie C.,13,108,2610,573,1.22,4.33,6-3 4-6 6-1 6-4
Wimbledon,7/4/2023,Grand Slam,Outdoor,Grass,1st Round,5,Evans D.,Halys Q.,Halys Q.,30,79,1321,741,1.8,2,2-6 3-6 7-6 4-6
Wimbledon,7/4/2023,Grand Slam,Outdoor,Grass,1st Round,5,Etcheverry T.,Zapata Miralles B.,Etcheverry T.,32,53,1201,856,1.44,2.75,6-7 5-7 6-3 6-4 7-5
Wimbledon,7/5/2023,Grand Slam,Outdoor,Grass,1st Round,5,Popyrin A.,Stricker D.,Stricker D.,93,117,645,535,2.3,1.62,6-3 3-6 2-6 6-4 5-7
Wimbledon,7/5/2023,Grand Slam,Outdoor,Grass,1st Round,5,Cerundolo F.,Borges N.,Cerundolo F.,19,69,1860,770,1.22,4.33,5-7 6-3 6-3 6-4
Wimbledon,7/5/2023,Grand Slam,Outdoor,Grass,1st Round,5,Novak D.,Raonic M.,Raonic M.,159,849,362,20,1.91,1.91,7-6 4-6 6-7 1-6
Wimbledon,7/5/2023,Grand Slam,Outdoor,Grass,1st Round,5,Lehecka J.,Ofner S.,Lehecka J.,37,72,1083,768,1.57,2.38,6-4 6-4 6-4
Wimbledon,7/5/2023,Grand Slam,Outdoor,Grass,1st Round,5,Wu Y.,Tiafoe F.,Tiafoe F.,62,10,814,3085,5.5,1.14,6-7 3-6 4-6
Wimbledon,7/5/2023,Grand Slam,Outdoor,Grass,1st Round,5,Dimitrov G.,Shimabukuro S.,Dimitrov G.,24,162,1430,357,1.05,11,6-1 6-2 6-1
Wimbledon,7/5/2023,Grand Slam,Outdoor,Grass,1st Round,5,Harris L.,Barrere G.,Barrere G.,208,49,279,889,1.73,2.1,5-7 7-6 5-7 3-6
Wimbledon,7/5/2023,Grand Slam,Outdoor,Grass,1st Round,5,Medvedev D.,Fery A.,Medvedev D.,3,391,5890,118,1.01,29,7-5 6-4 6-3
Wimbledon,7/5/2023,Grand Slam,Outdoor,Grass,1st Round,5,Coric B.,Pella G.,Pella G.,14,308,2305,170,1.36,3.2,3-6 5-7 6-4 6-3 1-6
Wimbledon,7/5/2023,Grand Slam,Outdoor,Grass,1st Round,5,Muller A.,Rinderknech A.,Muller A.,84,82,711,722,4.33,1.22,7-6 1-6 6-3 6-4
Wimbledon,7/5/2023,Grand Slam,Outdoor,Grass,1st Round,5,Bautista Agut R.,Safiullin R.,Safiullin R.,23,92,1480,663,1.3,3.5,6-2 6-7 7-6 4-6 5-7
Wimbledon,7/5/2023,Grand Slam,Outdoor,Grass,1st Round,5,Mayot H.,Bonzi B.,Mayot H.,181,94,321,638,1.62,2.3,6-3 6-4 7-5
Wimbledon,7/5/2023,Grand Slam,Outdoor,Grass,1st Round,5,Mochizuki S.,Paul T.,Paul T.,212,15,276,2250,6.5,1.11,5-7 3-6 1-6
Wimbledon,7/5/2023,Grand Slam,Outdoor,Grass,1st Round,5,Fritz T.,Hanfmann Y.,Fritz T.,9,45,3310,962,1.22,4.33,6-4 2-6 4-6 7-5 6-3
Wimbledon,7/5/2023,Grand Slam,Outdoor,Grass,1st Round,5,Albot R.,Shapovalov D.,Shapovalov D.,107,29,580,1335,4.5,1.2,7-5 4-6 2-6 2-6
Wimbledon,7/5/2023,Grand Slam,Outdoor,Grass,1st Round,5,Tsitsipas S.,Thiem D.,Tsitsipas S.,5,91,4670,666,1.17,5,3-6 7-6 6-2 6-7 7-6
Wimbledon,7/5/2023,Grand Slam,Outdoor,Grass,1st Round,5,Loffhagen G.,Rune H.,Rune H.,371,6,130,4510,11,1.05,6-7 3-6 2-6
Wimbledon,7/5/2023,Grand Slam,Outdoor,Grass,1st Round,5,Vesely J.,Korda S.,Vesely J.,528,25,67,1355,7,1.1,7-6 4-6 6-2 6-3
Wimbledon,7/5/2023,Grand Slam,Outdoor,Grass,1st Round,5,Monteiro T.,Eubanks C.,Eubanks C.,95,43,626,976,4,1.25,6-4 5-7 5-7 3-6
Wimbledon,7/5/2023,Grand Slam,Outdoor,Grass,1st Round,5,Giron M.,Dellien H.,Giron M.,65,171,795,340,1.03,15,7-6 6-4 6-4
Wimbledon,7/5/2023,Grand Slam,Outdoor,Grass,1st Round,5,Coria F.,Ivashka I.,Ivashka I.,104,102,592,607,8,1.08,6-4 4-6 3-6 0-6
Wimbledon,7/5/2023,Grand Slam,Outdoor,Grass,1st Round,5,Shelton B.,Daniel T.,Shelton B.,36,106,1094,584,1.36,3.2,6-4 6-3 3-6 4-6 6-3
Wimbledon,7/5/2023,Grand Slam,Outdoor,Grass,1st Round,5,Shevchenko A.,Mannarino A.,Mannarino A.,97,35,623,1112,4.5,1.2,3-6 3-6 2-6
Wimbledon,7/5/2023,Grand Slam,Outdoor,Grass,1st Round,5,Djere L.,Cressy M.,Djere L.,60,58,820,845,2.2,1.67,6-7 7-6 7-6 7-6
Wimbledon,7/5/2023,Grand Slam,Outdoor,Grass,1st Round,5,Griekspoor T.,Fucsovics M.,Fucsovics M.,31,67,1254,777,1.8,2,4-6 2-6 4-6
Wimbledon,7/6/2023,Grand Slam,Outdoor,Grass,1st Round,5,Davidovich Fokina A.,Fils A.,Davidovich Fokina A.,34,61,1115,816,1.67,2.2,7-6 6-1 6-2
Wimbledon,7/6/2023,Grand Slam,Outdoor,Grass,1st Round,5,Zhang Zh.,Van De Zandschulp B.,Van De Zandschulp B.,52,44,874,975,2.2,1.67,6-2 6-7 6-7 6-3 2-6
Wimbledon,7/6/2023,Grand Slam,Outdoor,Grass,1st Round,5,Carballes Baena R.,Arnaldi M.,Carballes Baena R.,57,80,850,737,2.75,1.44,6-7 6-3 6-4 6-4
Wimbledon,7/6/2023,Grand Slam,Outdoor,Grass,1st Round,5,Huesler M.A.,Watanuki Y.,Watanuki Y.,81,116,726,547,2,1.8,7-6 7-5 6-7 6-7 3-6
Wimbledon,7/6/2023,Grand Slam,Outdoor,Grass,1st Round,5,Zverev A.,Brouwer G.,Zverev A.,21,153,1630,383,1.07,9,6-4 7-6 7-6
Wimbledon,7/6/2023,Grand Slam,Outdoor,Grass,1st Round,5,Medjedovic H.,O Connell C.,O Connell C.,156,73,371,766,2.3,1.62,5-7 4-6 6-4 4-6
Wimbledon,7/6/2023,Grand Slam,Outdoor,Grass,1st Round,5,De Minaur A.,Coppejans K.,De Minaur A.,17,188,2115,309,1.03,17,6-7 6-3 6-3 7-6
Wimbledon,7/6/2023,Grand Slam,Outdoor,Grass,1st Round,5,Humbert U.,Kubler J.,Kubler J.,39,77,1042,742,1.62,2.3,4-6 6-4 2-6 6-3 3-6
Wimbledon,7/6/2023,Grand Slam,Outdoor,Grass,1st Round,5,Jarry N.,Cecchinato M.,Jarry N.,28,89,1336,673,1.05,11,4-6 6-2 6-4 6-1
Wimbledon,7/6/2023,Grand Slam,Outdoor,Grass,1st Round,5,Sonego L.,Berrettini M.,Berrettini M.,42,38,1015,1082,1.53,2.5,7-6 3-6 6-7 3-6
Wimbledon,7/5/2023,Grand Slam,Outdoor,Grass,2nd Round,5,Djokovic N.,Thompson J.,Djokovic N.,2,70,7595,769,1.03,15,6-3 7-6 7-5
Wimbledon,7/5/2023,Grand Slam,Outdoor,Grass,2nd Round,5,Schwartzman D.,Sinner J.,Sinner J.,98,8,615,3345,11,1.05,5-7 1-6 2-6
Wimbledon,7/6/2023,Grand Slam,Outdoor,Grass,2nd Round,5,Wawrinka S.,Etcheverry T.,Wawrinka S.,88,32,674,1201,1.5,2.63,6-3 4-6 6-4 6-2
Wimbledon,7/6/2023,Grand Slam,Outdoor,Grass,2nd Round,5,Vukic A.,Halys Q.,Halys Q.,87,79,679,741,2.2,1.67,3-6 1-6 4-6
Wimbledon,7/6/2023,Grand Slam,Outdoor,Grass,2nd Round,5,Musetti L.,Munar J.,Musetti L.,16,109,2210,570,1.14,5.5,6-4 6-3 6-1
Wimbledon,7/6/2023,Grand Slam,Outdoor,Grass,2nd Round,5,Choinski J.,Hurkacz H.,Hurkacz H.,164,18,348,2060,9,1.07,4-6 4-6 6-7
Wimbledon,7/6/2023,Grand Slam,Outdoor,Grass,2nd Round,5,Marterer M.,Mmoh M.,Marterer M.,170,119,342,527,1.8,2,7-5 7-6 6-4
Wimbledon,7/6/2023,Grand Slam,Outdoor,Grass,2nd Round,5,Wolf J.J.,Bublik A.,Bublik A.,48,26,924,1354,2.75,1.44,3-6 6-7 0-6
Wimbledon,7/6/2023,Grand Slam,Outdoor,Grass,2nd Round,5,Shapovalov D.,Barrere G.,Shapovalov D.,29,49,1335,889,1.57,2.38,6-3 6-4 7-6
Wimbledon,7/6/2023,Grand Slam,Outdoor,Grass,2nd Round,5,Karatsev A.,Rublev A.,Rublev A.,50,7,888,4255,4.5,1.2,7-6 3-6 4-6 5-7
Wimbledon,7/6/2023,Grand Slam,Outdoor,Grass,2nd Round,5,Broady L.,Ruud C.,Broady L.,142,4,422,4960,4.5,1.2,6-4 3-6 4-6 6-3 6-0
Wimbledon,7/6/2023,Grand Slam,Outdoor,Grass,2nd Round,5,Otte O.,Galan D.E.,Galan D.E.,233,85,251,693,1.44,2.75,3-6 6-3 3-6 6-7
Wimbledon,7/6/2023,Grand Slam,Outdoor,Grass,2nd Round,5,Safiullin R.,Moutet C.,Safiullin R.,92,71,663,768,1.67,2.2,7-5 6-3 7-6
Wimbledon,7/6/2023,Grand Slam,Outdoor,Grass,2nd Round,5,Raonic M.,Paul T.,Paul T.,849,15,20,2250,2.75,1.44,4-6 6-7 7-6 4-6
Wimbledon,7/6/2023,Grand Slam,Outdoor,Grass,2nd Round,5,Goffin D.,Barrios M.,Goffin D.,123,133,503,456,1.36,3.2,7-6 5-7 6-2 6-0
Wimbledon,7/6/2023,Grand Slam,Outdoor,Grass,2nd Round,5,Cerundolo F.,Lehecka J.,Lehecka J.,19,37,1860,1083,1.8,2,2-6 2-6 2-6
Wimbledon,7/6/2023,Grand Slam,Outdoor,Grass,2nd Round,5,Pella G.,Mayot H.,Pella G.,308,181,170,321,2.2,1.67,2-6 6-3 7-6 7-5
Wimbledon,7/6/2023,Grand Slam,Outdoor,Grass,2nd Round,5,Fritz T.,Ymer M.,Ymer M.,9,59,3310,831,1.2,4.5,6-3 6-2 3-6 4-6 2-6
Wimbledon,7/6/2023,Grand Slam,Outdoor,Grass,2nd Round,5,Tiafoe F.,Stricker D.,Tiafoe F.,10,117,3085,535,1.2,4.5,7-6 6-4 6-2
Wimbledon,7/6/2023,Grand Slam,Outdoor,Grass,2nd Round,5,Shelton B.,Djere L.,Djere L.,36,60,1094,820,1.53,2.5,6-3 3-6 6-7 3-6
Wimbledon,7/6/2023,Grand Slam,Outdoor,Grass,2nd Round,5,Dimitrov G.,Ivashka I.,Dimitrov G.,24,102,1430,607,1.17,5,6-3 6-4 6-4
Wimbledon,7/7/2023,Grand Slam,Outdoor,Grass,2nd Round,5,Carballes Baena R.,Rune H.,Rune H.,57,6,850,4510,10,1.06,3-6 6-7 4-6
Wimbledon,7/7/2023,Grand Slam,Outdoor,Grass,2nd Round,5,O Connell C.,Vesely J.,O Connell C.,73,528,766,67,1.91,1.91,6-3 7-5 6-4
Wimbledon,7/7/2023,Grand Slam,Outdoor,Grass,2nd Round,5,De Minaur A.,Berrettini M.,Berrettini M.,17,38,2115,1082,1.57,2.38,3-6 4-6 4-6
Wimbledon,7/7/2023,Grand Slam,Outdoor,Grass,2nd Round,5,Fucsovics M.,Giron M.,Fucsovics M.,67,65,777,795,1.36,3.2,7-6 6-3 4-6 6-4
Wimbledon,7/7/2023,Grand Slam,Outdoor,Grass,2nd Round,5,Mannarino A.,Medvedev D.,Medvedev D.,35,3,1112,5890,4.33,1.22,3-6 3-6 6-7
Wimbledon,7/7/2023,Grand Slam,Outdoor,Grass,2nd Round,5,Davidovich Fokina A.,Van De Zandschulp B.,Davidovich Fokina A.,34,44,1115,975,1.53,2.5,6-1 2-6 6-4 6-3
Wimbledon,7/7/2023,Grand Slam,Outdoor,Grass,2nd Round,5,Watanuki Y.,Zverev A.,Zverev A.,116,21,547,1630,6,1.13,4-6 7-5 2-6 2-6
Wimbledon,7/7/2023,Grand Slam,Outdoor,Grass,2nd Round,5,Alcaraz C.,Muller A.,Alcaraz C.,1,84,7675,711,1.02,21,6-4 7-6 6-3
Wimbledon,7/7/2023,Grand Slam,Outdoor,Grass,2nd Round,5,Kubler J.,Jarry N.,Jarry N.,77,28,742,1336,2.38,1.57,5-7 7-5 3-6 4-6
Wimbledon,7/7/2023,Grand Slam,Outdoor,Grass,2nd Round,5,Eubanks C.,Norrie C.,Eubanks C.,43,13,976,2610,3.5,1.3,6-3 3-6 6-2 7-6
Wimbledon,7/7/2023,Grand Slam,Outdoor,Grass,2nd Round,5,Murray A.,Tsitsipas S.,Tsitsipas S.,40,5,1030,4670,1.73,2.1,6-7 7-6 6-4 6-7 4-6
Wimbledon,7/7/2023,Grand Slam,Outdoor,Grass,3rd Round,5,Hurkacz H.,Musetti L.,Hurkacz H.,18,16,2060,2210,1.62,2.3,7-6 6-4 6-4
Wimbledon,7/7/2023,Grand Slam,Outdoor,Grass,3rd Round,5,Halys Q.,Sinner J.,Sinner J.,79,8,741,3345,5.5,1.14,6-3 2-6 3-6 4-6
Wimbledon,7/7/2023,Grand Slam,Outdoor,Grass,3rd Round,5,Bublik A.,Marterer M.,Bublik A.,26,170,1354,342,1.14,5.5,6-4 6-1 7-6
Wimbledon,7/7/2023,Grand Slam,Outdoor,Grass,3rd Round,5,Ymer M.,Galan D.E.,Galan D.E.,59,85,831,693,1.4,3,2-6 7-6 6-7 6-3 1-6
Wimbledon,7/7/2023,Grand Slam,Outdoor,Grass,3rd Round,5,Shapovalov D.,Broady L.,Shapovalov D.,29,142,1335,422,1.29,3.75,4-6 6-2 7-5 7-5
Wimbledon,7/7/2023,Grand Slam,Outdoor,Grass,3rd Round,5,Pella G.,Safiullin R.,Safiullin R.,308,92,170,663,2.75,1.44,6-7 4-6 0-6
Wimbledon,7/7/2023,Grand Slam,Outdoor,Grass,3rd Round,5,Rublev A.,Goffin D.,Rublev A.,7,123,4255,503,1.2,4.5,6-3 6-7 7-6 6-2
Wimbledon,7/7/2023,Grand Slam,Outdoor,Grass,3rd Round,5,Wawrinka S.,Djokovic N.,Djokovic N.,88,2,674,7595,15,1.04,3-6 1-6 6-7
Wimbledon,7/8/2023,Grand Slam,Outdoor,Grass,3rd Round,5,Lehecka J.,Paul T.,Lehecka J.,37,15,1083,2250,2,1.8,6-2 7-6 6-7 6-7 6-2
Wimbledon,7/8/2023,Grand Slam,Outdoor,Grass,3rd Round,5,O Connell C.,Eubanks C.,Eubanks C.,73,43,766,976,2.5,1.53,6-7 6-7 6-7
Wimbledon,7/8/2023,Grand Slam,Outdoor,Grass,3rd Round,5,Medvedev D.,Fucsovics M.,Medvedev D.,3,67,5890,777,1.22,4.33,4-6 6-3 6-4 6-4
Wimbledon,7/8/2023,Grand Slam,Outdoor,Grass,3rd Round,5,Jarry N.,Alcaraz C.,Alcaraz C.,28,1,1336,7675,8,1.08,3-6 7-6 3-6 5-7
Wimbledon,7/8/2023,Grand Slam,Outdoor,Grass,3rd Round,5,Rune H.,Davidovich Fokina A.,Rune H.,6,34,4510,1115,1.4,3,6-3 4-6 3-6 6-4 7-6
Wimbledon,7/8/2023,Grand Slam,Outdoor,Grass,3rd Round,5,Djere L.,Tsitsipas S.,Tsitsipas S.,60,5,820,4670,4.5,1.2,4-6 6-7 4-6
Wimbledon,7/8/2023,Grand Slam,Outdoor,Grass,3rd Round,5,Berrettini M.,Zverev A.,Berrettini M.,38,21,1082,1630,2,1.8,6-3 7-6 7-6
Wimbledon,7/9/2023,Grand Slam,Outdoor,Grass,3rd Round,3,Tiafoe F.,Dimitrov G.,Dimitrov G.,10,24,3085,1430,1.8,2,2-6 3-6 2-6
Wimbledon,7/9/2023,Grand Slam,Outdoor,Grass,4th Round,5,Rublev A.,Bublik A.,Rublev A.,7,26,4255,1354,1.8,2,7-5 6-3 6-7 6-7 6-4
Wimbledon,7/9/2023,Grand Slam,Outdoor,Grass,4th Round,5,Shapovalov D.,Safiullin R.,Safiullin R.,29,92,1335,663,1.57,2.38,6-3 3-6 1-6 3-6
Wimbledon,7/9/2023,Grand Slam,Outdoor,Grass,4th Round,5,Sinner J.,Galan D.E.,Sinner J.,8,85,3345,693,1.04,13,7-6 6-4 6-3
Wimbledon,7/10/2023,Grand Slam,Outdoor,Grass,4th Round,5,Tsitsipas S.,Eubanks C.,Eubanks C.,5,43,4670,976,1.36,3.2,6-3 6-7 6-3 4-6 4-6
Wimbledon,7/10/2023,Grand Slam,Outdoor,Grass,4th Round,5,Djokovic N.,Hurkacz H.,Djokovic N.,2,18,7595,2060,1.05,11,7-6 7-6 5-7 6-4
Wimbledon,7/10/2023,Grand Slam,Outdoor,Grass,4th Round,5,Dimitrov G.,Rune H.,Rune H.,24,6,1430,4510,1.57,2.38,6-3 6-7 6-7 3-6
Wimbledon,7/10/2023,Grand Slam,Outdoor,Grass,4th Round,5,Alcaraz C.,Berrettini M.,Alcaraz C.,1,38,7675,1082,1.4,3,3-6 6-3 6-3 6-3
Wimbledon,7/11/2023,Grand Slam,Outdoor,Grass,Quarterfinals,5,Safiullin R.,Sinner J.,Sinner J.,92,8,663,3345,5.5,1.14,4-6 6-3 2-6 2-6
Wimbledon,7/11/2023,Grand Slam,Outdoor,Grass,Quarterfinals,5,Djokovic N.,Rublev A.,Djokovic N.,2,7,7595,4255,1.07,9,4-6 6-1 6-4 6-3
Wimbledon,7/12/2023,Grand Slam,Outdoor,Grass,Quarterfinals,5,Eubanks C.,Medvedev D.,Medvedev D.,43,3,976,5890,5,1.17,4-6 6-1 6-4 6-7 1-6
Wimbledon,7/12/2023,Grand Slam,Outdoor,Grass,Quarterfinals,5,Alcaraz C.,Rune H.,Alcaraz C.,1,6,7675,4510,1.22,4.33,7-6 6-4 6-4
Wimbledon,7/14/2023,Grand Slam,Outdoor,Grass,Semifinals,5,Sinner J.,Djokovic N.,Djokovic N.,8,2,3345,7595,4.5,1.2,3-6 4-6 6-7
Wimbledon,7/14/2023,Grand Slam,Outdoor,Grass,Semifinals,5,Alcaraz C.,Medvedev D.,Alcaraz C.,1,3,7675,5890,1.36,3.2,6-3 6-3 6-3
Wimbledon,7/16/2023,Grand Slam,Outdoor,Grass,The Final,5,Djokovic N.,Alcaraz C.,Alcaraz C.,2,1,7595,7675,1.53,2.63,6-1 6-7 1-6 6-3 4-6
Canadian Open,8/7/2023,Masters 1000,Outdoor,Hard,1st Round,3,Cerundolo F.,Galarneau A.,Cerundolo F.,22,192,1565,318,1.25,4,6-2 4-6 6-4
Canadian Open,8/7/2023,Masters 1000,Outdoor,Hard,1st Round,3,Nishioka Y.,Musetti L.,Musetti L.,45,19,1015,1950,2.38,1.57,4-6 1-6
Canadian Open,8/7/2023,Masters 1000,Outdoor,Hard,1st Round,3,Lehecka J.,Nakashima B.,Lehecka J.,36,74,1163,805,2,1.8,7-5 3-6 7-6
Canadian Open,8/7/2023,Masters 1000,Outdoor,Hard,1st Round,3,Wolf J.J.,Davidovich Fokina A.,Davidovich Fokina A.,43,37,1025,1140,1.73,2.1,0-6 2-6
Canadian Open,8/7/2023,Masters 1000,Outdoor,Hard,1st Round,3,Berrettini M.,Barrere G.,Berrettini M.,38,58,1112,884,1.3,3.5,6-4 6-3
Canadian Open,8/7/2023,Masters 1000,Outdoor,Hard,1st Round,3,Bublik A.,Hurkacz H.,Hurkacz H.,28,17,1384,2195,2.75,1.44,3-6 6-7
Canadian Open,8/7/2023,Masters 1000,Outdoor,Hard,1st Round,3,Kokkinakis T.,Zhang Zh.,Kokkinakis T.,86,63,696,851,1.44,2.75,7-5 6-4
Canadian Open,8/7/2023,Masters 1000,Outdoor,Hard,1st Round,3,Eubanks C.,Monfils G.,Monfils G.,29,276,1358,207,2.1,1.73,6-7 7-6 1-6
Canadian Open,8/7/2023,Masters 1000,Outdoor,Hard,1st Round,3,Daniel T.,Mannarino A.,Daniel T.,115,30,564,1336,2.3,1.62,7-6 6-4
Canadian Open,8/8/2023,Masters 1000,Outdoor,Hard,1st Round,3,Tiafoe F.,Raonic M.,Raonic M.,10,545,3085,65,1.36,3.2,7-6 6-7 3-6
Canadian Open,8/8/2023,Masters 1000,Outdoor,Hard,1st Round,3,Kecmanovic M.,Garin C.,Kecmanovic M.,44,101,1020,606,2.1,1.73,7-6 4-6 6-4
Canadian Open,8/8/2023,Masters 1000,Outdoor,Hard,1st Round,3,Schwartzman D.,Paul T.,Paul T.,98,14,615,2345,3.5,1.3,3-6 6-3 4-6
Canadian Open,8/8/2023,Masters 1000,Outdoor,Hard,1st Round,3,Arnaldi M.,Pospisil V.,Arnaldi M.,66,165,840,361,1.36,3.2,6-4 6-4
Canadian Open,8/8/2023,Masters 1000,Outdoor,Hard,1st Round,3,Ruusuvuori E.,Giron M.,Giron M.,54,70,901,830,1.57,2.38,6-7 6-7
Canadian Open,8/8/2023,Masters 1000,Outdoor,Hard,1st Round,3,Korda S.,Etcheverry T.,Korda S.,32,31,1275,1305,1.4,3,6-3 6-2
Canadian Open,8/8/2023,Masters 1000,Outdoor,Hard,1st Round,3,Sonego L.,Murray A.,Murray A.,39,40,1105,1075,2.5,1.53,6-7 0-6
Canadian Open,8/8/2023,Masters 1000,Outdoor,Hard,1st Round,3,Humbert U.,Jarry N.,Humbert U.,34,27,1233,1384,2,1.8,4-6 6-3 6-4
Canadian Open,8/8/2023,Masters 1000,Outdoor,Hard,1st Round,3,Karatsev A.,Mcdonald M.,Mcdonald M.,71,59,818,870,2.1,1.73,3-6 4-6
Canadian Open,8/8/2023,Masters 1000,Outdoor,Hard,1st Round,3,Zverev A.,Griekspoor T.,Zverev A.,16,26,2265,1439,1.3,3.5,6-4 7-6
Canadian Open,8/8/2023,Masters 1000,Outdoor,Hard,1st Round,3,Coric B.,Vukic A.,Vukic A.,15,62,2315,855,1.44,2.75,2-6 3-6
Canadian Open,8/8/2023,Masters 1000,Outdoor,Hard,1st Round,3,De Minaur A.,Norrie C.,De Minaur A.,18,13,2085,2505,1.73,2.1,7-5 6-4
Canadian Open,8/8/2023,Masters 1000,Outdoor,Hard,1st Round,3,Evans D.,Diallo G.,Diallo G.,21,141,1731,443,1.4,3,6-7 5-7
Canadian Open,8/9/2023,Masters 1000,Outdoor,Hard,1st Round,3,Purcell M.,Auger-Aliassime F.,Purcell M.,78,12,753,2680,3.4,1.33,6-4 6-4
Canadian Open,8/9/2023,Masters 1000,Outdoor,Hard,1st Round,3,Zapata Miralles B.,Shelton B.,Shelton B.,64,41,846,1065,3.75,1.29,6-7 4-6
Canadian Open,8/9/2023,Masters 1000,Outdoor,Hard,2nd Round,3,Ruud C.,Lehecka J.,Ruud C.,5,36,4985,1163,1.5,2.63,7-6 6-4
Canadian Open,8/9/2023,Masters 1000,Outdoor,Hard,2nd Round,3,Rublev A.,Mcdonald M.,Mcdonald M.,7,59,4595,870,1.25,4,4-6 3-6
Canadian Open,8/9/2023,Masters 1000,Outdoor,Hard,2nd Round,3,Fritz T.,Humbert U.,Fritz T.,9,34,3605,1233,1.3,3.5,7-6 3-6 6-3
Canadian Open,8/9/2023,Masters 1000,Outdoor,Hard,2nd Round,3,Daniel T.,Raonic M.,Raonic M.,115,545,564,65,2.38,1.57,4-6 3-6
Canadian Open,8/9/2023,Masters 1000,Outdoor,Hard,2nd Round,3,Hurkacz H.,Kecmanovic M.,Hurkacz H.,17,44,2195,1020,1.33,3.4,5-7 6-3 6-0
Canadian Open,8/9/2023,Masters 1000,Outdoor,Hard,2nd Round,3,Kokkinakis T.,Musetti L.,Musetti L.,86,19,696,1950,2.2,1.67,6-4 5-7 4-6
Canadian Open,8/9/2023,Masters 1000,Outdoor,Hard,2nd Round,3,Medvedev D.,Arnaldi M.,Medvedev D.,3,66,6360,840,1.13,6,6-2 7-5
Canadian Open,8/9/2023,Masters 1000,Outdoor,Hard,2nd Round,3,Tsitsipas S.,Monfils G.,Monfils G.,4,276,5090,207,1.29,3.75,4-6 3-6
Canadian Open,8/9/2023,Masters 1000,Outdoor,Hard,2nd Round,3,De Minaur A.,Diallo G.,De Minaur A.,18,141,2085,443,1.22,4.33,6-4 7-5
Canadian Open,8/9/2023,Masters 1000,Outdoor,Hard,2nd Round,3,Zverev A.,Davidovich Fokina A.,Davidovich Fokina A.,16,37,2265,1140,1.29,3.75,1-6 2-6
Canadian Open,8/9/2023,Masters 1000,Outdoor,Hard,2nd Round,3,Murray A.,Purcell M.,Murray A.,40,78,1075,753,1.3,3.5,7-6 3-6 7-5
Canadian Open,8/9/2023,Masters 1000,Outdoor,Hard,2nd Round,3,Berrettini M.,Sinner J.,Sinner J.,38,8,1112,3815,2.75,1.44,4-6 3-6
Canadian Open,8/10/2023,Masters 1000,Outdoor,Hard,2nd Round,3,Alcaraz C.,Shelton B.,Alcaraz C.,1,41,9225,1065,1.07,9,6-3 7-6
Canadian Open,8/10/2023,Masters 1000,Outdoor,Hard,2nd Round,3,Cerundolo F.,Paul T.,Paul T.,22,14,1565,2345,2.5,1.53,6-7 7-6 3-6
Canadian Open,8/10/2023,Masters 1000,Outdoor,Hard,2nd Round,3,Vukic A.,Korda S.,Vukic A.,62,32,855,1275,3.2,1.36,6-3 4-6 7-6
Canadian Open,8/10/2023,Masters 1000,Outdoor,Hard,2nd Round,3,Rune H.,Giron M.,Giron M.,6,70,4825,830,1.3,3.5,2-6 6-4 3-6
Canadian Open,8/10/2023,Masters 1000,Outdoor,Hard,3rd Round,3,Davidovich Fokina A.,Ruud C.,Davidovich Fokina A.,37,5,1140,4985,2.1,1.73,7-6 4-6 7-6
Canadian Open,8/10/2023,Masters 1000,Outdoor,Hard,3rd Round,3,Raonic M.,Mcdonald M.,Mcdonald M.,545,59,65,870,1.91,1.91,3-6 3-6
Canadian Open,8/10/2023,Masters 1000,Outdoor,Hard,3rd Round,3,Medvedev D.,Musetti L.,Medvedev D.,3,19,6360,1950,1.17,5,6-4 6-4
Canadian Open,8/10/2023,Masters 1000,Outdoor,Hard,3rd Round,3,Fritz T.,De Minaur A.,De Minaur A.,9,18,3605,2085,1.73,2.1,6-7 6-4 1-6
Canadian Open,8/11/2023,Masters 1000,Outdoor,Hard,3rd Round,3,Monfils G.,Vukic A.,Monfils G.,276,62,207,855,1.57,2.38,6-4 6-4
Canadian Open,8/11/2023,Masters 1000,Outdoor,Hard,3rd Round,3,Hurkacz H.,Alcaraz C.,Alcaraz C.,17,1,2195,9225,5,1.17,6-3 6-7 6-7
Canadian Open,8/11/2023,Masters 1000,Outdoor,Hard,3rd Round,3,Paul T.,Giron M.,Paul T.,14,70,2345,830,1.5,2.63,6-3 6-2
Canadian Open,8/11/2023,Masters 1000,Outdoor,Hard,Quarterfinals,3,Mcdonald M.,Davidovich Fokina A.,Davidovich Fokina A.,59,37,870,1140,2.2,1.67,4-6 2-6
Canadian Open,8/11/2023,Masters 1000,Outdoor,Hard,Quarterfinals,3,De Minaur A.,Medvedev D.,De Minaur A.,18,3,2085,6360,3.5,1.3,7-6 7-5
Canadian Open,8/12/2023,Masters 1000,Outdoor,Hard,Quarterfinals,3,Alcaraz C.,Paul T.,Paul T.,1,14,9225,2345,1.17,5,3-6 6-4 3-6
Canadian Open,8/12/2023,Masters 1000,Outdoor,Hard,Quarterfinals,3,Sinner J.,Monfils G.,Sinner J.,8,276,3815,207,1.22,4.33,6-4 4-6 6-3
Canadian Open,8/12/2023,Masters 1000,Outdoor,Hard,Semifinals,3,Davidovich Fokina A.,De Minaur A.,De Minaur A.,37,18,1140,2085,2.1,1.73,1-6 3-6
Canadian Open,8/13/2023,Masters 1000,Outdoor,Hard,Semifinals,3,Sinner J.,Paul T.,Sinner J.,8,14,3815,2345,1.4,3,6-4 6-4
Canadian Open,8/13/2023,Masters 1000,Outdoor,Hard,The Final,3,De Minaur A.,Sinner J.,Sinner J.,18,8,2085,3815,3,1.4,4-6 1-6
Western & Southern Financial Group Masters,8/13/2023,Masters 1000,Outdoor,Hard,1st Round,3,Shelton B.,Eubanks C.,Shelton B.,40,29,1060,1348,1.73,2.1,5-7 6-4 6-4
Western & Southern Financial Group Masters,8/13/2023,Masters 1000,Outdoor,Hard,1st Round,3,Gasquet R.,Mannarino A.,Mannarino A.,53,32,915,1276,2.38,1.57,4-6 3-6
Western & Southern Financial Group Masters,8/13/2023,Masters 1000,Outdoor,Hard,1st Round,3,Nishioka Y.,Barrere G.,Nishioka Y.,45,57,980,874,1.67,2.2,6-4 7-5
Western & Southern Financial Group Masters,8/14/2023,Masters 1000,Outdoor,Hard,1st Round,3,Griekspoor T.,Tiafoe F.,Tiafoe F.,25,10,1439,3050,2.63,1.5,4-6 7-6 4-6
Western & Southern Financial Group Masters,8/14/2023,Masters 1000,Outdoor,Hard,1st Round,3,Auger-Aliassime F.,Berrettini M.,Auger-Aliassime F.,14,38,2510,1147,2.75,1.44,4-6 6-2 6-3
Western & Southern Financial Group Masters,8/14/2023,Masters 1000,Outdoor,Hard,1st Round,3,Safiullin R.,Jarry N.,Jarry N.,63,26,847,1394,2.1,1.73,6-4 3-6 3-6
Western & Southern Financial Group Masters,8/14/2023,Masters 1000,Outdoor,Hard,1st Round,3,Ruusuvuori E.,Moutet C.,Ruusuvuori E.,60,77,866,766,1.44,2.75,6-4 6-2
Western & Southern Financial Group Masters,8/14/2023,Masters 1000,Outdoor,Hard,1st Round,3,Cerundolo F.,Lajovic D.,Lajovic D.,21,66,1600,839,1.44,2.75,3-6 4-6
Western & Southern Financial Group Masters,8/14/2023,Masters 1000,Outdoor,Hard,1st Round,3,Thompson J.,Isner J.,Thompson J.,55,106,897,580,1.67,2.2,7-6 7-6
Western & Southern Financial Group Masters,8/15/2023,Masters 1000,Outdoor,Hard,1st Round,3,Fils A.,Humbert U.,Humbert U.,46,33,976,1258,2.2,1.67,4-6 6-3 2-6
Western & Southern Financial Group Masters,8/15/2023,Masters 1000,Outdoor,Hard,1st Round,3,Paul T.,Kecmanovic M.,Paul T.,13,41,2525,1055,1.44,2.75,7-5 7-6
Western & Southern Financial Group Masters,8/15/2023,Masters 1000,Outdoor,Hard,1st Round,3,Lehecka J.,Fritz T.,Fritz T.,35,9,1198,3605,3.4,1.33,6-7 2-6
Western & Southern Financial Group Masters,8/15/2023,Masters 1000,Outdoor,Hard,1st Round,3,Popyrin A.,Altmaier D.,Popyrin A.,58,52,869,920,1.91,1.91,6-7 6-4 6-4
Western & Southern Financial Group Masters,8/15/2023,Masters 1000,Outdoor,Hard,1st Round,3,Korda S.,Coric B.,Coric B.,30,16,1320,2315,1.62,2.3,6-7 4-6
Western & Southern Financial Group Masters,8/15/2023,Masters 1000,Outdoor,Hard,1st Round,3,Wawrinka S.,Nakashima B.,Wawrinka S.,51,73,924,805,2.2,1.67,6-3 6-7 6-3
Western & Southern Financial Group Masters,8/15/2023,Masters 1000,Outdoor,Hard,1st Round,3,Dimitrov G.,Zverev A.,Zverev A.,19,17,1690,2310,2.2,1.67,2-6 2-6
Western & Southern Financial Group Masters,8/15/2023,Masters 1000,Outdoor,Hard,1st Round,3,Davidovich Fokina A.,Etcheverry T.,Davidovich Fokina A.,23,31,1490,1285,1.33,3.4,6-3 6-3
Western & Southern Financial Group Masters,8/15/2023,Masters 1000,Outdoor,Hard,1st Round,3,Evans D.,Musetti L.,Musetti L.,28,18,1381,1995,2.1,1.73,4-6 3-6
Western & Southern Financial Group Masters,8/15/2023,Masters 1000,Outdoor,Hard,1st Round,3,Monfils G.,Norrie C.,Monfils G.,211,15,297,2425,2.1,1.73,3-6 6-4 6-3
Western & Southern Financial Group Masters,8/15/2023,Masters 1000,Outdoor,Hard,1st Round,3,Shevchenko A.,Sonego L.,Sonego L.,88,39,670,1105,2.5,1.53,3-6 6-3 3-6
Western & Southern Financial Group Masters,8/15/2023,Masters 1000,Outdoor,Hard,1st Round,3,Hurkacz H.,Kokkinakis T.,Hurkacz H.,20,78,1685,766,1.44,2.75,7-6 3-6 7-6
Western & Southern Financial Group Masters,8/15/2023,Masters 1000,Outdoor,Hard,1st Round,3,Harris L.,Purcell M.,Purcell M.,182,70,337,816,1.8,2,4-6 4-6
Western & Southern Financial Group Masters,8/16/2023,Masters 1000,Outdoor,Hard,1st Round,3,De Minaur A.,Wolf J.J.,De Minaur A.,12,44,2595,1015,1.53,2.5,6-0 3-6 6-1
Western & Southern Financial Group Masters,8/16/2023,Masters 1000,Outdoor,Hard,1st Round,3,Hanfmann Y.,Mcdonald M.,Mcdonald M.,50,43,929,1040,2.75,1.44,5-7 1-6
Western & Southern Financial Group Masters,8/15/2023,Masters 1000,Outdoor,Hard,2nd Round,3,Ruusuvuori E.,Rublev A.,Ruusuvuori E.,60,8,866,4595,3.4,1.33,7-6 5-7 7-6
Western & Southern Financial Group Masters,8/16/2023,Masters 1000,Outdoor,Hard,2nd Round,3,Auger-Aliassime F.,Mannarino A.,Mannarino A.,14,32,2510,1276,1.53,2.5,4-6 4-6
Western & Southern Financial Group Masters,8/16/2023,Masters 1000,Outdoor,Hard,2nd Round,3,Alcaraz C.,Thompson J.,Alcaraz C.,1,55,9395,897,1.08,8,7-5 4-6 6-3
Western & Southern Financial Group Masters,8/16/2023,Masters 1000,Outdoor,Hard,2nd Round,3,Humbert U.,Paul T.,Paul T.,33,13,1258,2525,2.63,1.5,1-6 6-7
Western & Southern Financial Group Masters,8/16/2023,Masters 1000,Outdoor,Hard,2nd Round,3,Zverev A.,Nishioka Y.,Zverev A.,17,45,2310,980,1.14,5.5,7-5 6-4
Western & Southern Financial Group Masters,8/16/2023,Masters 1000,Outdoor,Hard,2nd Round,3,Musetti L.,Medvedev D.,Medvedev D.,18,3,1995,6530,4.33,1.22,3-6 2-6
Western & Southern Financial Group Masters,8/16/2023,Masters 1000,Outdoor,Hard,2nd Round,3,Lajovic D.,Sinner J.,Lajovic D.,66,6,839,4725,7,1.1,6-4 7-6
Western & Southern Financial Group Masters,8/16/2023,Masters 1000,Outdoor,Hard,2nd Round,3,Sonego L.,Fritz T.,Fritz T.,39,9,1105,3605,3.75,1.29,4-6 6-7
Western & Southern Financial Group Masters,8/16/2023,Masters 1000,Outdoor,Hard,2nd Round,3,Purcell M.,Ruud C.,Purcell M.,70,7,816,4715,3.4,1.33,6-4 3-6 6-4
Western & Southern Financial Group Masters,8/16/2023,Masters 1000,Outdoor,Hard,2nd Round,3,Coric B.,Hurkacz H.,Hurkacz H.,16,20,2315,1685,2.3,1.62,7-5 3-6 3-6
Western & Southern Financial Group Masters,8/16/2023,Masters 1000,Outdoor,Hard,2nd Round,3,Tsitsipas S.,Shelton B.,Tsitsipas S.,4,40,5090,1060,1.25,4,7-6 7-6
Western & Southern Financial Group Masters,8/16/2023,Masters 1000,Outdoor,Hard,2nd Round,3,De Minaur A.,Monfils G.,Monfils G.,12,211,2595,297,1.44,2.75,5-7 4-6
Western & Southern Financial Group Masters,8/17/2023,Masters 1000,Outdoor,Hard,2nd Round,3,Wawrinka S.,Tiafoe F.,Wawrinka S.,51,10,924,3050,2.63,1.5,6-3 6-4
Western & Southern Financial Group Masters,8/17/2023,Masters 1000,Outdoor,Hard,3rd Round,3,Ruusuvuori E.,Popyrin A.,Popyrin A.,60,58,866,869,1.53,2.5,2-6 6-1 3-6
Western & Southern Financial Group Masters,8/17/2023,Masters 1000,Outdoor,Hard,3rd Round,3,Zverev A.,Medvedev D.,Zverev A.,17,3,2310,6530,2.63,1.5,6-4 5-7 6-4
Western & Southern Financial Group Masters,8/17/2023,Masters 1000,Outdoor,Hard,3rd Round,3,Tsitsipas S.,Hurkacz H.,Hurkacz H.,4,20,5090,1685,1.5,2.63,3-6 4-6
Western & Southern Financial Group Masters,8/17/2023,Masters 1000,Outdoor,Hard,3rd Round,3,Alcaraz C.,Paul T.,Alcaraz C.,1,13,9395,2525,1.29,3.75,7-6 6-7 6-3
Western & Southern Financial Group Masters,8/17/2023,Masters 1000,Outdoor,Hard,3rd Round,3,Wawrinka S.,Purcell M.,Purcell M.,51,70,924,816,1.44,2.75,4-6 2-6
Western & Southern Financial Group Masters,8/18/2023,Masters 1000,Outdoor,Hard,3rd Round,3,Djokovic N.,Monfils G.,Djokovic N.,2,211,8795,297,1.13,6,6-3 6-2
Western & Southern Financial Group Masters,8/18/2023,Masters 1000,Outdoor,Hard,Quarterfinals,3,Popyrin A.,Hurkacz H.,Hurkacz H.,58,20,869,1685,3.75,1.29,1-6 6-7
Western & Southern Financial Group Masters,8/18/2023,Masters 1000,Outdoor,Hard,Quarterfinals,3,Alcaraz C.,Purcell M.,Alcaraz C.,1,70,9395,816,1.08,8,4-6 6-3 6-4
Western & Southern Financial Group Masters,8/19/2023,Masters 1000,Outdoor,Hard,Quarterfinals,3,Mannarino A.,Zverev A.,Zverev A.,32,17,1276,2310,4.33,1.22,2-6 3-6
Western & Southern Financial Group Masters,8/19/2023,Masters 1000,Outdoor,Hard,Quarterfinals,3,Djokovic N.,Fritz T.,Djokovic N.,2,9,8795,3605,1.22,4.33,6-0 6-4
Western & Southern Financial Group Masters,8/19/2023,Masters 1000,Outdoor,Hard,Semifinals,3,Hurkacz H.,Alcaraz C.,Alcaraz C.,20,1,1685,9395,3.5,1.3,6-2 6-7 3-6
Western & Southern Financial Group Masters,8/20/2023,Masters 1000,Outdoor,Hard,Semifinals,3,Djokovic N.,Zverev A.,Djokovic N.,2,17,8795,2310,1.29,3.75,7-6 7-5
Western & Southern Financial Group Masters,8/20/2023,Masters 1000,Outdoor,Hard,The Final,3,Alcaraz C.,Djokovic N.,Djokovic N.,1,2,9395,8795,2.3,1.62,7-5 6-7 6-7
US Open,8/28/2023,Grand Slam,Outdoor,Hard,1st Round,5,Cachin P.,Shelton B.,Shelton B.,66,47,822,1015,5,1.17,6-1 3-6 2-6 4-6
US Open,8/28/2023,Grand Slam,Outdoor,Hard,1st Round,5,Ofner S.,Borges N.,Ofner S.,58,79,868,754,1.67,2.2,7-6 3-6 7-6 6-4
US Open,8/28/2023,Grand Slam,Outdoor,Hard,1st Round,5,Wolf J.J.,Zhang Zh.,Zhang Zh.,45,67,1025,817,1.36,3.2,5-7 5-7 7-6 6-4 3-6
US Open,8/28/2023,Grand Slam,Outdoor,Hard,1st Round,5,Cerundolo J.M.,Ivashka I.,Cerundolo J.M.,93,103,630,571,3,1.4,2-6 6-7 6-3 6-3 6-3
US Open,8/28/2023,Grand Slam,Outdoor,Hard,1st Round,5,Gasquet R.,Marozsan F.,Marozsan F.,55,92,915,635,1.44,2.75,3-6 1-6 7-6 7-6 2-6
US Open,8/28/2023,Grand Slam,Outdoor,Hard,1st Round,5,Mannarino A.,Watanuki Y.,Mannarino A.,35,85,1206,686,1.5,2.63,7-5 6-7 6-3 7-5
US Open,8/28/2023,Grand Slam,Outdoor,Hard,1st Round,5,Bublik A.,Thiem D.,Thiem D.,27,81,1384,726,1.57,2.38,3-6 2-6 4-6
US Open,8/28/2023,Grand Slam,Outdoor,Hard,1st Round,5,Davidovich Fokina A.,Giron M.,Davidovich Fokina A.,21,62,1525,850,1.44,2.75,6-4 6-4 6-2
US Open,8/28/2023,Grand Slam,Outdoor,Hard,1st Round,5,Rune H.,Carballes Baena R.,Carballes Baena R.,4,63,4790,840,1.13,6,3-6 6-4 3-6 2-6
US Open,8/28/2023,Grand Slam,Outdoor,Hard,1st Round,5,Ruud C.,Nava E.,Ruud C.,5,154,4715,402,1.14,5.5,7-6 3-6 6-4 7-6
US Open,8/28/2023,Grand Slam,Outdoor,Hard,1st Round,5,Tien L.,Tiafoe F.,Tiafoe F.,700,10,39,3050,17,1.03,2-6 5-7 1-6
US Open,8/28/2023,Grand Slam,Outdoor,Hard,1st Round,5,Mensik J.,Barrere G.,Mensik J.,206,59,305,864,2.1,1.73,6-4 4-6 7-6 6-2
US Open,8/28/2023,Grand Slam,Outdoor,Hard,1st Round,5,Nakashima B.,Djere L.,Djere L.,68,38,815,1110,1.44,2.75,5-7 4-6 4-6
US Open,8/28/2023,Grand Slam,Outdoor,Hard,1st Round,5,Hijikata R.,Kotov P.,Hijikata R.,110,98,547,603,1.73,2.1,7-5 5-7 6-3 7-5
US Open,8/28/2023,Grand Slam,Outdoor,Hard,1st Round,5,Korda S.,Fucsovics M.,Fucsovics M.,31,57,1330,898,1.44,2.75,6-7 6-4 6-7 6-4 4-6
US Open,8/28/2023,Grand Slam,Outdoor,Hard,1st Round,5,Cerundolo F.,Svajda Z.,Cerundolo F.,20,234,1600,271,1.3,3.5,5-7 6-4 6-4 6-3
US Open,8/28/2023,Grand Slam,Outdoor,Hard,1st Round,5,Kecmanovic M.,Varillas J.P.,Varillas J.P.,46,74,1020,779,1.2,4.5,6-1 5-7 5-7 4-6
US Open,8/28/2023,Grand Slam,Outdoor,Hard,1st Round,5,Vesely J.,Couacaud E.,Vesely J.,437,180,104,340,2.5,1.53,5-7 6-3 6-2 3-6 6-4
US Open,8/28/2023,Grand Slam,Outdoor,Hard,1st Round,5,Musetti L.,Droguet T.,Droguet T.,18,171,2005,359,1.11,6.5,3-6 6-0 7-6 3-6 2-6
US Open,8/28/2023,Grand Slam,Outdoor,Hard,1st Round,5,Fritz T.,Johnson S.,Fritz T.,9,205,3605,305,1.04,13,6-2 6-1 6-2
US Open,8/28/2023,Grand Slam,Outdoor,Hard,1st Round,5,Quinn E.,Zapata Miralles B.,Zapata Miralles B.,475,76,90,776,3,1.4,4-6 4-6 3-6
US Open,8/28/2023,Grand Slam,Outdoor,Hard,1st Round,5,Karatsev A.,Lehecka J.,Karatsev A.,77,29,773,1338,2.63,1.5,6-3 6-3 6-3
US Open,8/28/2023,Grand Slam,Outdoor,Hard,1st Round,5,Travaglia S.,Paul T.,Paul T.,233,14,272,2570,10,1.06,2-6 3-6 6-4 1-6
US Open,8/28/2023,Grand Slam,Outdoor,Hard,1st Round,5,Eubanks C.,Kwon S.W.,Eubanks C.,30,104,1338,568,1.25,4,6-3 6-4 0-6 6-4
US Open,8/28/2023,Grand Slam,Outdoor,Hard,1st Round,5,Auger-Aliassime F.,Mcdonald M.,Mcdonald M.,15,40,2375,1085,1.67,2.2,6-7 6-4 1-6 4-6
US Open,8/28/2023,Grand Slam,Outdoor,Hard,1st Round,5,Safiullin R.,Cecchinato M.,Safiullin R.,60,109,857,549,1.07,9,6-4 6-2 6-0
US Open,8/28/2023,Grand Slam,Outdoor,Hard,1st Round,5,Halys Q.,Bonzi B.,Bonzi B.,70,108,805,555,1.57,2.38,7-5 4-6 4-6 4-6
US Open,8/28/2023,Grand Slam,Outdoor,Hard,1st Round,5,Stricker D.,Popyrin A.,Stricker D.,128,41,480,1065,2.38,1.57,6-3 6-4 3-6 6-3
US Open,8/28/2023,Grand Slam,Outdoor,Hard,1st Round,5,Shimabukuro S.,Gaston H.,Gaston H.,158,99,400,598,2,1.8,2-6 1-6 6-7
US Open,8/29/2023,Grand Slam,Outdoor,Hard,1st Round,5,Tsitsipas S.,Raonic M.,Tsitsipas S.,7,337,4580,155,1.29,3.75,6-2 6-3 6-4
US Open,8/29/2023,Grand Slam,Outdoor,Hard,1st Round,5,Dellien H.,Gojo B.,Gojo B.,147,105,422,559,6,1.13,3-6 3-6 1-6
US Open,8/29/2023,Grand Slam,Outdoor,Hard,1st Round,5,Djokovic N.,Muller A.,Djokovic N.,2,84,9795,697,1.01,29,6-0 6-2 6-3
US Open,8/29/2023,Grand Slam,Outdoor,Hard,1st Round,5,Humbert U.,Berrettini M.,Berrettini M.,33,36,1258,1147,2.38,1.57,4-6 2-6 2-6
US Open,8/29/2023,Grand Slam,Outdoor,Hard,1st Round,5,Meligeni Alves F.,Duckworth J.,Meligeni Alves F.,168,111,369,538,1.73,2.1,6-4 7-6 6-3
US Open,8/29/2023,Grand Slam,Outdoor,Hard,1st Round,5,Purcell M.,O Connell C.,O Connell C.,43,69,1048,811,1.44,2.75,4-6 3-6 6-3 6-7
US Open,8/29/2023,Grand Slam,Outdoor,Hard,1st Round,5,Fils A.,Griekspoor T.,Fils A.,48,24,1007,1446,2.38,1.57,4-6 6-3 5-7 6-4 7-5
US Open,8/29/2023,Grand Slam,Outdoor,Hard,1st Round,5,Van Assche L.,Jarry N.,Jarry N.,64,25,831,1439,2.75,1.44,3-6 6-3 2-6 6-7
US Open,8/29/2023,Grand Slam,Outdoor,Hard,1st Round,5,Rinderknech A.,Schwartzman D.,Rinderknech A.,73,114,781,531,2.3,1.62,6-3 6-4 6-2
US Open,8/29/2023,Grand Slam,Outdoor,Hard,1st Round,5,Vukic A.,Zverev A.,Zverev A.,50,12,953,2670,8,1.08,4-6 4-6 4-6
US Open,8/29/2023,Grand Slam,Outdoor,Hard,1st Round,5,Mmoh M.,Khachanov K.,Mmoh M.,89,11,644,2845,2.38,1.57,6-2 6-4 6-2
US Open,8/29/2023,Grand Slam,Outdoor,Hard,1st Round,5,Ramos-Vinolas A.,Michelsen A.,Michelsen A.,88,127,653,481,3.75,1.29,4-6 3-6 4-6
US Open,8/29/2023,Grand Slam,Outdoor,Hard,1st Round,5,Altmaier D.,Lestienne C.,Altmaier D.,53,101,936,582,1.8,2,6-7 6-3 6-1 6-2
US Open,8/29/2023,Grand Slam,Outdoor,Hard,1st Round,5,Shevchenko A.,Norrie C.,Norrie C.,83,16,699,2075,4.5,1.2,3-6 2-6 2-6
US Open,8/29/2023,Grand Slam,Outdoor,Hard,1st Round,5,Dimitrov G.,Molcan A.,Dimitrov G.,19,115,1690,530,1.17,5,6-7 6-7 6-1 7-5 7-6
US Open,8/29/2023,Grand Slam,Outdoor,Hard,1st Round,5,Kokkinakis T.,Hsu Y.,Hsu Y.,78,237,766,268,1.17,5,3-6 4-6 6-3 3-6
US Open,8/29/2023,Grand Slam,Outdoor,Hard,1st Round,5,Murray A.,Moutet C.,Murray A.,37,72,1120,801,1.25,4,6-2 7-5 6-3
US Open,8/29/2023,Grand Slam,Outdoor,Hard,1st Round,5,Coric B.,Baez S.,Baez S.,23,32,1450,1295,1.5,2.63,5-7 5-7 1-6
US Open,8/29/2023,Grand Slam,Outdoor,Hard,1st Round,5,Rublev A.,Cazaux A.,Rublev A.,8,119,4515,520,1.14,5.5,6-4 7-6 6-1
US Open,8/29/2023,Grand Slam,Outdoor,Hard,1st Round,5,Diaz Acosta F.,Isner J.,Isner J.,94,157,629,400,3,1.4,4-6 3-6 6-7
US Open,8/29/2023,Grand Slam,Outdoor,Hard,1st Round,5,Draper J.,Albot R.,Draper J.,123,102,491,576,1.25,4,6-1 6-4 6-3
US Open,8/29/2023,Grand Slam,Outdoor,Hard,1st Round,5,Skatov T.,De Minaur A.,De Minaur A.,129,13,477,2595,13,1.04,2-6 6-3 1-6 5-7
US Open,8/29/2023,Grand Slam,Outdoor,Hard,1st Round,5,Evans D.,Galan D.E.,Evans D.,28,71,1381,804,1.33,3.4,6-4 6-2 7-5
US Open,8/29/2023,Grand Slam,Outdoor,Hard,1st Round,5,Moreno De Alboran N.,Sonego L.,Sonego L.,131,39,470,1105,3.5,1.3,3-6 4-6 2-6
US Open,8/29/2023,Grand Slam,Outdoor,Hard,1st Round,5,Wu Y.,Lajovic D.,Wu Y.,86,52,683,938,1.8,2,3-6 6-4 2-6 6-4 6-2
US Open,8/29/2023,Grand Slam,Outdoor,Hard,1st Round,5,Nishioka Y.,Wawrinka S.,Wawrinka S.,44,49,1025,1004,2.75,1.44,6-7 2-6 4-6
US Open,8/29/2023,Grand Slam,Outdoor,Hard,1st Round,5,Hurkacz H.,Huesler M.A.,Hurkacz H.,17,97,2035,604,1.07,9,4-6 5-7 7-6 6-3 6-1
US Open,8/29/2023,Grand Slam,Outdoor,Hard,1st Round,5,Daniel T.,Monfils G.,Monfils G.,95,162,618,387,3.2,1.36,6-4 4-6 2-6 6-7
US Open,8/29/2023,Grand Slam,Outdoor,Hard,1st Round,5,Etcheverry T.,Virtanen O.,Etcheverry T.,34,133,1250,456,1.53,2.5,6-3 6-7 1-6 6-4 7-6
US Open,8/29/2023,Grand Slam,Outdoor,Hard,1st Round,5,Pella G.,Harris L.,Harris L.,203,177,305,347,3.2,1.36,6-7 4-6 4-6
US Open,8/30/2023,Grand Slam,Outdoor,Hard,1st Round,5,Sinner J.,Hanfmann Y.,Sinner J.,6,54,4645,929,1.03,17,6-3 6-1 6-1
US Open,8/30/2023,Grand Slam,Outdoor,Hard,2nd Round,5,Mcdonald M.,Gojo B.,Gojo B.,40,105,1085,559,1.44,2.75,3-6 4-6 4-6
US Open,8/30/2023,Grand Slam,Outdoor,Hard,2nd Round,5,Stricker D.,Tsitsipas S.,Stricker D.,128,7,480,4580,6,1.13,7-5 6-7 6-7 7-6 6-3
US Open,8/30/2023,Grand Slam,Outdoor,Hard,2nd Round,5,Gaston H.,Djere L.,Djere L.,99,38,598,1110,2.75,1.44,1-6 2-6 3-6
US Open,8/30/2023,Grand Slam,Outdoor,Hard,2nd Round,5,Karatsev A.,Carballes Baena R.,Karatsev A.,77,63,773,840,1.33,3.4,6-2 4-6 6-3 7-6
US Open,8/30/2023,Grand Slam,Outdoor,Hard,2nd Round,5,Eubanks C.,Bonzi B.,Bonzi B.,30,108,1338,555,1.5,2.63,6-7 6-2 2-6 6-7
US Open,8/30/2023,Grand Slam,Outdoor,Hard,2nd Round,5,Djokovic N.,Zapata Miralles B.,Djokovic N.,2,76,9795,776,1.01,34,6-4 6-1 6-1
US Open,8/30/2023,Grand Slam,Outdoor,Hard,2nd Round,5,Cerundolo F.,Vesely J.,Vesely J.,20,437,1600,104,1.2,4.5,6-7 2-6 6-3 6-2 6-7
US Open,8/30/2023,Grand Slam,Outdoor,Hard,2nd Round,5,Mannarino A.,Marozsan F.,Mannarino A.,35,92,1206,635,1.3,3.5,3-6 6-3 6-4 6-1
US Open,8/30/2023,Grand Slam,Outdoor,Hard,2nd Round,5,Fucsovics M.,Hijikata R.,Hijikata R.,57,110,898,547,1.33,3.4,1-6 2-6 1-6
US Open,8/30/2023,Grand Slam,Outdoor,Hard,2nd Round,5,Paul T.,Safiullin R.,Paul T.,14,60,2570,857,1.3,3.5,3-6 2-6 6-2 6-4 6-3
US Open,8/30/2023,Grand Slam,Outdoor,Hard,2nd Round,5,Cerundolo J.M.,Davidovich Fokina A.,Davidovich Fokina A.,93,21,630,1525,9,1.07,1-6 4-6 3-6
US Open,8/30/2023,Grand Slam,Outdoor,Hard,2nd Round,5,Mensik J.,Droguet T.,Mensik J.,206,171,305,359,1.67,2.2,3-6 6-2 7-6 6-3
US Open,8/30/2023,Grand Slam,Outdoor,Hard,2nd Round,5,Ruud C.,Zhang Zh.,Zhang Zh.,5,67,4715,817,1.2,4.5,4-6 7-5 2-6 6-0 2-6
US Open,8/31/2023,Grand Slam,Outdoor,Hard,2nd Round,5,Tiafoe F.,Ofner S.,Tiafoe F.,10,58,3050,868,1.17,5,6-3 6-1 6-4
US Open,8/31/2023,Grand Slam,Outdoor,Hard,2nd Round,5,Varillas J.P.,Fritz T.,Fritz T.,74,9,779,3605,15,1.03,1-6 2-6 2-6
US Open,8/31/2023,Grand Slam,Outdoor,Hard,2nd Round,5,Sinner J.,Sonego L.,Sinner J.,6,39,4645,1105,1.11,6.5,6-4 6-2 6-4
US Open,8/31/2023,Grand Slam,Outdoor,Hard,2nd Round,5,Isner J.,Mmoh M.,Mmoh M.,157,89,400,644,2,1.8,6-3 6-4 6-7 4-6 6-7
US Open,8/31/2023,Grand Slam,Outdoor,Hard,2nd Round,5,Draper J.,Hurkacz H.,Draper J.,123,17,491,2035,2.63,1.5,6-2 6-4 7-5
US Open,8/31/2023,Grand Slam,Outdoor,Hard,2nd Round,5,Altmaier D.,Zverev A.,Zverev A.,53,12,936,2670,10,1.06,6-7 6-3 4-6 3-6
US Open,8/31/2023,Grand Slam,Outdoor,Hard,2nd Round,5,Dimitrov G.,Murray A.,Dimitrov G.,19,37,1690,1120,1.8,2,6-3 6-4 6-1
US Open,8/31/2023,Grand Slam,Outdoor,Hard,2nd Round,5,Fils A.,Arnaldi M.,Arnaldi M.,48,61,1007,855,1.62,2.3,6-3 5-7 6-7 7-5 4-6
US Open,8/31/2023,Grand Slam,Outdoor,Hard,2nd Round,5,De Minaur A.,Wu Y.,De Minaur A.,13,86,2595,683,1.22,4.33,6-1 6-2 6-1
US Open,8/31/2023,Grand Slam,Outdoor,Hard,2nd Round,5,Etcheverry T.,Wawrinka S.,Wawrinka S.,34,49,1250,1004,3.5,1.3,6-7 7-6 3-6 2-6
US Open,8/31/2023,Grand Slam,Outdoor,Hard,2nd Round,5,Norrie C.,Hsu Y.,Norrie C.,16,237,2075,268,1.07,9,7-5 6-4 6-4
US Open,8/31/2023,Grand Slam,Outdoor,Hard,2nd Round,5,Michelsen A.,Jarry N.,Jarry N.,127,25,481,1439,2.3,1.62,6-4 3-6 3-6 3-6
US Open,8/31/2023,Grand Slam,Outdoor,Hard,2nd Round,5,Rublev A.,Monfils G.,Rublev A.,8,162,4515,387,1.4,3,6-4 6-3 3-6 6-1
US Open,8/31/2023,Grand Slam,Outdoor,Hard,2nd Round,5,Van De Zandschulp B.,Evans D.,Evans D.,65,28,825,1381,2.38,1.57,6-1 1-6 3-6 3-6
US Open,9/1/2023,Grand Slam,Outdoor,Hard,2nd Round,5,Alcaraz C.,Harris L.,Alcaraz C.,1,177,9815,347,1.03,15,6-3 6-1 7-6
US Open,9/1/2023,Grand Slam,Outdoor,Hard,2nd Round,5,O Connell C.,Medvedev D.,Medvedev D.,69,3,811,6260,15,1.03,2-6 2-6 7-6 2-6
US Open,9/1/2023,Grand Slam,Outdoor,Hard,3rd Round,5,Paul T.,Davidovich Fokina A.,Paul T.,14,21,2570,1525,1.67,2.2,6-1 6-0 3-6 6-3
US Open,9/1/2023,Grand Slam,Outdoor,Hard,3rd Round,5,Karatsev A.,Shelton B.,Shelton B.,77,47,773,1015,2.3,1.62,4-6 6-3 2-6 0-6
US Open,9/1/2023,Grand Slam,Outdoor,Hard,3rd Round,5,Tiafoe F.,Mannarino A.,Tiafoe F.,10,35,3050,1206,1.29,3.75,4-6 6-2 6-3 7-6
US Open,9/1/2023,Grand Slam,Outdoor,Hard,3rd Round,5,Zhang Zh.,Hijikata R.,Hijikata R.,67,110,817,547,1.62,2.3,3-6 3-6 6-4 3-6
US Open,9/1/2023,Grand Slam,Outdoor,Hard,3rd Round,5,Stricker D.,Bonzi B.,Stricker D.,128,108,480,555,1.67,2.2,2-6 7-5 7-6 3-6 6-2
US Open,9/2/2023,Grand Slam,Outdoor,Hard,3rd Round,5,Mensik J.,Fritz T.,Fritz T.,206,9,305,3605,8,1.08,1-6 2-6 0-6
US Open,9/2/2023,Grand Slam,Outdoor,Hard,3rd Round,5,Gojo B.,Vesely J.,Gojo B.,105,437,559,104,1.3,3.5,6-4 6-3 6-2
US Open,9/2/2023,Grand Slam,Outdoor,Hard,3rd Round,5,Djere L.,Djokovic N.,Djokovic N.,38,2,1110,9795,26,1.01,6-4 6-4 1-6 1-6 3-6
US Open,9/2/2023,Grand Slam,Outdoor,Hard,3rd Round,5,Draper J.,Mmoh M.,Draper J.,123,89,491,644,1.33,3.4,6-4 6-2 3-6 6-3
US Open,9/2/2023,Grand Slam,Outdoor,Hard,3rd Round,5,Evans D.,Alcaraz C.,Alcaraz C.,28,1,1381,9815,15,1.03,2-6 3-6 6-4 3-6
US Open,9/2/2023,Grand Slam,Outdoor,Hard,3rd Round,5,Arnaldi M.,Norrie C.,Arnaldi M.,61,16,855,2075,4.33,1.22,6-3 6-4 6-3
US Open,9/2/2023,Grand Slam,Outdoor,Hard,3rd Round,5,Rinderknech A.,Rublev A.,Rublev A.,73,8,781,4515,5,1.17,6-3 3-6 1-6 5-7
US Open,9/2/2023,Grand Slam,Outdoor,Hard,3rd Round,5,Sinner J.,Wawrinka S.,Sinner J.,6,49,4645,1004,1.11,6.5,6-3 2-6 6-4 6-2
US Open,9/2/2023,Grand Slam,Outdoor,Hard,3rd Round,5,Jarry N.,De Minaur A.,De Minaur A.,25,13,1439,2595,4,1.25,1-6 3-6 2-6
US Open,9/3/2023,Grand Slam,Outdoor,Hard,3rd Round,5,Zverev A.,Dimitrov G.,Zverev A.,12,19,2670,1690,1.4,3,6-7 7-6 6-1 6-1
US Open,9/3/2023,Grand Slam,Outdoor,Hard,3rd Round,5,Baez S.,Medvedev D.,Medvedev D.,32,3,1295,6260,9,1.07,2-6 2-6 6-7
US Open,9/3/2023,Grand Slam,Outdoor,Hard,4th Round,5,Shelton B.,Paul T.,Shelton B.,47,14,1015,2570,3.4,1.33,6-4 6-3 4-6 6-4
US Open,9/3/2023,Grand Slam,Outdoor,Hard,4th Round,5,Hijikata R.,Tiafoe F.,Tiafoe F.,110,10,547,3050,5.5,1.14,4-6 1-6 4-6
US Open,9/3/2023,Grand Slam,Outdoor,Hard,4th Round,5,Fritz T.,Stricker D.,Fritz T.,9,128,3605,480,1.11,6.5,7-6 6-4 6-4
US Open,9/4/2023,Grand Slam,Outdoor,Hard,4th Round,5,Gojo B.,Djokovic N.,Djokovic N.,105,2,559,9795,19,1.02,2-6 5-7 4-6
US Open,9/4/2023,Grand Slam,Outdoor,Hard,4th Round,5,Alcaraz C.,Arnaldi M.,Alcaraz C.,1,61,9815,855,1.02,19,6-3 6-3 6-4
US Open,9/4/2023,Grand Slam,Outdoor,Hard,4th Round,5,Draper J.,Rublev A.,Rublev A.,123,8,491,4515,3,1.4,3-6 6-3 3-6 4-6
US Open,9/4/2023,Grand Slam,Outdoor,Hard,4th Round,5,Medvedev D.,De Minaur A.,Medvedev D.,3,13,6260,2595,1.36,3.2,2-6 6-4 6-1 6-2
US Open,9/5/2023,Grand Slam,Outdoor,Hard,4th Round,5,Sinner J.,Zverev A.,Zverev A.,6,12,4645,2670,1.57,2.38,4-6 6-3 2-6 6-4 3-6
US Open,9/5/2023,Grand Slam,Outdoor,Hard,Quarterfinals,5,Djokovic N.,Fritz T.,Djokovic N.,2,9,9795,3605,1.13,6,6-1 6-4 6-4
US Open,9/6/2023,Grand Slam,Outdoor,Hard,Quarterfinals,5,Tiafoe F.,Shelton B.,Shelton B.,10,47,3050,1015,1.4,3,2-6 6-3 6-7 2-6
US Open,9/6/2023,Grand Slam,Outdoor,Hard,Quarterfinals,5,Medvedev D.,Rublev A.,Medvedev D.,3,8,6260,4515,1.36,3.2,6-4 6-3 6-4
US Open,9/7/2023,Grand Slam,Outdoor,Hard,Quarterfinals,5,Zverev A.,Alcaraz C.,Alcaraz C.,12,1,2670,9815,4.5,1.2,3-6 2-6 4-6
US Open,9/8/2023,Grand Slam,Outdoor,Hard,Semifinals,5,Djokovic N.,Shelton B.,Djokovic N.,2,47,9795,1015,1.06,10,6-3 6-2 7-6
US Open,9/9/2023,Grand Slam,Outdoor,Hard,Semifinals,5,Alcaraz C.,Medvedev D.,Medvedev D.,1,3,9815,6260,1.22,4.33,6-7 1-6 6-3 3-6
US Open,9/10/2023,Grand Slam,Outdoor,Hard,The Final,5,Djokovic N.,Medvedev D.,Djokovic N.,2,3,9795,6260,1.44,2.88,6-3 7-6 6-3
Shanghai Masters,10/4/2023,Masters 1000,Outdoor,Hard,1st Round,3,Nakashima B.,Zapata Miralles B.,Nakashima B.,122,70,495,766,1.3,3.5,6-1 7-6
Shanghai Masters,10/4/2023,Masters 1000,Outdoor,Hard,1st Round,3,Altmaier D.,Nishioka Y.,Nishioka Y.,47,48,971,970,2.5,1.53,4-6 6-3 6-7
Shanghai Masters,10/4/2023,Masters 1000,Outdoor,Hard,1st Round,3,Lajovic D.,Wawrinka S.,Lajovic D.,55,46,913,982,3,1.4,6-4 7-6
Shanghai Masters,10/4/2023,Masters 1000,Outdoor,Hard,1st Round,3,Daniel T.,Sweeny D.,Sweeny D.,97,273,629,214,1.25,4,2-6 3-6
Shanghai Masters,10/4/2023,Masters 1000,Outdoor,Hard,1st Round,3,Kokkinakis T.,Fognini F.,Kokkinakis T.,69,128,766,474,1.3,3.5,6-2 6-4
Shanghai Masters,10/4/2023,Masters 1000,Outdoor,Hard,1st Round,3,Te R.,Munar J.,Munar J.,489,82,82,721,4.5,1.2,2-6 4-6
Shanghai Masters,10/4/2023,Masters 1000,Outdoor,Hard,1st Round,3,Marozsan F.,Rinderknech A.,Marozsan F.,91,68,662,791,2.63,1.5,7-6 6-2
Shanghai Masters,10/4/2023,Masters 1000,Outdoor,Hard,1st Round,3,Duckworth J.,Hanfmann Y.,Hanfmann Y.,139,53,438,933,2.5,1.53,4-6 7-6 3-6
Shanghai Masters,10/4/2023,Masters 1000,Outdoor,Hard,1st Round,3,Mcdonald M.,Moutet C.,Mcdonald M.,38,119,1120,497,1.3,3.5,6-2 6-3
Shanghai Masters,10/4/2023,Masters 1000,Outdoor,Hard,1st Round,3,Yevseyev D.,Fucsovics M.,Fucsovics M.,260,57,229,887,4.33,1.22,4-6 2-6
Shanghai Masters,10/4/2023,Masters 1000,Outdoor,Hard,1st Round,3,Zhang Zh.,Gasquet R.,Zhang Zh.,60,63,872,860,1.57,2.38,6-1 6-2
Shanghai Masters,10/4/2023,Masters 1000,Outdoor,Hard,1st Round,3,Galan D.E.,Giron M.,Giron M.,90,80,664,730,2.75,1.44,4-6 2-6
Shanghai Masters,10/4/2023,Masters 1000,Outdoor,Hard,1st Round,3,Hsu Y.,Purcell M.,Hsu Y.,184,41,338,1047,2.75,1.44,7-6 4-6 6-4
Shanghai Masters,10/4/2023,Masters 1000,Outdoor,Hard,1st Round,3,Kovacevic A.,Garin C.,Garin C.,146,98,422,626,2.2,1.67,4-6 6-7
Shanghai Masters,10/4/2023,Masters 1000,Outdoor,Hard,1st Round,3,Safiullin R.,Murray A.,Safiullin R.,50,39,962,1085,1.91,1.91,6-3 6-2
Shanghai Masters,10/5/2023,Masters 1000,Outdoor,Hard,1st Round,3,Shevchenko A.,Tseng C.H.,Tseng C.H.,84,380,709,129,1.53,2.5,6-3 3-6 2-6
Shanghai Masters,10/5/2023,Masters 1000,Outdoor,Hard,1st Round,3,Kukushkin M.,Muller A.,Kukushkin M.,245,81,250,726,2.2,1.67,6-7 6-3 6-2
Shanghai Masters,10/5/2023,Masters 1000,Outdoor,Hard,1st Round,3,Sekulic P.,Sonego L.,Sonego L.,298,59,189,880,5.5,1.14,3-6 2-6
Shanghai Masters,10/5/2023,Masters 1000,Outdoor,Hard,1st Round,3,Barrere G.,Borges N.,Barrere G.,73,85,753,694,1.8,2,6-2 6-2
Shanghai Masters,10/5/2023,Masters 1000,Outdoor,Hard,1st Round,3,Carballes Baena R.,Vukic A.,Vukic A.,61,54,870,918,2.75,1.44,4-6 6-7
Shanghai Masters,10/5/2023,Masters 1000,Outdoor,Hard,1st Round,3,Fils A.,Kotov P.,Fils A.,44,103,1020,610,1.5,2.63,6-1 6-4
Shanghai Masters,10/5/2023,Masters 1000,Outdoor,Hard,1st Round,3,Djere L.,Hijikata R.,Hijikata R.,36,75,1190,747,1.67,2.2,6-7 5-7
Shanghai Masters,10/5/2023,Masters 1000,Outdoor,Hard,1st Round,3,Zhukayev B.,Napolitano S.,Zhukayev B.,302,252,186,238,2.2,1.67,7-5 7-5
Shanghai Masters,10/5/2023,Masters 1000,Outdoor,Hard,1st Round,3,Thompson J.,Atmane T.,Atmane T.,62,148,867,417,1.5,2.63,3-6 6-3 1-6
Shanghai Masters,10/5/2023,Masters 1000,Outdoor,Hard,1st Round,3,Arnaldi M.,Popyrin A.,Arnaldi M.,42,43,1037,1030,1.67,2.2,4-6 6-3 6-4
Shanghai Masters,10/5/2023,Masters 1000,Outdoor,Hard,1st Round,3,Karatsev A.,Halys Q.,Halys Q.,52,76,943,740,1.57,2.38,6-7 6-3 2-6
Shanghai Masters,10/5/2023,Masters 1000,Outdoor,Hard,1st Round,3,Van De Zandschulp B.,O Connell C.,Van De Zandschulp B.,67,58,805,885,2.1,1.73,6-2 6-7 6-4
Shanghai Masters,10/5/2023,Masters 1000,Outdoor,Hard,1st Round,3,Van Assche L.,Schwartzman D.,Schwartzman D.,66,130,816,451,1.91,1.91,7-5 3-6 2-6
Shanghai Masters,10/5/2023,Masters 1000,Outdoor,Hard,1st Round,3,Wolf J.J.,Cachin P.,Wolf J.J.,51,71,955,757,1.3,3.5,3-6 6-3 6-4
Shanghai Masters,10/5/2023,Masters 1000,Outdoor,Hard,1st Round,3,Varillas J.P.,Ofner S.,Ofner S.,65,49,825,967,2.63,1.5,6-7 6-7
Shanghai Masters,10/5/2023,Masters 1000,Outdoor,Hard,1st Round,3,Watanuki Y.,Shang J.,Watanuki Y.,79,156,731,397,1.67,2.2,7-6 4-6 6-4
Shanghai Masters,10/6/2023,Masters 1000,Outdoor,Hard,2nd Round,3,Hanfmann Y.,Eubanks C.,Eubanks C.,53,32,933,1313,1.73,2.1,6-4 3-6 2-6
Shanghai Masters,10/6/2023,Masters 1000,Outdoor,Hard,2nd Round,3,Ruud C.,Nishioka Y.,Ruud C.,9,48,3605,970,1.4,3,7-5 6-0
Shanghai Masters,10/6/2023,Masters 1000,Outdoor,Hard,2nd Round,3,De Minaur A.,Marozsan F.,Marozsan F.,11,91,2685,662,1.13,6,3-6 5-7
Shanghai Masters,10/6/2023,Masters 1000,Outdoor,Hard,2nd Round,3,Cerundolo F.,Mcdonald M.,Cerundolo F.,21,38,1635,1120,2.2,1.67,7-6 7-6
Shanghai Masters,10/6/2023,Masters 1000,Outdoor,Hard,2nd Round,3,Auger-Aliassime F.,Fucsovics M.,Fucsovics M.,15,57,2340,887,1.57,2.38,6-7 6-4 3-6
Shanghai Masters,10/6/2023,Masters 1000,Outdoor,Hard,2nd Round,3,Nakashima B.,Rune H.,Nakashima B.,122,5,495,4640,2.38,1.57,6-0 6-2
Shanghai Masters,10/6/2023,Masters 1000,Outdoor,Hard,2nd Round,3,Musetti L.,Hsu Y.,Hsu Y.,18,184,1925,338,1.22,4.33,3-6 4-6
Shanghai Masters,10/6/2023,Masters 1000,Outdoor,Hard,2nd Round,3,Shelton B.,Munar J.,Shelton B.,20,82,1735,721,1.22,4.33,6-4 6-4
Shanghai Masters,10/6/2023,Masters 1000,Outdoor,Hard,2nd Round,3,Kokkinakis T.,Hurkacz H.,Hurkacz H.,69,17,766,1990,2.5,1.53,6-7 4-6
Shanghai Masters,10/6/2023,Masters 1000,Outdoor,Hard,2nd Round,3,Zhang Zh.,Etcheverry T.,Zhang Zh.,60,31,872,1346,1.57,2.38,4-6 6-3 6-4
Shanghai Masters,10/6/2023,Masters 1000,Outdoor,Hard,2nd Round,3,Sweeny D.,Baez S.,Baez S.,273,29,214,1375,3.75,1.29,2-6 4-6
Shanghai Masters,10/6/2023,Masters 1000,Outdoor,Hard,2nd Round,3,Korda S.,Bu Y.,Korda S.,26,186,1470,331,1.17,5,6-1 6-4
Shanghai Masters,10/6/2023,Masters 1000,Outdoor,Hard,2nd Round,3,Zverev A.,Safiullin R.,Safiullin R.,10,50,3450,962,1.4,3,3-6 1-6
Shanghai Masters,10/7/2023,Masters 1000,Outdoor,Hard,2nd Round,3,Tsitsipas S.,Hijikata R.,Tsitsipas S.,6,75,4615,747,1.2,4.5,6-4 6-2
Shanghai Masters,10/7/2023,Masters 1000,Outdoor,Hard,2nd Round,3,Ofner S.,Paul T.,Paul T.,49,12,967,2660,3.5,1.3,3-6 0-6
Shanghai Masters,10/7/2023,Masters 1000,Outdoor,Hard,2nd Round,3,Arnaldi M.,Struff J.L.,Arnaldi M.,42,27,1037,1462,1.57,2.38,6-3 3-6 6-4
Shanghai Masters,10/7/2023,Masters 1000,Outdoor,Hard,2nd Round,3,Atmane T.,Jarry N.,Jarry N.,148,22,417,1552,3,1.4,5-7 2-6
Shanghai Masters,10/7/2023,Masters 1000,Outdoor,Hard,2nd Round,3,Medvedev D.,Garin C.,Medvedev D.,3,98,7490,626,1.07,9,6-3 6-3
Shanghai Masters,10/7/2023,Masters 1000,Outdoor,Hard,2nd Round,3,Giron M.,Sinner J.,Sinner J.,80,4,730,4910,6,1.13,6-7 2-6
Shanghai Masters,10/7/2023,Masters 1000,Outdoor,Hard,2nd Round,3,Alcaraz C.,Barrere G.,Alcaraz C.,2,73,8715,753,1.04,13,6-2 7-5
Shanghai Masters,10/7/2023,Masters 1000,Outdoor,Hard,2nd Round,3,Watanuki Y.,Fritz T.,Fritz T.,79,8,731,3865,4.5,1.2,6-7 7-6 4-6
Shanghai Masters,10/8/2023,Masters 1000,Outdoor,Hard,2nd Round,3,Humbert U.,Van De Zandschulp B.,Humbert U.,34,67,1256,805,1.5,2.63,6-4 1-6 6-2
Shanghai Masters,10/8/2023,Masters 1000,Outdoor,Hard,2nd Round,3,Davidovich Fokina A.,Fils A.,Fils A.,25,44,1470,1020,1.57,2.38,2-6 5-7
Shanghai Masters,10/8/2023,Masters 1000,Outdoor,Hard,2nd Round,3,Wolf J.J.,Norrie C.,Wolf J.J.,51,16,955,2020,2.5,1.53,6-3 5-7 7-6
Shanghai Masters,10/8/2023,Masters 1000,Outdoor,Hard,2nd Round,3,Tiafoe F.,Sonego L.,Sonego L.,13,59,2645,880,1.57,2.38,6-2 2-6 3-6
Shanghai Masters,10/8/2023,Masters 1000,Outdoor,Hard,2nd Round,3,Dimitrov G.,Vukic A.,Dimitrov G.,19,54,1880,918,1.22,4.33,6-4 6-3
Shanghai Masters,10/8/2023,Masters 1000,Outdoor,Hard,2nd Round,3,Zhukayev B.,Khachanov K.,Khachanov K.,302,14,186,2385,8,1.08,6-7 6-4 2-6
Shanghai Masters,10/8/2023,Masters 1000,Outdoor,Hard,2nd Round,3,Schwartzman D.,Lehecka J.,Schwartzman D.,130,30,451,1367,3,1.4,6-4 3-6 6-2
Shanghai Masters,10/8/2023,Masters 1000,Outdoor,Hard,2nd Round,3,Halys Q.,Rublev A.,Rublev A.,76,7,740,4550,5,1.17,4-6 5-7
Shanghai Masters,10/8/2023,Masters 1000,Outdoor,Hard,2nd Round,3,Mannarino A.,Tseng C.H.,Mannarino A.,23,380,1526,129,1.25,4,6-2 6-2
Shanghai Masters,10/8/2023,Masters 1000,Outdoor,Hard,3rd Round,3,Eubanks C.,Ruud C.,Ruud C.,32,9,1313,3605,3.75,1.29,4-6 2-6
Shanghai Masters,10/8/2023,Masters 1000,Outdoor,Hard,3rd Round,3,Korda S.,Medvedev D.,Korda S.,26,3,1470,7490,4.5,1.2,7-6 6-2
Shanghai Masters,10/8/2023,Masters 1000,Outdoor,Hard,3rd Round,3,Hsu Y.,Hurkacz H.,Hurkacz H.,184,17,338,1990,6,1.13,4-6 4-6
Shanghai Masters,10/8/2023,Masters 1000,Outdoor,Hard,3rd Round,3,Shelton B.,Safiullin R.,Shelton B.,20,50,1735,962,2.2,1.67,3-6 6-3 6-4
Shanghai Masters,10/8/2023,Masters 1000,Outdoor,Hard,3rd Round,3,Lajovic D.,Marozsan F.,Marozsan F.,55,91,913,662,2.1,1.73,3-6 3-6
Shanghai Masters,10/8/2023,Masters 1000,Outdoor,Hard,3rd Round,3,Cerundolo F.,Fucsovics M.,Cerundolo F.,21,57,1635,887,1.62,2.3,3-6 6-4 7-5
Shanghai Masters,10/8/2023,Masters 1000,Outdoor,Hard,3rd Round,3,Baez S.,Sinner J.,Sinner J.,29,4,1375,4910,7,1.1,6-3 3-6 2-6
Shanghai Masters,10/8/2023,Masters 1000,Outdoor,Hard,3rd Round,3,Zhang Zh.,Nakashima B.,Zhang Zh.,60,122,872,495,2.1,1.73,7-6 6-2
Shanghai Masters,10/9/2023,Masters 1000,Outdoor,Hard,3rd Round,3,Khachanov K.,Dimitrov G.,Dimitrov G.,14,19,2385,1880,2.5,1.53,6-7 4-6
Shanghai Masters,10/9/2023,Masters 1000,Outdoor,Hard,3rd Round,3,Paul T.,Fils A.,Paul T.,12,44,2660,1020,1.5,2.63,6-4 6-7 6-4
Shanghai Masters,10/9/2023,Masters 1000,Outdoor,Hard,3rd Round,3,Fritz T.,Schwartzman D.,Schwartzman D.,8,130,3865,451,1.14,5.5,4-6 6-3 6-7
Shanghai Masters,10/9/2023,Masters 1000,Outdoor,Hard,3rd Round,3,Rublev A.,Mannarino A.,Rublev A.,7,23,4550,1526,1.29,3.75,6-3 6-0
Shanghai Masters,10/9/2023,Masters 1000,Outdoor,Hard,3rd Round,3,Sonego L.,Jarry N.,Jarry N.,59,22,880,1552,2.1,1.73,6-7 2-6
Shanghai Masters,10/9/2023,Masters 1000,Outdoor,Hard,3rd Round,3,Alcaraz C.,Evans D.,Alcaraz C.,2,33,8715,1301,1.08,8,7-6 6-4
Shanghai Masters,10/9/2023,Masters 1000,Outdoor,Hard,3rd Round,3,Arnaldi M.,Wolf J.J.,Wolf J.J.,42,51,1037,955,1.73,2.1,6-2 3-6 6-7
Shanghai Masters,10/9/2023,Masters 1000,Outdoor,Hard,3rd Round,3,Humbert U.,Tsitsipas S.,Humbert U.,34,6,1256,4615,2.5,1.53,6-4 3-6 7-5
Shanghai Masters,10/10/2023,Masters 1000,Outdoor,Hard,4th Round,3,Ruud C.,Marozsan F.,Marozsan F.,9,91,3605,662,1.3,3.5,6-7 6-3 4-6
Shanghai Masters,10/10/2023,Masters 1000,Outdoor,Hard,4th Round,3,Korda S.,Cerundolo F.,Korda S.,26,21,1470,1635,1.4,3,7-5 7-6
Shanghai Masters,10/10/2023,Masters 1000,Outdoor,Hard,4th Round,3,Sinner J.,Shelton B.,Shelton B.,4,20,4910,1735,1.3,3.5,6-2 3-6 6-7
Shanghai Masters,10/10/2023,Masters 1000,Outdoor,Hard,4th Round,3,Hurkacz H.,Zhang Zh.,Hurkacz H.,17,60,1990,872,1.4,3,7-6 4-6 7-6
Shanghai Masters,10/11/2023,Masters 1000,Outdoor,Hard,4th Round,3,Schwartzman D.,Jarry N.,Jarry N.,130,22,451,1552,3,1.4,3-6 7-5 3-6
Shanghai Masters,10/11/2023,Masters 1000,Outdoor,Hard,4th Round,3,Humbert U.,Wolf J.J.,Humbert U.,34,51,1256,955,1.62,2.3,6-1 6-2
Shanghai Masters,10/11/2023,Masters 1000,Outdoor,Hard,4th Round,3,Alcaraz C.,Dimitrov G.,Dimitrov G.,2,19,8715,1880,1.17,5,7-5 2-6 4-6
Shanghai Masters,10/11/2023,Masters 1000,Outdoor,Hard,4th Round,3,Rublev A.,Paul T.,Rublev A.,7,12,4550,2660,1.44,2.75,7-5 7-5
Shanghai Masters,10/12/2023,Masters 1000,Outdoor,Hard,Quarterfinals,3,Marozsan F.,Hurkacz H.,Hurkacz H.,91,17,662,1990,3.2,1.36,6-4 1-6 3-6
Shanghai Masters,10/12/2023,Masters 1000,Outdoor,Hard,Quarterfinals,3,Korda S.,Shelton B.,Korda S.,26,20,1470,1735,1.8,2,6-7 6-2 7-6
Shanghai Masters,10/13/2023,Masters 1000,Outdoor,Hard,Quarterfinals,3,Jarry N.,Dimitrov G.,Dimitrov G.,22,19,1552,1880,2.75,1.44,6-7 4-6
Shanghai Masters,10/13/2023,Masters 1000,Outdoor,Hard,Quarterfinals,3,Rublev A.,Humbert U.,Rublev A.,7,34,4550,1256,1.4,3,6-2 6-3
Shanghai Masters,10/14/2023,Masters 1000,Outdoor,Hard,Semifinals,3,Korda S.,Hurkacz H.,Hurkacz H.,26,17,1470,1990,1.91,1.91,3-6 4-6
Shanghai Masters,10/14/2023,Masters 1000,Outdoor,Hard,Semifinals,3,Rublev A.,Dimitrov G.,Rublev A.,7,19,4550,1880,1.62,2.3,7-6 6-3
Shanghai Masters,10/15/2023,Masters 1000,Outdoor,Hard,The Final,3,Rublev A.,Hurkacz H.,Hurkacz H.,7,17,4550,1990,1.57,2.38,3-6 6-3 6-7
BNP Paribas Masters,10/30/2023,Masters 1000,Indoor,Hard,1st Round,3,Popyrin A.,Jarry N.,Jarry N.,39,20,1110,1765,2.1,1.73,5-7 6-7
BNP Paribas Masters,10/30/2023,Masters 1000,Indoor,Hard,1st Round,3,Bautista Agut R.,Lehecka J.,Bautista Agut R.,66,30,791,1382,2.2,1.67,6-4 6-2
BNP Paribas Masters,10/30/2023,Masters 1000,Indoor,Hard,1st Round,3,Shelton B.,Davidovich Fokina A.,Davidovich Fokina A.,16,28,2355,1460,1.4,3,6-7 7-5 3-6
BNP Paribas Masters,10/30/2023,Masters 1000,Indoor,Hard,1st Round,3,Griekspoor T.,Eubanks C.,Griekspoor T.,23,32,1570,1323,1.44,2.75,6-7 6-3 6-4
BNP Paribas Masters,10/30/2023,Masters 1000,Indoor,Hard,1st Round,3,Tiafoe F.,Bublik A.,Bublik A.,14,33,2480,1289,1.8,2,3-6 4-6
BNP Paribas Masters,10/30/2023,Masters 1000,Indoor,Hard,1st Round,3,De Minaur A.,Murray A.,De Minaur A.,13,40,2650,1050,1.4,3,7-6 4-6 7-5
BNP Paribas Masters,10/30/2023,Masters 1000,Indoor,Hard,1st Round,3,Muller A.,Safiullin R.,Safiullin R.,83,45,711,1007,4,1.25,6-7 3-6
BNP Paribas Masters,10/30/2023,Masters 1000,Indoor,Hard,1st Round,3,Khachanov K.,Purcell M.,Khachanov K.,15,43,2385,1022,1.22,4.33,6-4 6-4
BNP Paribas Masters,10/30/2023,Masters 1000,Indoor,Hard,1st Round,3,Van Assche L.,Djere L.,Djere L.,69,34,771,1260,2.1,1.73,7-6 4-6 4-6
BNP Paribas Masters,10/30/2023,Masters 1000,Indoor,Hard,1st Round,3,Van De Zandschulp B.,Mannarino A.,Van De Zandschulp B.,60,25,825,1515,2,1.8,6-4 7-5
BNP Paribas Masters,10/30/2023,Masters 1000,Indoor,Hard,1st Round,3,Thompson J.,Nishioka Y.,Nishioka Y.,55,49,896,930,1.73,2.1,6-7 6-4 2-6
BNP Paribas Masters,10/30/2023,Masters 1000,Indoor,Hard,1st Round,3,Fritz T.,Baez S.,Fritz T.,10,29,3500,1435,1.17,5,6-1 6-4
BNP Paribas Masters,10/30/2023,Masters 1000,Indoor,Hard,1st Round,3,Musetti L.,Dimitrov G.,Dimitrov G.,22,17,1640,2060,3.75,1.29,2-6 7-6 3-6
BNP Paribas Masters,10/30/2023,Masters 1000,Indoor,Hard,1st Round,3,Paul T.,Gasquet R.,Paul T.,12,68,2800,780,1.2,4.5,0-6 6-2 7-6
BNP Paribas Masters,10/30/2023,Masters 1000,Indoor,Hard,1st Round,3,Wawrinka S.,Thiem D.,Thiem D.,51,108,922,573,2.1,1.73,6-3 3-6 5-7
BNP Paribas Masters,10/31/2023,Masters 1000,Indoor,Hard,1st Round,3,Etcheverry T.,Kecmanovic M.,Etcheverry T.,31,53,1380,905,1.91,1.91,4-6 7-6 6-4
BNP Paribas Masters,10/31/2023,Masters 1000,Indoor,Hard,1st Round,3,Bonzi B.,Lajovic D.,Lajovic D.,77,48,738,933,1.8,2,5-7 3-6
BNP Paribas Masters,10/31/2023,Masters 1000,Indoor,Hard,1st Round,3,Zverev A.,Fucsovics M.,Zverev A.,9,52,3540,922,1.2,4.5,4-6 7-5 6-4
BNP Paribas Masters,10/31/2023,Masters 1000,Indoor,Hard,1st Round,3,Korda S.,Hurkacz H.,Hurkacz H.,24,11,1530,3110,1.8,2,3-6 7-6 3-6
BNP Paribas Masters,10/31/2023,Masters 1000,Indoor,Hard,1st Round,3,Altmaier D.,Fils A.,Altmaier D.,54,36,901,1203,3.75,1.29,6-2 6-4
BNP Paribas Masters,10/31/2023,Masters 1000,Indoor,Hard,1st Round,3,Wolf J.J.,Mcdonald M.,Mcdonald M.,57,42,885,1030,1.73,2.1,6-1 4-6 2-6
BNP Paribas Masters,10/31/2023,Masters 1000,Indoor,Hard,1st Round,3,Auger-Aliassime F.,Struff J.L.,Auger-Aliassime F.,19,27,1940,1482,1.4,3,7-6 6-4
BNP Paribas Masters,10/31/2023,Masters 1000,Indoor,Hard,1st Round,3,Giron M.,Humbert U.,Humbert U.,59,26,845,1515,2.63,1.5,4-6 3-6
BNP Paribas Masters,10/31/2023,Masters 1000,Indoor,Hard,1st Round,3,Cerundolo F.,Monfils G.,Cerundolo F.,21,79,1680,727,3,1.4,4-6 7-6 7-5
BNP Paribas Masters,10/31/2023,Masters 1000,Indoor,Hard,2nd Round,3,Davidovich Fokina A.,Griekspoor T.,Griekspoor T.,28,23,1460,1570,2,1.8,2-6 2-6
BNP Paribas Masters,10/31/2023,Masters 1000,Indoor,Hard,2nd Round,3,Khachanov K.,Djere L.,Khachanov K.,15,34,2385,1260,1.29,3.75,6-4 7-5
BNP Paribas Masters,10/31/2023,Masters 1000,Indoor,Hard,2nd Round,3,Jarry N.,Bublik A.,Bublik A.,20,33,1765,1289,2,1.8,6-7 6-7
BNP Paribas Masters,10/31/2023,Masters 1000,Indoor,Hard,2nd Round,3,Safiullin R.,Alcaraz C.,Safiullin R.,45,2,1007,8625,6,1.13,6-3 6-4
BNP Paribas Masters,10/31/2023,Masters 1000,Indoor,Hard,2nd Round,3,Nishioka Y.,Rublev A.,Rublev A.,49,5,930,4935,6,1.13,4-6 3-6
BNP Paribas Masters,11/1/2023,Masters 1000,Indoor,Hard,2nd Round,3,Van De Zandschulp B.,Paul T.,Van De Zandschulp B.,60,12,825,2800,2.1,1.73,6-4 2-6 6-3
BNP Paribas Masters,11/1/2023,Masters 1000,Indoor,Hard,2nd Round,3,Medvedev D.,Dimitrov G.,Dimitrov G.,3,17,7200,2060,1.33,3.4,3-6 7-6 6-7
BNP Paribas Masters,11/1/2023,Masters 1000,Indoor,Hard,2nd Round,3,Hurkacz H.,Bautista Agut R.,Hurkacz H.,11,66,3110,791,1.4,3,6-3 6-2
BNP Paribas Masters,11/1/2023,Masters 1000,Indoor,Hard,2nd Round,3,Auger-Aliassime F.,Tsitsipas S.,Tsitsipas S.,19,6,1940,4435,2,1.8,3-6 6-7
BNP Paribas Masters,11/1/2023,Masters 1000,Indoor,Hard,2nd Round,3,De Minaur A.,Lajovic D.,De Minaur A.,13,48,2650,933,1.25,4,4-6 6-4 6-4
BNP Paribas Masters,11/1/2023,Masters 1000,Indoor,Hard,2nd Round,3,Etcheverry T.,Djokovic N.,Djokovic N.,31,1,1380,11045,11,1.05,3-6 2-6
BNP Paribas Masters,11/1/2023,Masters 1000,Indoor,Hard,2nd Round,3,Cerundolo F.,Ruud C.,Cerundolo F.,21,8,1680,3705,2.75,1.44,7-5 6-4
BNP Paribas Masters,11/1/2023,Masters 1000,Indoor,Hard,2nd Round,3,Humbert U.,Zverev A.,Zverev A.,26,9,1515,3540,2.5,1.53,4-6 7-6 6-7
BNP Paribas Masters,11/1/2023,Masters 1000,Indoor,Hard,2nd Round,3,Rune H.,Thiem D.,Rune H.,7,108,4280,573,1.5,2.63,6-4 6-2
BNP Paribas Masters,11/1/2023,Masters 1000,Indoor,Hard,2nd Round,3,Mcdonald M.,Sinner J.,Sinner J.,42,4,1030,5410,6.5,1.11,7-6 5-7 1-6
BNP Paribas Masters,11/2/2023,Masters 1000,Indoor,Hard,3rd Round,3,Dimitrov G.,Bublik A.,Dimitrov G.,17,33,2060,1289,1.5,2.63,6-2 6-2
BNP Paribas Masters,11/2/2023,Masters 1000,Indoor,Hard,3rd Round,3,Van De Zandschulp B.,Rublev A.,Rublev A.,60,5,825,4935,4.33,1.22,3-6 3-6
BNP Paribas Masters,11/2/2023,Masters 1000,Indoor,Hard,3rd Round,3,Khachanov K.,Safiullin R.,Khachanov K.,15,45,2385,1007,1.67,2.2,4-6 6-4 6-2
BNP Paribas Masters,11/2/2023,Masters 1000,Indoor,Hard,3rd Round,3,Zverev A.,Tsitsipas S.,Tsitsipas S.,9,6,3540,4435,1.8,2,6-7 4-6
BNP Paribas Masters,11/2/2023,Masters 1000,Indoor,Hard,3rd Round,3,Hurkacz H.,Cerundolo F.,Hurkacz H.,11,21,3110,1680,1.29,3.75,6-4 6-3
BNP Paribas Masters,11/2/2023,Masters 1000,Indoor,Hard,3rd Round,3,Griekspoor T.,Djokovic N.,Djokovic N.,23,1,1570,11045,7,1.1,6-4 6-7 4-6
BNP Paribas Masters,11/2/2023,Masters 1000,Indoor,Hard,3rd Round,3,Rune H.,Altmaier D.,Rune H.,7,54,4280,901,1.22,4.33,6-3 6-3
BNP Paribas Masters,11/3/2023,Masters 1000,Indoor,Hard,Quarterfinals,3,Hurkacz H.,Dimitrov G.,Dimitrov G.,11,17,3110,2060,2.3,1.62,1-6 6-4 4-6
BNP Paribas Masters,11/3/2023,Masters 1000,Indoor,Hard,Quarterfinals,3,Tsitsipas S.,Khachanov K.,Tsitsipas S.,6,15,4435,2385,1.53,2.5,6-3 6-4
BNP Paribas Masters,11/3/2023,Masters 1000,Indoor,Hard,Quarterfinals,3,Rune H.,Djokovic N.,Djokovic N.,7,1,4280,11045,3.75,1.29,5-7 7-6 4-6
BNP Paribas Masters,11/3/2023,Masters 1000,Indoor,Hard,Quarterfinals,3,Rublev A.,De Minaur A.,Rublev A.,5,13,4935,2650,1.44,2.75,4-6 6-3 6-1
BNP Paribas Masters,11/4/2023,Masters 1000,Indoor,Hard,Semifinals,3,Tsitsipas S.,Dimitrov G.,Dimitrov G.,6,17,4435,2060,1.67,2.2,3-6 7-6 6-7
BNP Paribas Masters,11/4/2023,Masters 1000,Indoor,Hard,Semifinals,3,Djokovic N.,Rublev A.,Djokovic N.,1,5,11045,4935,1.36,3.2,5-7 7-6 7-5
BNP Paribas Masters,11/5/2023,Masters 1000,Indoor,Hard,The Final,3,Dimitrov G.,Djokovic N.,Djokovic N.,17,1,2060,11045,3.4,1.33,4-6 3-6
Australian Open,1/14/2024,Grand Slam,Outdoor,Hard,1st Round,5,Arnaldi M.,Walton A.,Arnaldi M.,41,174,1077,354,1.2,4.5,7-6 6-2 6-4
Australian Open,1/14/2024,Grand Slam,Outdoor,Hard,1st Round,5,Shevchenko A.,Munar J.,Munar J.,48,82,975,706,1.36,3.2,3-6 3-6 1-6
Australian Open,1/14/2024,Grand Slam,Outdoor,Hard,1st Round,5,Sinner J.,Van De Zandschulp B.,Sinner J.,4,59,6490,890,1.06,10,6-4 7-5 6-3
Australian Open,1/14/2024,Grand Slam,Outdoor,Hard,1st Round,5,Rinderknech A.,Kotov P.,Kotov P.,94,65,629,835,2.3,1.62,5-7 1-6 7-6 7-6 3-6
Australian Open,1/14/2024,Grand Slam,Outdoor,Hard,1st Round,5,Cerundolo F.,Sweeny D.,Cerundolo F.,21,257,1760,228,1.36,3.2,3-6 6-3 6-4 2-6 6-2
Australian Open,1/14/2024,Grand Slam,Outdoor,Hard,1st Round,5,Seyboth Wild T.,Rublev A.,Rublev A.,77,5,718,5010,17,1.03,5-7 4-6 6-3 6-4 6-7
Australian Open,1/14/2024,Grand Slam,Outdoor,Hard,1st Round,5,Machac T.,Mochizuki S.,Machac T.,75,136,748,457,1.25,4,7-5 6-1 7-5
Australian Open,1/14/2024,Grand Slam,Outdoor,Hard,1st Round,5,Garin C.,O Connell C.,O Connell C.,86,68,680,814,2.75,1.44,6-3 5-7 6-4 1-6 5-7
Australian Open,1/14/2024,Grand Slam,Outdoor,Hard,1st Round,5,De Jong J.,Cachin P.,De Jong J.,161,74,393,763,1.36,3.2,4-6 6-2 6-3 6-4
Australian Open,1/14/2024,Grand Slam,Outdoor,Hard,1st Round,5,Diaz Acosta F.,Fritz T.,Fritz T.,90,12,661,2840,15,1.03,6-4 3-6 6-3 2-6 4-6
Australian Open,1/14/2024,Grand Slam,Outdoor,Hard,1st Round,5,Galan D.E.,Kubler J.,Galan D.E.,87,113,676,561,2.5,1.53,2-6 6-3 7-6 4-6 7-6
Australian Open,1/14/2024,Grand Slam,Outdoor,Hard,1st Round,5,Harris L.,Halys Q.,Halys Q.,167,110,371,575,1.36,3.2,6-4 6-7 5-7 6-7
Australian Open,1/14/2024,Grand Slam,Outdoor,Hard,1st Round,5,Djokovic N.,Prizmic D.,Djokovic N.,1,187,11055,321,1.01,34,6-2 6-7 6-3 6-4
Australian Open,1/14/2024,Grand Slam,Outdoor,Hard,1st Round,5,Coric B.,Tiafoe F.,Tiafoe F.,40,17,1100,2100,2.5,1.53,3-6 6-7 6-2 3-6
Australian Open,1/15/2024,Grand Slam,Outdoor,Hard,1st Round,5,Korda S.,Kopriva V.,Korda S.,26,132,1480,498,1.08,8,6-1 6-4 2-6 4-6 6-2
Australian Open,1/15/2024,Grand Slam,Outdoor,Hard,1st Round,5,Kypson P.,Ruusuvuori E.,Ruusuvuori E.,183,53,330,921,7,1.1,6-4 3-6 4-6 6-7
Australian Open,1/15/2024,Grand Slam,Outdoor,Hard,1st Round,5,Musetti L.,Bonzi B.,Musetti L.,28,106,1440,588,1.36,3.2,7-6 7-6 4-6 6-2
Australian Open,1/15/2024,Grand Slam,Outdoor,Hard,1st Round,5,Jarry N.,Cobolli F.,Cobolli F.,18,100,1870,617,1.2,4.5,4-6 6-3 3-6 6-2 5-7
Australian Open,1/15/2024,Grand Slam,Outdoor,Hard,1st Round,5,Gaston H.,Carballes Baena R.,Gaston H.,97,63,626,846,2.2,1.67,6-3 6-2 3-6 6-4
Australian Open,1/15/2024,Grand Slam,Outdoor,Hard,1st Round,5,Bautista Agut R.,Shelton B.,Shelton B.,72,16,776,2225,3.4,1.33,2-6 6-7 5-7
Australian Open,1/15/2024,Grand Slam,Outdoor,Hard,1st Round,5,Davidovich Fokina A.,Lestienne C.,Davidovich Fokina A.,24,99,1530,619,1.17,5,6-4 6-4 7-6
Australian Open,1/15/2024,Grand Slam,Outdoor,Hard,1st Round,5,Polmans M.,Popyrin A.,Popyrin A.,154,43,406,1052,5,1.17,3-6 6-7 2-6
Australian Open,1/15/2024,Grand Slam,Outdoor,Hard,1st Round,5,Mannarino A.,Wawrinka S.,Mannarino A.,19,56,1765,907,1.4,3,6-4 3-6 5-7 6-3 6-0
Australian Open,1/15/2024,Grand Slam,Outdoor,Hard,1st Round,5,Duckworth J.,Van Assche L.,Van Assche L.,95,79,628,715,2.1,1.73,7-6 3-6 6-3 3-6 3-6
Australian Open,1/15/2024,Grand Slam,Outdoor,Hard,1st Round,5,Tsitsipas S.,Bergs Z.,Tsitsipas S.,7,129,4025,508,1.1,7,5-7 6-1 6-1 6-3
Australian Open,1/15/2024,Grand Slam,Outdoor,Hard,1st Round,5,Shapovalov D.,Mensik J.,Mensik J.,114,142,560,433,2.3,1.62,3-6 5-7 5-7
Australian Open,1/15/2024,Grand Slam,Outdoor,Hard,1st Round,5,Khachanov K.,Altmaier D.,Khachanov K.,15,50,2430,946,1.22,4.33,5-7 6-3 7-6 7-6
Australian Open,1/15/2024,Grand Slam,Outdoor,Hard,1st Round,5,Vukic A.,Thompson J.,Thompson J.,64,47,835,982,3,1.4,6-3 6-7 2-6 6-3 4-6
Australian Open,1/15/2024,Grand Slam,Outdoor,Hard,1st Round,5,Kovacevic A.,Tabilo A.,Kovacevic A.,101,49,611,970,2.2,1.67,6-7 7-6 1-6 6-1 6-3
Australian Open,1/15/2024,Grand Slam,Outdoor,Hard,1st Round,5,Coria F.,Zhang Zh.,Zhang Zh.,84,54,694,911,11,1.05,4-6 6-7 6-7
Australian Open,1/15/2024,Grand Slam,Outdoor,Hard,1st Round,5,Eubanks C.,Daniel T.,Eubanks C.,35,58,1215,893,2.2,1.67,6-4 6-2 6-3
Australian Open,1/15/2024,Grand Slam,Outdoor,Hard,1st Round,5,Murray A.,Etcheverry T.,Etcheverry T.,44,32,1050,1375,1.67,2.2,4-6 2-6 2-6
Australian Open,1/15/2024,Grand Slam,Outdoor,Hard,1st Round,5,Monfils G.,Hanfmann Y.,Monfils G.,76,52,737,929,1.53,2.5,6-4 6-3 7-5
Australian Open,1/15/2024,Grand Slam,Outdoor,Hard,1st Round,5,Goffin D.,Humbert U.,Humbert U.,112,20,570,1765,3.2,1.36,2-6 5-7 7-5 3-6
Australian Open,1/15/2024,Grand Slam,Outdoor,Hard,1st Round,5,Borges N.,Marterer M.,Borges N.,69,96,814,626,2,1.8,7-5 7-6 6-2
Australian Open,1/15/2024,Grand Slam,Outdoor,Hard,1st Round,5,Muller A.,Grenier H.,Grenier H.,73,178,774,340,1.36,3.2,6-2 6-7 6-4 4-6 6-7
Australian Open,1/15/2024,Grand Slam,Outdoor,Hard,1st Round,5,Hurkacz H.,Jasika O.,Hurkacz H.,9,343,3320,148,1.02,19,7-6 6-4 6-2
Australian Open,1/15/2024,Grand Slam,Outdoor,Hard,1st Round,5,Watanuki Y.,Kecmanovic M.,Kecmanovic M.,102,60,610,890,3.5,1.3,6-4 5-7 3-6 4-6
Australian Open,1/15/2024,Grand Slam,Outdoor,Hard,1st Round,5,Auger-Aliassime F.,Thiem D.,Auger-Aliassime F.,30,92,1425,654,1.44,2.75,6-3 7-5 6-7 5-7 6-3
Australian Open,1/15/2024,Grand Slam,Outdoor,Hard,1st Round,5,Hijikata R.,Struff J.L.,Struff J.L.,71,25,782,1511,2.3,1.62,6-3 3-6 2-6 7-6 6-7
Australian Open,1/16/2024,Grand Slam,Outdoor,Hard,1st Round,5,Michelsen A.,Mccabe J.,Michelsen A.,91,269,656,214,1.17,5,7-6 3-6 6-1 6-2
Australian Open,1/16/2024,Grand Slam,Outdoor,Hard,1st Round,5,Zapata Miralles B.,Lehecka J.,Lehecka J.,78,23,715,1555,9,1.07,3-6 2-6 3-6
Australian Open,1/16/2024,Grand Slam,Outdoor,Hard,1st Round,5,Norrie C.,Varillas J. P.,Norrie C.,22,81,1710,709,1.1,7,6-4 6-4 6-2
Australian Open,1/16/2024,Grand Slam,Outdoor,Hard,1st Round,5,Djere L.,Cazaux A.,Cazaux A.,33,122,1250,529,1.73,2.1,2-6 7-6 2-6 6-3 2-6
Australian Open,1/16/2024,Grand Slam,Outdoor,Hard,1st Round,5,Fils A.,Vesely J.,Fils A.,34,293,1233,188,1.08,8,4-6 7-5 6-2 6-3
Australian Open,1/16/2024,Grand Slam,Outdoor,Hard,1st Round,5,Safiullin R.,Griekspoor T.,Griekspoor T.,36,31,1190,1410,1.5,2.63,6-2 6-3 6-7 4-6 5-7
Australian Open,1/16/2024,Grand Slam,Outdoor,Hard,1st Round,5,Zeppieri G.,Lajovic D.,Zeppieri G.,133,51,487,939,2,1.8,6-3 3-6 6-3 7-6
Australian Open,1/16/2024,Grand Slam,Outdoor,Hard,1st Round,5,Ramos-Vinolas A.,Ruud C.,Ruud C.,85,11,688,2910,19,1.02,1-6 3-6 1-6
Australian Open,1/16/2024,Grand Slam,Outdoor,Hard,1st Round,5,Dimitrov G.,Fucsovics M.,Dimitrov G.,13,70,2775,782,1.17,5,4-6 6-3 7-6 6-2
Australian Open,1/16/2024,Grand Slam,Outdoor,Hard,1st Round,5,Valkusz M.,Purcell M.,Purcell M.,214,45,291,1021,3.75,1.29,6-3 6-7 4-6 5-7
Australian Open,1/16/2024,Grand Slam,Outdoor,Hard,1st Round,5,Klein L.,Kwon S.W.,Klein L.,163,697,391,40,1.33,3.4,7-6 4-6 7-6 6-3
Australian Open,1/16/2024,Grand Slam,Outdoor,Hard,1st Round,5,Giron M.,Draper J.,Draper J.,66,55,825,911,4,1.25,4-6 6-3 6-4 0-6 2-6
Australian Open,1/16/2024,Grand Slam,Outdoor,Hard,1st Round,5,Rune H.,Nishioka Y.,Rune H.,8,61,3815,865,1.11,6.5,6-2 4-6 7-6 6-4
Australian Open,1/16/2024,Grand Slam,Outdoor,Hard,1st Round,5,Bublik A.,Nagal S.,Nagal S.,27,137,1459,450,1.17,5,4-6 2-6 6-7
Australian Open,1/16/2024,Grand Slam,Outdoor,Hard,1st Round,5,Shang J.,Mcdonald M.,Shang J.,140,42,435,1055,1.67,2.2,6-3 1-6 3-6 6-4 6-2
Australian Open,1/16/2024,Grand Slam,Outdoor,Hard,1st Round,5,Barrere G.,Paul T.,Paul T.,83,14,696,2670,6.5,1.11,2-6 3-6 3-6
Australian Open,1/16/2024,Grand Slam,Outdoor,Hard,1st Round,5,Kokkinakis T.,Ofner S.,Kokkinakis T.,80,37,711,1141,2,1.8,7-6 2-6 6-7 6-1 7-6
Australian Open,1/16/2024,Grand Slam,Outdoor,Hard,1st Round,5,Evans D.,Sonego L.,Sonego L.,38,46,1121,1005,2,1.8,6-4 6-7 2-6 6-7
Australian Open,1/16/2024,Grand Slam,Outdoor,Hard,1st Round,5,Zverev A.,Koepfer D.,Zverev A.,6,62,4275,858,1.06,10,4-6 6-3 7-6 6-3
Australian Open,1/16/2024,Grand Slam,Outdoor,Hard,1st Round,5,Gasquet R.,Alcaraz C.,Alcaraz C.,131,2,500,8855,19,1.02,6-7 1-6 2-6
Australian Open,1/17/2024,Grand Slam,Outdoor,Hard,2nd Round,5,Sinner J.,De Jong J.,Sinner J.,4,161,6490,393,1.02,21,6-2 6-2 6-2
Australian Open,1/17/2024,Grand Slam,Outdoor,Hard,2nd Round,5,Arnaldi M.,De Minaur A.,De Minaur A.,41,10,1077,2950,5,1.17,3-6 0-6 3-6
Australian Open,1/17/2024,Grand Slam,Outdoor,Hard,2nd Round,5,Baez S.,Galan D.E.,Baez S.,29,87,1435,676,1.4,3,7-5 2-6 6-2 6-4
Australian Open,1/17/2024,Grand Slam,Outdoor,Hard,2nd Round,5,Kotov P.,Cobolli F.,Cobolli F.,65,100,835,617,1.53,2.5,5-7 3-6 7-5 2-6
Australian Open,1/17/2024,Grand Slam,Outdoor,Hard,2nd Round,5,Van Assche L.,Musetti L.,Van Assche L.,79,28,715,1440,2.75,1.44,6-3 3-6 6-7 6-3 6-0
Australian Open,1/17/2024,Grand Slam,Outdoor,Hard,2nd Round,5,Kovacevic A.,Khachanov K.,Khachanov K.,101,15,611,2430,5.5,1.14,4-6 3-6 6-4 3-6
Australian Open,1/17/2024,Grand Slam,Outdoor,Hard,2nd Round,5,Fritz T.,Gaston H.,Fritz T.,12,97,2840,626,1.11,6.5,6-0 6-3 6-1
Australian Open,1/17/2024,Grand Slam,Outdoor,Hard,2nd Round,5,Cerundolo F.,Marozsan F.,Marozsan F.,21,67,1760,823,2.38,1.57,6-7 4-6 2-6
Australian Open,1/17/2024,Grand Slam,Outdoor,Hard,2nd Round,5,Shelton B.,O Connell C.,Shelton B.,16,68,2225,814,1.25,4,6-4 6-1 3-6 7-6
Australian Open,1/17/2024,Grand Slam,Outdoor,Hard,2nd Round,5,Munar J.,Mannarino A.,Mannarino A.,82,19,706,1765,3.4,1.33,3-6 3-6 6-1 6-2 3-6
Australian Open,1/17/2024,Grand Slam,Outdoor,Hard,2nd Round,5,Machac T.,Tiafoe F.,Machac T.,75,17,748,2100,2.75,1.44,6-4 6-4 7-6
Australian Open,1/17/2024,Grand Slam,Outdoor,Hard,2nd Round,5,Monfils G.,Etcheverry T.,Etcheverry T.,76,32,737,1375,1.57,2.38,4-6 4-6 4-6
Australian Open,1/17/2024,Grand Slam,Outdoor,Hard,2nd Round,5,Tsitsipas S.,Thompson J.,Tsitsipas S.,7,47,4025,982,1.2,4.5,4-6 7-6 6-2 7-6
Australian Open,1/17/2024,Grand Slam,Outdoor,Hard,2nd Round,5,Halys Q.,Korda S.,Korda S.,110,26,575,1480,4,1.25,4-6 4-6 4-6
Australian Open,1/17/2024,Grand Slam,Outdoor,Hard,2nd Round,5,Rublev A.,Eubanks C.,Rublev A.,5,35,5010,1215,1.07,9,6-4 6-4 6-4
Australian Open,1/17/2024,Grand Slam,Outdoor,Hard,2nd Round,5,Popyrin A.,Djokovic N.,Djokovic N.,43,1,1052,11055,19,1.02,3-6 6-4 6-7 3-6
Australian Open,1/18/2024,Grand Slam,Outdoor,Hard,2nd Round,5,Norrie C.,Zeppieri G.,Norrie C.,22,133,1710,487,1.3,3.5,3-6 6-7 6-2 6-4 6-4
Australian Open,1/18/2024,Grand Slam,Outdoor,Hard,2nd Round,5,Lehecka J.,Michelsen A.,Michelsen A.,23,91,1555,656,1.22,4.33,6-4 3-6 4-6 4-6
Australian Open,1/18/2024,Grand Slam,Outdoor,Hard,2nd Round,5,Zverev A.,Klein L.,Zverev A.,6,163,4275,391,1.06,10,7-5 3-6 4-6 7-6 7-6
Australian Open,1/18/2024,Grand Slam,Outdoor,Hard,2nd Round,5,Purcell M.,Ruud C.,Ruud C.,45,11,1021,2910,5,1.17,3-6 7-6 3-6 6-3 6-7
Australian Open,1/18/2024,Grand Slam,Outdoor,Hard,2nd Round,5,Paul T.,Draper J.,Paul T.,14,55,2670,911,1.91,1.91,6-2 3-6 6-3 7-5
Australian Open,1/18/2024,Grand Slam,Outdoor,Hard,2nd Round,5,Struff J.L.,Kecmanovic M.,Kecmanovic M.,25,60,1511,890,2.63,1.5,4-6 6-1 6-7 6-1 6-7
Australian Open,1/18/2024,Grand Slam,Outdoor,Hard,2nd Round,5,Alcaraz C.,Sonego L.,Alcaraz C.,2,46,8855,1005,1.04,13,6-4 6-7 6-3 7-6
Australian Open,1/18/2024,Grand Slam,Outdoor,Hard,2nd Round,5,Davidovich Fokina A.,Borges N.,Borges N.,24,69,1530,814,1.2,4.5,6-7 3-6 3-6
Australian Open,1/18/2024,Grand Slam,Outdoor,Hard,2nd Round,5,Shang J.,Nagal S.,Shang J.,140,137,435,450,1.4,3,2-6 6-3 7-5 6-4
Australian Open,1/18/2024,Grand Slam,Outdoor,Hard,2nd Round,5,Fils A.,Griekspoor T.,Griekspoor T.,34,31,1233,1410,1.57,2.38,6-3 1-6 5-7 4-6
Australian Open,1/18/2024,Grand Slam,Outdoor,Hard,2nd Round,5,Humbert U.,Zhang Zh.,Humbert U.,20,54,1765,911,1.4,3,6-2 5-7 6-1 7-6
Australian Open,1/18/2024,Grand Slam,Outdoor,Hard,2nd Round,5,Kokkinakis T.,Dimitrov G.,Dimitrov G.,80,13,711,2775,6,1.13,3-6 2-6 6-4 4-6
Australian Open,1/18/2024,Grand Slam,Outdoor,Hard,2nd Round,5,Cazaux A.,Rune H.,Cazaux A.,122,8,529,3815,5.5,1.14,7-6 6-4 4-6 6-3
Australian Open,1/18/2024,Grand Slam,Outdoor,Hard,2nd Round,5,Grenier H.,Auger-Aliassime F.,Auger-Aliassime F.,178,30,340,1425,6,1.13,1-6 6-3 1-6 2-6
Australian Open,1/18/2024,Grand Slam,Outdoor,Hard,2nd Round,5,Hurkacz H.,Mensik J.,Hurkacz H.,9,142,3320,433,1.25,4,6-7 6-1 5-7 6-1 6-3
Australian Open,1/18/2024,Grand Slam,Outdoor,Hard,2nd Round,5,Ruusuvuori E.,Medvedev D.,Medvedev D.,53,3,921,7555,7,1.1,6-3 7-6 4-6 6-7 0-6
Australian Open,1/19/2024,Grand Slam,Outdoor,Hard,3rd Round,5,Khachanov K.,Machac T.,Khachanov K.,15,75,2430,748,1.62,2.3,6-4 7-6 4-6 7-6
Australian Open,1/19/2024,Grand Slam,Outdoor,Hard,3rd Round,5,Baez S.,Sinner J.,Sinner J.,29,4,1435,6490,17,1.03,0-6 1-6 3-6
Australian Open,1/19/2024,Grand Slam,Outdoor,Hard,3rd Round,5,Fritz T.,Marozsan F.,Fritz T.,12,67,2840,823,1.3,3.5,3-6 6-4 6-2 6-2
Australian Open,1/19/2024,Grand Slam,Outdoor,Hard,3rd Round,5,Van Assche L.,Tsitsipas S.,Tsitsipas S.,79,7,715,4025,4.5,1.2,3-6 0-6 4-6
Australian Open,1/19/2024,Grand Slam,Outdoor,Hard,3rd Round,5,Mannarino A.,Shelton B.,Mannarino A.,19,16,1765,2225,3.2,1.36,7-6 1-6 6-7 6-3 6-4
Australian Open,1/19/2024,Grand Slam,Outdoor,Hard,3rd Round,5,Etcheverry T.,Djokovic N.,Djokovic N.,32,1,1375,11055,11,1.05,3-6 3-6 6-7
Australian Open,1/19/2024,Grand Slam,Outdoor,Hard,3rd Round,5,De Minaur A.,Cobolli F.,De Minaur A.,10,100,2950,617,1.07,9,6-3 6-3 6-1
Australian Open,1/19/2024,Grand Slam,Outdoor,Hard,3rd Round,5,Korda S.,Rublev A.,Rublev A.,26,5,1480,5010,3.2,1.36,2-6 6-7 4-6
Australian Open,1/20/2024,Grand Slam,Outdoor,Hard,3rd Round,5,Kecmanovic M.,Paul T.,Kecmanovic M.,60,14,890,2670,3.2,1.36,6-4 3-6 2-6 7-6 6-0
Australian Open,1/20/2024,Grand Slam,Outdoor,Hard,3rd Round,5,Humbert U.,Hurkacz H.,Hurkacz H.,20,9,1765,3320,2.38,1.57,6-3 1-6 6-7 3-6
Australian Open,1/20/2024,Grand Slam,Outdoor,Hard,3rd Round,5,Cazaux A.,Griekspoor T.,Cazaux A.,122,31,529,1410,2.3,1.62,6-3 6-3 6-1
Australian Open,1/20/2024,Grand Slam,Outdoor,Hard,3rd Round,5,Ruud C.,Norrie C.,Norrie C.,11,22,2910,1710,1.36,3.2,4-6 7-6 4-6 3-6
Australian Open,1/20/2024,Grand Slam,Outdoor,Hard,3rd Round,5,Borges N.,Dimitrov G.,Borges N.,69,13,814,2775,10,1.06,6-7 6-4 6-2 7-6
Australian Open,1/20/2024,Grand Slam,Outdoor,Hard,3rd Round,5,Auger-Aliassime F.,Medvedev D.,Medvedev D.,30,3,1425,7555,5,1.17,3-6 4-6 3-6
Australian Open,1/20/2024,Grand Slam,Outdoor,Hard,3rd Round,5,Zverev A.,Michelsen A.,Zverev A.,6,91,4275,656,1.17,5,6-2 7-6 6-2
Australian Open,1/21/2024,Grand Slam,Outdoor,Hard,4th Round,5,Mannarino A.,Djokovic N.,Djokovic N.,19,1,1765,11055,19,1.02,0-6 0-6 3-6
Australian Open,1/21/2024,Grand Slam,Outdoor,Hard,4th Round,5,Fritz T.,Tsitsipas S.,Fritz T.,12,7,2840,4025,2.2,1.67,7-6 5-7 6-3 6-3
Australian Open,1/21/2024,Grand Slam,Outdoor,Hard,4th Round,5,Khachanov K.,Sinner J.,Sinner J.,15,4,2430,6490,8,1.08,4-6 5-7 3-6
Australian Open,1/21/2024,Grand Slam,Outdoor,Hard,4th Round,5,Rublev A.,De Minaur A.,Rublev A.,5,10,5010,2950,1.73,2.1,6-4 6-7 6-7 6-3 6-0
Australian Open,1/22/2024,Grand Slam,Outdoor,Hard,4th Round,5,Borges N.,Medvedev D.,Medvedev D.,69,3,814,7555,13,1.04,3-6 6-7 7-5 1-6
Australian Open,1/22/2024,Grand Slam,Outdoor,Hard,4th Round,5,Hurkacz H.,Cazaux A.,Hurkacz H.,9,122,3320,529,1.33,3.4,7-6 7-6 6-4
Australian Open,1/22/2024,Grand Slam,Outdoor,Hard,4th Round,5,Norrie C.,Zverev A.,Zverev A.,22,6,1710,4275,4,1.25,5-7 6-3 3-6 6-4 6-7
Australian Open,1/22/2024,Grand Slam,Outdoor,Hard,4th Round,5,Alcaraz C.,Kecmanovic M.,Alcaraz C.,2,60,8855,890,1.05,11,6-4 6-4 6-0
Australian Open,1/23/2024,Grand Slam,Outdoor,Hard,Quarterfinals,5,Fritz T.,Djokovic N.,Djokovic N.,12,1,2840,11055,7,1.1,6-7 6-4 2-6 3-6
Australian Open,1/23/2024,Grand Slam,Outdoor,Hard,Quarterfinals,5,Sinner J.,Rublev A.,Sinner J.,4,5,6490,5010,1.2,4.5,6-4 7-6 6-3
Australian Open,1/24/2024,Grand Slam,Outdoor,Hard,Quarterfinals,5,Hurkacz H.,Medvedev D.,Medvedev D.,9,3,3320,7555,3,1.4,6-7 6-2 3-6 7-5 4-6
Australian Open,1/24/2024,Grand Slam,Outdoor,Hard,Quarterfinals,5,Zverev A.,Alcaraz C.,Zverev A.,6,2,4275,8855,4.5,1.2,6-1 6-3 6-7 6-4
Australian Open,1/26/2024,Grand Slam,Outdoor,Hard,Semifinals,5,Djokovic N.,Sinner J.,Sinner J.,1,4,11055,6490,1.5,2.63,1-6 2-6 7-6 3-6
Australian Open,1/26/2024,Grand Slam,Outdoor,Hard,Semifinals,5,Medvedev D.,Zverev A.,Medvedev D.,3,6,7555,4275,1.73,2.1,5-7 3-6 7-6 7-6 6-3
Australian Open,1/28/2024,Grand Slam,Outdoor,Hard,The Final,5,Medvedev D.,Sinner J.,Sinner J.,3,4,7555,6490,3.25,1.36,6-3 6-3 4-6 4-6 3-6
BNP Paribas Open,3/6/2024,Masters 1000,Outdoor,Hard,1st Round,3,O Connell C.,Draper J.,O Connell C.,66,37,819,1151,4.33,1.22,1-6 6-3 6-2
BNP Paribas Open,3/6/2024,Masters 1000,Outdoor,Hard,1st Round,3,Giron M.,Kokkinakis T.,Kokkinakis T.,48,99,1015,609,1.5,2.63,3-6 5-7
BNP Paribas Open,3/6/2024,Masters 1000,Outdoor,Hard,1st Round,3,Hanfmann Y.,Cachin P.,Hanfmann Y.,57,79,920,754,1.4,3,6-7 6-4 6-1
BNP Paribas Open,3/6/2024,Masters 1000,Outdoor,Hard,1st Round,3,Koepfer D.,Shevchenko A.,Shevchenko A.,49,51,1008,1000,1.67,2.2,3-6 6-1 6-7
BNP Paribas Open,3/6/2024,Masters 1000,Outdoor,Hard,1st Round,3,Nakashima B.,Eubanks C.,Nakashima B.,93,34,645,1234,1.5,2.63,6-3 7-6
BNP Paribas Open,3/6/2024,Masters 1000,Outdoor,Hard,1st Round,3,Van Assche L.,Arnaldi M.,Arnaldi M.,86,40,696,1091,2.63,1.5,6-7 6-7
BNP Paribas Open,3/6/2024,Masters 1000,Outdoor,Hard,1st Round,3,Marozsan F.,Rodionov J.,Marozsan F.,58,96,914,631,1.57,2.38,6-3 6-2
BNP Paribas Open,3/6/2024,Masters 1000,Outdoor,Hard,1st Round,3,Goffin D.,Murray A.,Murray A.,112,61,553,885,2.2,1.67,3-6 2-6
BNP Paribas Open,3/6/2024,Masters 1000,Outdoor,Hard,1st Round,3,Daniel T.,Galan D.E.,Daniel T.,76,84,773,709,1.44,2.75,6-4 6-1
BNP Paribas Open,3/7/2024,Masters 1000,Outdoor,Hard,1st Round,3,Mochizuki S.,Vukic A.,Vukic A.,149,69,448,801,1.91,1.91,6-7 6-7
BNP Paribas Open,3/7/2024,Masters 1000,Outdoor,Hard,1st Round,3,Machac T.,Wawrinka S.,Machac T.,63,70,868,797,1.5,2.63,7-6 4-6 6-2
BNP Paribas Open,3/7/2024,Masters 1000,Outdoor,Hard,1st Round,3,Kecmanovic M.,Sonego L.,Sonego L.,47,55,1030,935,1.73,2.1,6-7 4-6
BNP Paribas Open,3/7/2024,Masters 1000,Outdoor,Hard,1st Round,3,Lestienne C.,Kudla D.,Lestienne C.,100,179,606,342,1.73,2.1,3-6 6-2 6-4
BNP Paribas Open,3/7/2024,Masters 1000,Outdoor,Hard,1st Round,3,Altmaier D.,Pouille L.,Pouille L.,53,273,961,202,1.8,2,4-6 3-6
BNP Paribas Open,3/7/2024,Masters 1000,Outdoor,Hard,1st Round,3,Lajovic D.,Ruusuvuori E.,Lajovic D.,56,46,927,1041,2.75,1.44,7-5 6-2
BNP Paribas Open,3/7/2024,Masters 1000,Outdoor,Hard,1st Round,3,Evans D.,Safiullin R.,Safiullin R.,45,42,1066,1080,2.2,1.67,1-6 7-5 2-6
BNP Paribas Open,3/7/2024,Masters 1000,Outdoor,Hard,1st Round,3,Monfils G.,Purcell M.,Monfils G.,54,71,937,796,1.29,3.75,6-1 6-2
BNP Paribas Open,3/7/2024,Masters 1000,Outdoor,Hard,1st Round,3,Hong S.,Mensik J.,Mensik J.,227,81,268,751,4.5,1.2,3-6 4-6
BNP Paribas Open,3/7/2024,Masters 1000,Outdoor,Hard,1st Round,3,Coric B.,Ofner S.,Coric B.,35,38,1194,1116,1.3,3.5,6-2 3-6 6-0
BNP Paribas Open,3/7/2024,Masters 1000,Outdoor,Hard,1st Round,3,Munar J.,Michelsen A.,Michelsen A.,75,80,776,754,3.2,1.36,2-6 3-6
BNP Paribas Open,3/7/2024,Masters 1000,Outdoor,Hard,1st Round,3,Seyboth Wild T.,Wolf J.J.,Seyboth Wild T.,65,94,820,640,1.57,2.38,6-2 6-1
BNP Paribas Open,3/8/2024,Masters 1000,Outdoor,Hard,1st Round,3,Thompson J.,Shang J.,Shang J.,33,139,1246,465,1.44,2.75,2-6 3-6
BNP Paribas Open,3/8/2024,Masters 1000,Outdoor,Hard,1st Round,3,Fils A.,Borges N.,Fils A.,43,60,1078,887,1.73,2.1,7-6 6-2
BNP Paribas Open,3/8/2024,Masters 1000,Outdoor,Hard,1st Round,3,Zapata Miralles B.,Fognini F.,Fognini F.,144,108,457,568,2.5,1.53,6-4 2-6 3-6
BNP Paribas Open,3/8/2024,Masters 1000,Outdoor,Hard,1st Round,3,Kypson P.,Quinn E.,Kypson P.,151,284,443,196,1.67,2.2,6-1 7-6
BNP Paribas Open,3/8/2024,Masters 1000,Outdoor,Hard,1st Round,3,Nagal S.,Raonic M.,Raonic M.,101,224,603,275,3,1.4,3-6 3-6
BNP Paribas Open,3/8/2024,Masters 1000,Outdoor,Hard,1st Round,3,Zhang Zh.,Kovacevic A.,Zhang Zh.,50,92,1006,654,1.62,2.3,6-7 6-3 7-5
BNP Paribas Open,3/8/2024,Masters 1000,Outdoor,Hard,1st Round,3,Grenier H.,Muller A.,Muller A.,146,88,455,689,2,1.8,6-7 5-7
BNP Paribas Open,3/8/2024,Masters 1000,Outdoor,Hard,1st Round,3,Tabilo A.,Kotov P.,Tabilo A.,39,67,1116,819,1.62,2.3,4-6 6-3 7-5
BNP Paribas Open,3/8/2024,Masters 1000,Outdoor,Hard,1st Round,3,Van De Zandschulp B.,Shapovalov D.,Shapovalov D.,82,131,750,485,2.3,1.62,1-6 4-6
BNP Paribas Open,3/8/2024,Masters 1000,Outdoor,Hard,1st Round,3,Carballes Baena R.,Cobolli F.,Carballes Baena R.,64,62,831,880,3.2,1.36,6-4 6-4
BNP Paribas Open,3/8/2024,Masters 1000,Outdoor,Hard,1st Round,3,Moreno De Alboran N.,Klein L.,Klein L.,166,141,387,459,2.38,1.57,6-7 4-6
BNP Paribas Open,3/8/2024,Masters 1000,Outdoor,Hard,2nd Round,3,De Minaur A.,Daniel T.,De Minaur A.,10,76,3210,773,1.07,9,6-1 6-2
BNP Paribas Open,3/8/2024,Masters 1000,Outdoor,Hard,2nd Round,3,Kokkinakis T.,Sinner J.,Sinner J.,99,3,609,8270,8,1.08,3-6 0-6
BNP Paribas Open,3/8/2024,Masters 1000,Outdoor,Hard,2nd Round,3,Auger-Aliassime F.,Lestienne C.,Auger-Aliassime F.,31,100,1295,606,1.25,4,6-4 6-1
BNP Paribas Open,3/8/2024,Masters 1000,Outdoor,Hard,2nd Round,3,O Connell C.,Zverev A.,Zverev A.,66,6,819,4950,5.5,1.14,4-6 4-6
BNP Paribas Open,3/8/2024,Masters 1000,Outdoor,Hard,2nd Round,3,Rublev A.,Murray A.,Rublev A.,5,61,5010,885,1.2,4.5,7-6 6-1
BNP Paribas Open,3/8/2024,Masters 1000,Outdoor,Hard,2nd Round,3,Pouille L.,Tsitsipas S.,Tsitsipas S.,273,11,202,3170,5.5,1.14,3-6 2-6
BNP Paribas Open,3/8/2024,Masters 1000,Outdoor,Hard,2nd Round,3,Marozsan F.,Jarry N.,Marozsan F.,58,24,914,1575,2.2,1.67,3-6 7-5 6-4
BNP Paribas Open,3/9/2024,Masters 1000,Outdoor,Hard,2nd Round,3,Mensik J.,Shelton B.,Shelton B.,81,16,751,2145,2.63,1.5,6-4 3-6 4-6
BNP Paribas Open,3/9/2024,Masters 1000,Outdoor,Hard,2nd Round,3,Griekspoor T.,Hanfmann Y.,Griekspoor T.,27,57,1445,920,1.4,3,6-3 6-3
BNP Paribas Open,3/9/2024,Masters 1000,Outdoor,Hard,2nd Round,3,Nakashima B.,Lehecka J.,Lehecka J.,93,32,645,1260,2,1.8,6-3 3-6 4-6
BNP Paribas Open,3/9/2024,Masters 1000,Outdoor,Hard,2nd Round,3,Alcaraz C.,Arnaldi M.,Alcaraz C.,2,40,8805,1091,1.1,7,6-7 6-0 6-1
BNP Paribas Open,3/9/2024,Masters 1000,Outdoor,Hard,2nd Round,3,Shang J.,Bublik A.,Bublik A.,139,20,465,1984,2.3,1.62,4-6 1-6
BNP Paribas Open,3/9/2024,Masters 1000,Outdoor,Hard,2nd Round,3,Struff J.L.,Coric B.,Struff J.L.,25,35,1531,1194,2.3,1.62,6-7 6-2 7-6
BNP Paribas Open,3/9/2024,Masters 1000,Outdoor,Hard,2nd Round,3,Khachanov K.,Seyboth Wild T.,Seyboth Wild T.,15,65,2300,820,1.29,3.75,1-6 5-7
BNP Paribas Open,3/9/2024,Masters 1000,Outdoor,Hard,2nd Round,3,Tiafoe F.,Lajovic D.,Tiafoe F.,18,56,2115,927,1.5,2.63,6-3 6-3
BNP Paribas Open,3/9/2024,Masters 1000,Outdoor,Hard,2nd Round,3,Sonego L.,Norrie C.,Norrie C.,55,28,935,1380,2.2,1.67,4-6 4-6
BNP Paribas Open,3/9/2024,Masters 1000,Outdoor,Hard,2nd Round,3,Mannarino A.,Machac T.,Mannarino A.,21,63,1950,868,2.63,1.5,6-1 6-2
BNP Paribas Open,3/9/2024,Masters 1000,Outdoor,Hard,2nd Round,3,Kypson P.,Humbert U.,Humbert U.,151,14,443,2415,4.5,1.2,4-6 4-6
BNP Paribas Open,3/9/2024,Masters 1000,Outdoor,Hard,2nd Round,3,Nardi L.,Zhang Zh.,Nardi L.,123,50,513,1006,3,1.4,6-3 3-6 6-3
BNP Paribas Open,3/9/2024,Masters 1000,Outdoor,Hard,2nd Round,3,Davidovich Fokina A.,Fils A.,Fils A.,23,43,1595,1078,1.73,2.1,3-6 4-6
BNP Paribas Open,3/9/2024,Masters 1000,Outdoor,Hard,2nd Round,3,Dimitrov G.,Muller A.,Dimitrov G.,13,88,2880,689,1.14,5.5,7-5 6-2
BNP Paribas Open,3/9/2024,Masters 1000,Outdoor,Hard,2nd Round,3,Tabilo A.,Fritz T.,Fritz T.,39,12,1116,3015,5,1.17,6-7 2-6
BNP Paribas Open,3/9/2024,Masters 1000,Outdoor,Hard,2nd Round,3,Baez S.,Fognini F.,Baez S.,19,108,1985,568,1.33,3.4,7-5 6-3
BNP Paribas Open,3/9/2024,Masters 1000,Outdoor,Hard,2nd Round,3,Shapovalov D.,Musetti L.,Musetti L.,131,26,485,1480,1.53,2.5,4-6 6-2 5-7
BNP Paribas Open,3/9/2024,Masters 1000,Outdoor,Hard,2nd Round,3,Djokovic N.,Vukic A.,Djokovic N.,1,69,9675,801,1.02,21,6-2 5-7 6-3
BNP Paribas Open,3/10/2024,Masters 1000,Outdoor,Hard,2nd Round,3,Safiullin R.,Korda S.,Korda S.,42,29,1080,1345,2.38,1.57,4-6 2-6
BNP Paribas Open,3/10/2024,Masters 1000,Outdoor,Hard,2nd Round,3,Ruud C.,Klein L.,Ruud C.,9,141,3405,459,1.2,4.5,6-4 7-6
BNP Paribas Open,3/10/2024,Masters 1000,Outdoor,Hard,2nd Round,3,Michelsen A.,Paul T.,Paul T.,80,17,754,2120,2.75,1.44,2-6 2-6
BNP Paribas Open,3/10/2024,Masters 1000,Outdoor,Hard,2nd Round,3,Monfils G.,Hurkacz H.,Monfils G.,54,8,937,3405,2.63,1.5,6-0 6-7 6-2
BNP Paribas Open,3/10/2024,Masters 1000,Outdoor,Hard,2nd Round,3,Carballes Baena R.,Medvedev D.,Medvedev D.,64,4,831,7715,15,1.03,2-6 3-6
BNP Paribas Open,3/10/2024,Masters 1000,Outdoor,Hard,3rd Round,3,Marozsan F.,Seyboth Wild T.,Marozsan F.,58,65,914,820,2.2,1.67,6-2 6-2
BNP Paribas Open,3/10/2024,Masters 1000,Outdoor,Hard,3rd Round,3,Tiafoe F.,Tsitsipas S.,Tsitsipas S.,18,11,2115,3170,3,1.4,3-6 3-6
BNP Paribas Open,3/10/2024,Masters 1000,Outdoor,Hard,3rd Round,3,De Minaur A.,Bublik A.,De Minaur A.,10,20,3210,1984,1.25,4,7-5 6-0
BNP Paribas Open,3/10/2024,Masters 1000,Outdoor,Hard,3rd Round,3,Auger-Aliassime F.,Alcaraz C.,Alcaraz C.,31,2,1295,8805,4.5,1.2,2-6 3-6
BNP Paribas Open,3/10/2024,Masters 1000,Outdoor,Hard,3rd Round,3,Sinner J.,Struff J.L.,Sinner J.,3,25,8270,1531,1.06,10,6-3 6-4
BNP Paribas Open,3/10/2024,Masters 1000,Outdoor,Hard,3rd Round,3,Rublev A.,Lehecka J.,Lehecka J.,5,32,5010,1260,1.25,4,4-6 4-6
BNP Paribas Open,3/11/2024,Masters 1000,Outdoor,Hard,3rd Round,3,Zverev A.,Griekspoor T.,Zverev A.,6,27,4950,1445,1.29,3.75,7-6 6-3
BNP Paribas Open,3/11/2024,Masters 1000,Outdoor,Hard,3rd Round,3,Cerundolo F.,Shelton B.,Shelton B.,22,16,1840,2145,4,1.25,6-7 6-3 6-7
BNP Paribas Open,3/11/2024,Masters 1000,Outdoor,Hard,3rd Round,3,Rune H.,Musetti L.,Rune H.,7,26,3720,1480,1.33,3.4,6-2 7-6
BNP Paribas Open,3/11/2024,Masters 1000,Outdoor,Hard,3rd Round,3,Norrie C.,Monfils G.,Monfils G.,28,54,1380,937,2,1.8,7-6 6-7 3-6
BNP Paribas Open,3/11/2024,Masters 1000,Outdoor,Hard,3rd Round,3,Paul T.,Humbert U.,Paul T.,17,14,2120,2415,1.91,1.91,6-4 6-4
BNP Paribas Open,3/11/2024,Masters 1000,Outdoor,Hard,3rd Round,3,Fils A.,Ruud C.,Ruud C.,43,9,1078,3405,3,1.4,2-6 4-6
BNP Paribas Open,3/11/2024,Masters 1000,Outdoor,Hard,3rd Round,3,Fritz T.,Baez S.,Fritz T.,12,19,3015,1985,1.17,5,6-2 6-2
BNP Paribas Open,3/11/2024,Masters 1000,Outdoor,Hard,3rd Round,3,Mannarino A.,Dimitrov G.,Dimitrov G.,21,13,1950,2880,4.33,1.22,3-6 3-6
BNP Paribas Open,3/12/2024,Masters 1000,Outdoor,Hard,3rd Round,3,Nardi L.,Djokovic N.,Nardi L.,123,1,513,9675,17,1.03,6-4 3-6 6-3
BNP Paribas Open,3/12/2024,Masters 1000,Outdoor,Hard,3rd Round,3,Korda S.,Medvedev D.,Medvedev D.,29,4,1345,7715,3.4,1.33,4-6 7-5 3-6
BNP Paribas Open,3/12/2024,Masters 1000,Outdoor,Hard,4th Round,3,Lehecka J.,Tsitsipas S.,Lehecka J.,32,11,1260,3170,2.75,1.44,6-2 6-4
BNP Paribas Open,3/12/2024,Masters 1000,Outdoor,Hard,4th Round,3,Marozsan F.,Alcaraz C.,Alcaraz C.,58,2,914,8805,8,1.08,3-6 3-6
BNP Paribas Open,3/12/2024,Masters 1000,Outdoor,Hard,4th Round,3,Zverev A.,De Minaur A.,Zverev A.,6,10,4950,3210,2,1.8,5-7 6-2 6-3
BNP Paribas Open,3/13/2024,Masters 1000,Outdoor,Hard,4th Round,3,Shelton B.,Sinner J.,Sinner J.,16,3,2145,8270,5.5,1.14,6-7 1-6
BNP Paribas Open,3/13/2024,Masters 1000,Outdoor,Hard,4th Round,3,Ruud C.,Monfils G.,Ruud C.,9,54,3405,937,1.4,3,3-6 7-6 6-4
BNP Paribas Open,3/13/2024,Masters 1000,Outdoor,Hard,4th Round,3,Nardi L.,Paul T.,Paul T.,123,17,513,2120,6,1.13,4-6 3-6
BNP Paribas Open,3/13/2024,Masters 1000,Outdoor,Hard,4th Round,3,Medvedev D.,Dimitrov G.,Medvedev D.,4,13,7715,2880,1.57,2.38,6-4 6-4
BNP Paribas Open,3/14/2024,Masters 1000,Outdoor,Hard,4th Round,3,Fritz T.,Rune H.,Rune H.,12,7,3015,3720,1.53,2.5,6-2 6-7 3-6
BNP Paribas Open,3/14/2024,Masters 1000,Outdoor,Hard,Quarterfinals,3,Sinner J.,Lehecka J.,Sinner J.,3,32,8270,1260,1.13,6,6-3 6-3
BNP Paribas Open,3/14/2024,Masters 1000,Outdoor,Hard,Quarterfinals,3,Ruud C.,Paul T.,Paul T.,9,17,3405,2120,1.8,2,2-6 6-1 3-6
BNP Paribas Open,3/14/2024,Masters 1000,Outdoor,Hard,Quarterfinals,3,Alcaraz C.,Zverev A.,Alcaraz C.,2,6,8805,4950,1.36,3.2,6-3 6-1
BNP Paribas Open,3/15/2024,Masters 1000,Outdoor,Hard,Quarterfinals,3,Rune H.,Medvedev D.,Medvedev D.,7,4,3720,7715,2.75,1.44,5-7 4-6
BNP Paribas Open,3/16/2024,Masters 1000,Outdoor,Hard,Semifinals,3,Alcaraz C.,Sinner J.,Alcaraz C.,2,3,8805,8270,2.1,1.73,1-6 6-3 6-2
BNP Paribas Open,3/17/2024,Masters 1000,Outdoor,Hard,Semifinals,3,Paul T.,Medvedev D.,Medvedev D.,17,4,2120,7715,3.4,1.33,6-1 6-7 2-6
BNP Paribas Open,3/17/2024,Masters 1000,Outdoor,Hard,The Final,3,Alcaraz C.,Medvedev D.,Alcaraz C.,2,4,8805,7715,1.36,3.2,7-6 6-1
Miami Open,3/20/2024,Masters 1000,Outdoor,Hard,1st Round,3,Kotov P.,Van Assche L.,Van Assche L.,67,80,823,736,2.1,1.73,3-6 5-7
Miami Open,3/20/2024,Masters 1000,Outdoor,Hard,1st Round,3,Van De Zandschulp B.,Hijikata R.,Van De Zandschulp B.,77,81,750,724,1.67,2.2,7-5 7-6
Miami Open,3/20/2024,Masters 1000,Outdoor,Hard,1st Round,3,Darderi L.,Shapovalov D.,Shapovalov D.,75,126,771,505,4,1.25,3-6 7-6 4-6
Miami Open,3/20/2024,Masters 1000,Outdoor,Hard,1st Round,3,Draper J.,Daniel T.,Draper J.,42,78,1071,742,1.17,5,6-3 6-2
Miami Open,3/20/2024,Masters 1000,Outdoor,Hard,1st Round,3,Kopriva V.,O Connell C.,O Connell C.,116,66,531,833,3.75,1.29,2-6 4-6
Miami Open,3/20/2024,Masters 1000,Outdoor,Hard,1st Round,3,Cobolli F.,Nishioka Y.,Cobolli F.,63,71,865,778,2.1,1.73,1-6 6-1 6-4
Miami Open,3/20/2024,Masters 1000,Outdoor,Hard,1st Round,3,Blanch D.,Machac T.,Machac T.,652,60,50,891,23,1.01,4-6 2-6
Miami Open,3/20/2024,Masters 1000,Outdoor,Hard,1st Round,3,Fucsovics M.,Purcell M.,Fucsovics M.,86,68,692,796,1.44,2.75,6-2 6-1
Miami Open,3/20/2024,Masters 1000,Outdoor,Hard,1st Round,3,Cachin P.,Vavassori A.,Vavassori A.,79,148,739,450,2.63,1.5,2-6 2-6
Miami Open,3/20/2024,Masters 1000,Outdoor,Hard,1st Round,3,Murray A.,Berrettini M.,Murray A.,62,142,870,470,2.1,1.73,4-6 6-3 6-4
Miami Open,3/20/2024,Masters 1000,Outdoor,Hard,1st Round,3,Borges N.,Seyboth Wild T.,Seyboth Wild T.,61,76,887,768,1.91,1.91,4-6 5-7
Miami Open,3/20/2024,Masters 1000,Outdoor,Hard,1st Round,3,Shang J.,Kecmanovic M.,Shang J.,124,46,507,1030,2.2,1.67,7-6 4-6 7-6
Miami Open,3/20/2024,Masters 1000,Outdoor,Hard,1st Round,3,Zhang Zh.,Damm M.,Damm M.,49,204,1005,296,1.29,3.75,6-7 6-7
Miami Open,3/20/2024,Masters 1000,Outdoor,Hard,1st Round,3,Arnaldi M.,Fils A.,Arnaldi M.,38,37,1096,1128,2.1,1.73,6-3 6-4
Miami Open,3/21/2024,Masters 1000,Outdoor,Hard,1st Round,3,Klein L.,Michelsen A.,Michelsen A.,128,73,502,776,2.1,1.73,6-7 2-6
Miami Open,3/21/2024,Masters 1000,Outdoor,Hard,1st Round,3,Koepfer D.,Giron M.,Koepfer D.,50,51,1002,1000,2.3,1.62,4-6 6-1 6-4
Miami Open,3/21/2024,Masters 1000,Outdoor,Hard,1st Round,3,Mayot H.,Altmaier D.,Altmaier D.,141,54,472,951,2.1,1.73,2-6 5-7
Miami Open,3/21/2024,Masters 1000,Outdoor,Hard,1st Round,3,Djere L.,Wong C.,Djere L.,35,212,1180,285,1.5,2.63,7-5 7-6
Miami Open,3/21/2024,Masters 1000,Outdoor,Hard,1st Round,3,Walton A.,Auger-Aliassime F.,Auger-Aliassime F.,150,36,445,1165,4.33,1.22,5-7 4-6
Miami Open,3/21/2024,Masters 1000,Outdoor,Hard,1st Round,3,Ofner S.,Nishikori K.,Ofner S.,40,351,1076,143,1.8,2,6-3 6-4
Miami Open,3/21/2024,Masters 1000,Outdoor,Hard,1st Round,3,Nakashima B.,Tabilo A.,Tabilo A.,92,44,650,1040,1.57,2.38,4-6 6-3 3-6
Miami Open,3/21/2024,Masters 1000,Outdoor,Hard,1st Round,3,Evans D.,Sonego L.,Evans D.,43,53,1066,955,2.2,1.67,1-6 6-3 6-4
Miami Open,3/21/2024,Masters 1000,Outdoor,Hard,1st Round,3,Muller A.,Kwon S.W.,Kwon S.W.,85,863,709,20,1.44,2.75,6-7 3-6
Miami Open,3/21/2024,Masters 1000,Outdoor,Hard,1st Round,3,Marozsan F.,Kovacevic A.,Marozsan F.,57,98,929,616,1.67,2.2,6-3 6-2
Miami Open,3/21/2024,Masters 1000,Outdoor,Hard,1st Round,3,Ruusuvuori E.,Hanfmann Y.,Hanfmann Y.,48,56,1006,940,1.25,4,4-6 6-4 4-6
Miami Open,3/21/2024,Masters 1000,Outdoor,Hard,1st Round,3,Landaluce M.,Munar J.,Landaluce M.,360,72,137,776,2.63,1.5,6-3 1-6 7-5
Miami Open,3/21/2024,Masters 1000,Outdoor,Hard,1st Round,3,Vukic A.,Carballes Baena R.,Carballes Baena R.,65,64,834,851,1.3,3.5,6-7 3-6
Miami Open,3/21/2024,Masters 1000,Outdoor,Hard,1st Round,3,Bautista Agut R.,Nava E.,Bautista Agut R.,100,132,614,488,1.73,2.1,6-3 7-6
Miami Open,3/21/2024,Masters 1000,Outdoor,Hard,1st Round,3,Diaz Acosta F.,Popyrin A.,Popyrin A.,55,45,943,1032,2.63,1.5,2-6 2-6
Miami Open,3/21/2024,Masters 1000,Outdoor,Hard,1st Round,3,Shevchenko A.,Galan D.E.,Shevchenko A.,58,84,924,712,1.53,2.5,6-7 7-6 7-5
Miami Open,3/21/2024,Masters 1000,Outdoor,Hard,1st Round,3,Lajovic D.,Monfils G.,Monfils G.,52,47,957,1027,3.4,1.33,6-7 4-6
Miami Open,3/22/2024,Masters 1000,Outdoor,Hard,1st Round,3,Safiullin R.,Schwartzman D.,Safiullin R.,39,122,1085,513,1.33,3.4,6-2 6-4
Miami Open,3/22/2024,Masters 1000,Outdoor,Hard,2nd Round,3,Van De Zandschulp B.,Humbert U.,Humbert U.,77,15,750,2420,4,1.25,4-6 3-6
Miami Open,3/22/2024,Masters 1000,Outdoor,Hard,2nd Round,3,Machac T.,Rublev A.,Machac T.,60,6,891,4970,4,1.25,6-4 6-4
Miami Open,3/23/2024,Masters 1000,Outdoor,Hard,2nd Round,3,Tiafoe F.,O Connell C.,O Connell C.,22,66,1805,833,1.5,2.63,5-7 6-7
Miami Open,3/23/2024,Masters 1000,Outdoor,Hard,2nd Round,3,Jarry N.,Draper J.,Jarry N.,23,42,1575,1071,3,1.4,7-6 4-6 7-6
Miami Open,3/23/2024,Masters 1000,Outdoor,Hard,2nd Round,3,Michelsen A.,Griekspoor T.,Griekspoor T.,73,26,776,1450,2,1.8,6-7 7-6 4-6
Miami Open,3/23/2024,Masters 1000,Outdoor,Hard,2nd Round,3,Koepfer D.,Baez S.,Koepfer D.,50,19,1002,1990,1.62,2.3,6-3 6-2
Miami Open,3/23/2024,Masters 1000,Outdoor,Hard,2nd Round,3,Fritz T.,Seyboth Wild T.,Seyboth Wild T.,13,76,2935,768,1.17,5,3-6 4-6
Miami Open,3/23/2024,Masters 1000,Outdoor,Hard,2nd Round,3,Shapovalov D.,Tsitsipas S.,Shapovalov D.,126,11,505,3255,3,1.4,6-2 6-4
Miami Open,3/23/2024,Masters 1000,Outdoor,Hard,2nd Round,3,Shang J.,Davidovich Fokina A.,Davidovich Fokina A.,124,28,507,1425,2.5,1.53,3-6 5-7
Miami Open,3/23/2024,Masters 1000,Outdoor,Hard,2nd Round,3,Murray A.,Etcheverry T.,Murray A.,62,30,870,1325,1.57,2.38,7-6 6-3
Miami Open,3/23/2024,Masters 1000,Outdoor,Hard,2nd Round,3,Vavassori A.,Sinner J.,Sinner J.,148,3,450,8310,13,1.04,3-6 4-6
Miami Open,3/23/2024,Masters 1000,Outdoor,Hard,2nd Round,3,Ruud C.,Van Assche L.,Ruud C.,8,80,3560,736,1.22,4.33,7-6 1-6 6-1
Miami Open,3/23/2024,Masters 1000,Outdoor,Hard,2nd Round,3,Bublik A.,Arnaldi M.,Arnaldi M.,18,38,2002,1096,1.73,2.1,4-6 1-6
Miami Open,3/23/2024,Masters 1000,Outdoor,Hard,2nd Round,3,Medvedev D.,Fucsovics M.,Medvedev D.,4,86,7765,692,1.14,5.5,6-4 6-2
Miami Open,3/23/2024,Masters 1000,Outdoor,Hard,2nd Round,3,Cobolli F.,Norrie C.,Norrie C.,63,31,865,1250,3.75,1.29,5-7 7-6 2-6
Miami Open,3/23/2024,Masters 1000,Outdoor,Hard,2nd Round,3,Hurkacz H.,Shevchenko A.,Hurkacz H.,9,58,3370,924,1.17,5,6-4 6-7 6-3
Miami Open,3/23/2024,Masters 1000,Outdoor,Hard,2nd Round,3,Bautista Agut R.,Korda S.,Korda S.,100,29,614,1395,3.5,1.3,7-6 3-6 4-6
Miami Open,3/23/2024,Masters 1000,Outdoor,Hard,2nd Round,3,Zverev A.,Auger-Aliassime F.,Zverev A.,5,36,5060,1165,1.4,3,6-2 6-4
Miami Open,3/23/2024,Masters 1000,Outdoor,Hard,2nd Round,3,Evans D.,Eubanks C.,Eubanks C.,43,32,1066,1233,1.67,2.2,6-7 6-3 6-7
Miami Open,3/23/2024,Masters 1000,Outdoor,Hard,2nd Round,3,Alcaraz C.,Carballes Baena R.,Alcaraz C.,2,64,8805,851,1.02,21,6-2 6-1
Miami Open,3/24/2024,Masters 1000,Outdoor,Hard,2nd Round,3,Ofner S.,Cerundolo F.,Cerundolo F.,40,21,1076,1845,2.3,1.62,6-7 7-6 1-6
Miami Open,3/24/2024,Masters 1000,Outdoor,Hard,2nd Round,3,Khachanov K.,Djere L.,Khachanov K.,16,35,2265,1180,1.2,4.5,6-2 6-4
Miami Open,3/24/2024,Masters 1000,Outdoor,Hard,2nd Round,3,Thompson J.,Monfils G.,Monfils G.,34,47,1211,1027,2.63,1.5,7-6 1-6 2-6
Miami Open,3/24/2024,Masters 1000,Outdoor,Hard,2nd Round,3,Hanfmann Y.,Mannarino A.,Hanfmann Y.,56,20,940,1955,2.63,1.5,3-6 7-6 6-4
Miami Open,3/24/2024,Masters 1000,Outdoor,Hard,2nd Round,3,Altmaier D.,Struff J.L.,Struff J.L.,54,25,951,1484,2.38,1.57,3-6 3-6
Miami Open,3/24/2024,Masters 1000,Outdoor,Hard,2nd Round,3,Shelton B.,Landaluce M.,Shelton B.,17,360,2220,137,1.11,6.5,6-3 6-4
Miami Open,3/24/2024,Masters 1000,Outdoor,Hard,2nd Round,3,Safiullin R.,Musetti L.,Musetti L.,39,24,1085,1520,1.5,2.63,5-7 1-6
Miami Open,3/24/2024,Masters 1000,Outdoor,Hard,2nd Round,3,Popyrin A.,Lehecka J.,Popyrin A.,45,27,1032,1435,2.63,1.5,6-4 6-4
Miami Open,3/24/2024,Masters 1000,Outdoor,Hard,2nd Round,3,Tabilo A.,Dimitrov G.,Dimitrov G.,44,12,1040,2935,4.5,1.2,7-6 6-7 2-6
Miami Open,3/24/2024,Masters 1000,Outdoor,Hard,2nd Round,3,De Minaur A.,Kwon S.W.,De Minaur A.,10,863,3300,20,1.07,9,6-3 6-2
Miami Open,3/24/2024,Masters 1000,Outdoor,Hard,2nd Round,3,Rune H.,Marozsan F.,Marozsan F.,7,57,3875,929,1.36,3.2,1-6 1-6
Miami Open,3/24/2024,Masters 1000,Outdoor,Hard,3rd Round,3,Sinner J.,Griekspoor T.,Sinner J.,3,26,8310,1450,1.07,9,5-7 7-5 6-1
Miami Open,3/24/2024,Masters 1000,Outdoor,Hard,3rd Round,3,Murray A.,Machac T.,Machac T.,62,60,870,891,2.5,1.53,7-5 5-7 6-7
Miami Open,3/24/2024,Masters 1000,Outdoor,Hard,3rd Round,3,Arnaldi M.,Shapovalov D.,Arnaldi M.,38,126,1096,505,2,1.8,6-3 7-6
Miami Open,3/24/2024,Masters 1000,Outdoor,Hard,3rd Round,3,Damm M.,O Connell C.,O Connell C.,204,66,296,833,3,1.4,6-7 6-7
Miami Open,3/24/2024,Masters 1000,Outdoor,Hard,3rd Round,3,Jarry N.,Seyboth Wild T.,Jarry N.,23,76,1575,768,1.91,1.91,6-7 7-5 6-3
Miami Open,3/24/2024,Masters 1000,Outdoor,Hard,3rd Round,3,Davidovich Fokina A.,Ruud C.,Ruud C.,28,8,1425,3560,2.63,1.5,3-6 4-6
Miami Open,3/25/2024,Masters 1000,Outdoor,Hard,3rd Round,3,Koepfer D.,Humbert U.,Koepfer D.,50,15,1002,2420,3.4,1.33,3-6 6-4 6-3
Miami Open,3/25/2024,Masters 1000,Outdoor,Hard,3rd Round,3,Norrie C.,Medvedev D.,Medvedev D.,31,4,1250,7765,5,1.17,5-7 1-6
Miami Open,3/25/2024,Masters 1000,Outdoor,Hard,3rd Round,3,Marozsan F.,Popyrin A.,Marozsan F.,57,45,929,1032,1.67,2.2,7-5 6-3
Miami Open,3/25/2024,Masters 1000,Outdoor,Hard,3rd Round,3,Cerundolo F.,Khachanov K.,Khachanov K.,21,16,1845,2265,3.75,1.29,1-6 7-5 6-7
Miami Open,3/25/2024,Masters 1000,Outdoor,Hard,3rd Round,3,Zverev A.,Eubanks C.,Zverev A.,5,32,5060,1233,1.07,9,7-6 6-3
Miami Open,3/25/2024,Masters 1000,Outdoor,Hard,3rd Round,3,Struff J.L.,De Minaur A.,De Minaur A.,25,10,1484,3300,4.5,1.2,6-7 4-6
Miami Open,3/25/2024,Masters 1000,Outdoor,Hard,3rd Round,3,Hurkacz H.,Korda S.,Hurkacz H.,9,29,3370,1395,1.53,2.5,7-6 6-7 6-3
Miami Open,3/25/2024,Masters 1000,Outdoor,Hard,3rd Round,3,Monfils G.,Alcaraz C.,Alcaraz C.,47,2,1027,8805,8,1.08,2-6 4-6
Miami Open,3/25/2024,Masters 1000,Outdoor,Hard,3rd Round,3,Dimitrov G.,Hanfmann Y.,Dimitrov G.,12,56,2935,940,1.1,7,6-1 6-0
Miami Open,3/25/2024,Masters 1000,Outdoor,Hard,3rd Round,3,Shelton B.,Musetti L.,Musetti L.,17,24,2220,1520,1.3,3.5,4-6 6-7
Miami Open,3/26/2024,Masters 1000,Outdoor,Hard,4th Round,3,Machac T.,Arnaldi M.,Machac T.,60,38,891,1096,1.8,2,6-3 6-3
Miami Open,3/26/2024,Masters 1000,Outdoor,Hard,4th Round,3,Koepfer D.,Medvedev D.,Medvedev D.,50,4,1002,7765,7,1.1,6-7 0-6
Miami Open,3/26/2024,Masters 1000,Outdoor,Hard,4th Round,3,Jarry N.,Ruud C.,Jarry N.,23,8,1575,3560,2.75,1.44,7-6 6-3
Miami Open,3/26/2024,Masters 1000,Outdoor,Hard,4th Round,3,O Connell C.,Sinner J.,Sinner J.,66,3,833,8310,11,1.05,4-6 3-6
Miami Open,3/26/2024,Masters 1000,Outdoor,Hard,4th Round,3,Dimitrov G.,Hurkacz H.,Dimitrov G.,12,9,2935,3370,1.62,2.3,3-6 6-3 7-6
Miami Open,3/26/2024,Masters 1000,Outdoor,Hard,4th Round,3,Musetti L.,Alcaraz C.,Alcaraz C.,24,2,1520,8805,9,1.07,3-6 3-6
Miami Open,3/27/2024,Masters 1000,Outdoor,Hard,4th Round,3,Marozsan F.,De Minaur A.,Marozsan F.,57,10,929,3300,3.4,1.33,6-4 0-6 6-1
Miami Open,3/27/2024,Masters 1000,Outdoor,Hard,4th Round,3,Khachanov K.,Zverev A.,Zverev A.,16,5,2265,5060,3,1.4,1-6 4-6
Miami Open,3/27/2024,Masters 1000,Outdoor,Hard,Quarterfinals,3,Sinner J.,Machac T.,Sinner J.,3,60,8310,891,1.08,8,6-4 6-2
Miami Open,3/28/2024,Masters 1000,Outdoor,Hard,Quarterfinals,3,Jarry N.,Medvedev D.,Medvedev D.,23,4,1575,7765,5.5,1.14,2-6 6-7
Miami Open,3/28/2024,Masters 1000,Outdoor,Hard,Quarterfinals,3,Zverev A.,Marozsan F.,Zverev A.,5,57,5060,929,1.29,3.75,6-3 7-5
Miami Open,3/28/2024,Masters 1000,Outdoor,Hard,Quarterfinals,3,Alcaraz C.,Dimitrov G.,Dimitrov G.,2,12,8805,2935,1.14,5.5,2-6 4-6
Miami Open,3/29/2024,Masters 1000,Outdoor,Hard,Semifinals,3,Sinner J.,Medvedev D.,Sinner J.,3,4,8310,7765,1.5,2.63,6-1 6-2
Miami Open,3/29/2024,Masters 1000,Outdoor,Hard,Semifinals,3,Zverev A.,Dimitrov G.,Dimitrov G.,5,12,5060,2935,1.62,2.3,4-6 7-6 4-6
Miami Open,3/31/2024,Masters 1000,Outdoor,Hard,The Final,3,Sinner J.,Dimitrov G.,Sinner J.,3,12,8310,2935,1.22,4.33,6-3 6-1
Monte Carlo Masters,4/7/2024,Masters 1000,Outdoor,Clay,1st Round,3,Struff J.L.,Baez S.,Struff J.L.,25,19,1493,1955,2.75,1.44,1-6 7-6 6-2
Monte Carlo Masters,4/7/2024,Masters 1000,Outdoor,Clay,1st Round,3,Koepfer D.,Griekspoor T.,Griekspoor T.,54,26,938,1475,2.2,1.67,6-7 6-4 2-6
Monte Carlo Masters,4/7/2024,Masters 1000,Outdoor,Clay,1st Round,3,Coric B.,Bublik A.,Coric B.,33,18,1204,1992,1.53,2.5,6-1 6-1
Monte Carlo Masters,4/7/2024,Masters 1000,Outdoor,Clay,1st Round,3,Fritz T.,Musetti L.,Musetti L.,13,24,2765,1590,1.91,1.91,4-6 4-6
Monte Carlo Masters,4/8/2024,Masters 1000,Outdoor,Clay,1st Round,3,Ofner S.,Evans D.,Ofner S.,44,50,1056,996,1.8,2,6-1 6-4
Monte Carlo Masters,4/8/2024,Masters 1000,Outdoor,Clay,1st Round,3,Nardi L.,Auger-Aliassime F.,Auger-Aliassime F.,76,35,748,1150,2.2,1.67,2-6 3-6
Monte Carlo Masters,4/8/2024,Masters 1000,Outdoor,Clay,1st Round,3,Popyrin A.,Moutet C.,Popyrin A.,46,101,1047,612,2.1,1.73,3-6 7-5 6-2
Monte Carlo Masters,4/8/2024,Masters 1000,Outdoor,Clay,1st Round,3,Arnaldi M.,Nagal S.,Nagal S.,38,93,1121,656,1.44,2.75,7-5 2-6 4-6
Monte Carlo Masters,4/8/2024,Masters 1000,Outdoor,Clay,1st Round,3,Cerundolo F.,Altmaier D.,Cerundolo F.,22,52,1715,955,1.57,2.38,6-2 7-6
Monte Carlo Masters,4/8/2024,Masters 1000,Outdoor,Clay,1st Round,3,Vacherot V.,Dimitrov G.,Dimitrov G.,138,9,464,3540,8,1.08,5-7 2-6
Monte Carlo Masters,4/8/2024,Masters 1000,Outdoor,Clay,1st Round,3,Tabilo A.,O Connell C.,Tabilo A.,45,62,1051,886,1.57,2.38,6-3 6-4
Monte Carlo Masters,4/8/2024,Masters 1000,Outdoor,Clay,1st Round,3,Hanfmann Y.,Fils A.,Fils A.,61,36,888,1145,3,1.4,0-6 2-6
Monte Carlo Masters,4/8/2024,Masters 1000,Outdoor,Clay,1st Round,3,Khachanov K.,Norrie C.,Khachanov K.,17,30,2005,1290,1.67,2.2,7-5 7-6
Monte Carlo Masters,4/8/2024,Masters 1000,Outdoor,Clay,1st Round,3,Munar J.,Safiullin R.,Safiullin R.,72,41,775,1089,1.62,2.3,5-7 1-6
Monte Carlo Masters,4/8/2024,Masters 1000,Outdoor,Clay,1st Round,3,Humbert U.,Coria F.,Humbert U.,15,89,2425,687,1.36,3.2,4-6 6-1 6-2
Monte Carlo Masters,4/9/2024,Masters 1000,Outdoor,Clay,1st Round,3,Giron M.,Zhang Zh.,Zhang Zh.,48,49,1030,1005,2.1,1.73,4-6 6-3 3-6
Monte Carlo Masters,4/9/2024,Masters 1000,Outdoor,Clay,1st Round,3,De Minaur A.,Wawrinka S.,De Minaur A.,11,79,3355,742,1.4,3,6-3 6-0
Monte Carlo Masters,4/9/2024,Masters 1000,Outdoor,Clay,1st Round,3,Diaz Acosta F.,Bautista Agut R.,Bautista Agut R.,53,90,943,668,2,1.8,2-6 4-6
Monte Carlo Masters,4/9/2024,Masters 1000,Outdoor,Clay,1st Round,3,Korda S.,Davidovich Fokina A.,Korda S.,27,29,1445,1395,2,1.8,6-1 6-2
Monte Carlo Masters,4/9/2024,Masters 1000,Outdoor,Clay,1st Round,3,Draper J.,Hurkacz H.,Hurkacz H.,39,8,1101,3665,2.2,1.67,4-6 6-3 6-7
Monte Carlo Masters,4/9/2024,Masters 1000,Outdoor,Clay,1st Round,3,Kecmanovic M.,Berrettini M.,Kecmanovic M.,66,84,855,720,3,1.4,6-3 6-1
Monte Carlo Masters,4/9/2024,Masters 1000,Outdoor,Clay,1st Round,3,Jarry N.,Etcheverry T.,Etcheverry T.,21,31,1755,1260,1.57,2.38,4-6 5-7
Monte Carlo Masters,4/9/2024,Masters 1000,Outdoor,Clay,1st Round,3,Monfils G.,Vukic A.,Monfils G.,40,65,1092,856,1.1,7,6-7 6-3 7-5
Monte Carlo Masters,4/9/2024,Masters 1000,Outdoor,Clay,2nd Round,3,Safiullin R.,Djokovic N.,Djokovic N.,41,1,1089,9725,5.5,1.14,1-6 2-6
Monte Carlo Masters,4/9/2024,Masters 1000,Outdoor,Clay,2nd Round,3,Zverev A.,Ofner S.,Zverev A.,5,44,5415,1056,1.1,7,6-3 6-4
Monte Carlo Masters,4/9/2024,Masters 1000,Outdoor,Clay,2nd Round,3,Coric B.,Struff J.L.,Struff J.L.,33,25,1204,1493,1.91,1.91,6-7 1-6
Monte Carlo Masters,4/9/2024,Masters 1000,Outdoor,Clay,2nd Round,3,Musetti L.,Fils A.,Musetti L.,24,36,1590,1145,1.5,2.63,6-3 7-5
Monte Carlo Masters,4/10/2024,Masters 1000,Outdoor,Clay,2nd Round,3,Rublev A.,Popyrin A.,Popyrin A.,6,46,4890,1047,1.25,4,4-6 4-6
Monte Carlo Masters,4/10/2024,Masters 1000,Outdoor,Clay,2nd Round,3,Sonego L.,Auger-Aliassime F.,Sonego L.,57,35,915,1150,2.63,1.5,6-4 7-5
Monte Carlo Masters,4/10/2024,Masters 1000,Outdoor,Clay,2nd Round,3,Griekspoor T.,De Minaur A.,De Minaur A.,26,11,1475,3355,2.75,1.44,6-2 2-6 3-6
Monte Carlo Masters,4/10/2024,Masters 1000,Outdoor,Clay,2nd Round,3,Khachanov K.,Cerundolo F.,Khachanov K.,17,22,2005,1715,1.67,2.2,4-6 6-4 6-3
Monte Carlo Masters,4/10/2024,Masters 1000,Outdoor,Clay,2nd Round,3,Korda S.,Sinner J.,Sinner J.,27,2,1445,8710,6,1.13,1-6 2-6
Monte Carlo Masters,4/10/2024,Masters 1000,Outdoor,Clay,2nd Round,3,Humbert U.,Zhang Zh.,Humbert U.,15,49,2425,1005,1.4,3,6-1 6-4
Monte Carlo Masters,4/10/2024,Masters 1000,Outdoor,Clay,2nd Round,3,Etcheverry T.,Tsitsipas S.,Tsitsipas S.,31,12,1260,3175,3.2,1.36,1-6 0-6
Monte Carlo Masters,4/10/2024,Masters 1000,Outdoor,Clay,2nd Round,3,Hurkacz H.,Bautista Agut R.,Hurkacz H.,8,90,3665,668,1.44,2.75,7-5 7-6
Monte Carlo Masters,4/10/2024,Masters 1000,Outdoor,Clay,2nd Round,3,Monfils G.,Medvedev D.,Medvedev D.,40,4,1092,7165,3.4,1.33,2-6 4-6
Monte Carlo Masters,4/10/2024,Masters 1000,Outdoor,Clay,2nd Round,3,Ruud C.,Tabilo A.,Ruud C.,10,45,3465,1051,1.25,4,6-2 6-4
Monte Carlo Masters,4/11/2024,Masters 1000,Outdoor,Clay,2nd Round,3,Kecmanovic M.,Dimitrov G.,Dimitrov G.,66,9,855,3540,3.4,1.33,4-6 3-6
Monte Carlo Masters,4/11/2024,Masters 1000,Outdoor,Clay,2nd Round,3,Rune H.,Nagal S.,Rune H.,7,93,3795,656,1.25,4,6-3 3-6 6-2
Monte Carlo Masters,4/11/2024,Masters 1000,Outdoor,Clay,3rd Round,3,Popyrin A.,De Minaur A.,De Minaur A.,46,11,1047,3355,2.75,1.44,3-6 4-6
Monte Carlo Masters,4/11/2024,Masters 1000,Outdoor,Clay,3rd Round,3,Khachanov K.,Medvedev D.,Khachanov K.,17,4,2005,7165,3,1.4,6-3 7-5
Monte Carlo Masters,4/11/2024,Masters 1000,Outdoor,Clay,3rd Round,3,Zverev A.,Tsitsipas S.,Tsitsipas S.,5,12,5415,3175,1.8,2,5-7 6-7
Monte Carlo Masters,4/11/2024,Masters 1000,Outdoor,Clay,3rd Round,3,Djokovic N.,Musetti L.,Djokovic N.,1,24,9725,1590,1.2,4.5,7-5 6-3
Monte Carlo Masters,4/11/2024,Masters 1000,Outdoor,Clay,3rd Round,3,Dimitrov G.,Rune H.,Rune H.,9,7,3540,3795,1.67,2.2,6-7 6-3 6-7
Monte Carlo Masters,4/11/2024,Masters 1000,Outdoor,Clay,3rd Round,3,Sinner J.,Struff J.L.,Sinner J.,2,25,8710,1493,1.07,9,6-4 6-2
Monte Carlo Masters,4/11/2024,Masters 1000,Outdoor,Clay,3rd Round,3,Hurkacz H.,Ruud C.,Ruud C.,8,10,3665,3465,2.75,1.44,4-6 2-6
Monte Carlo Masters,4/11/2024,Masters 1000,Outdoor,Clay,3rd Round,3,Humbert U.,Sonego L.,Humbert U.,15,57,2425,915,1.5,2.63,5-7 6-3 6-1
Monte Carlo Masters,4/12/2024,Masters 1000,Outdoor,Clay,Quarterfinals,3,Khachanov K.,Tsitsipas S.,Tsitsipas S.,17,12,2005,3175,3,1.4,4-6 2-6
Monte Carlo Masters,4/12/2024,Masters 1000,Outdoor,Clay,Quarterfinals,3,Sinner J.,Rune H.,Sinner J.,2,7,8710,3795,1.11,6.5,6-4 6-7 6-3
Monte Carlo Masters,4/12/2024,Masters 1000,Outdoor,Clay,Quarterfinals,3,De Minaur A.,Djokovic N.,Djokovic N.,11,1,3355,9725,4.33,1.22,5-7 4-6
Monte Carlo Masters,4/12/2024,Masters 1000,Outdoor,Clay,Quarterfinals,3,Ruud C.,Humbert U.,Ruud C.,10,15,3465,2425,1.3,3.5,6-3 4-6 6-1
Monte Carlo Masters,4/13/2024,Masters 1000,Outdoor,Clay,Semifinals,3,Sinner J.,Tsitsipas S.,Tsitsipas S.,2,12,8710,3175,1.29,3.75,4-6 6-3 4-6
Monte Carlo Masters,4/13/2024,Masters 1000,Outdoor,Clay,Semifinals,3,Ruud C.,Djokovic N.,Ruud C.,10,1,3465,9725,3,1.4,6-4 1-6 6-4
Monte Carlo Masters,4/14/2024,Masters 1000,Outdoor,Clay,The Final,3,Ruud C.,Tsitsipas S.,Tsitsipas S.,10,12,3465,3175,2.2,1.67,1-6 4-6
Mutua Madrid Open,4/24/2024,Masters 1000,Outdoor,Clay,1st Round,3,Borges N.,Munar J.,Munar J.,56,73,916,785,2.2,1.67,5-7 4-6
Mutua Madrid Open,4/24/2024,Masters 1000,Outdoor,Clay,1st Round,3,Navone M.,Popyrin A.,Navone M.,41,46,1141,1057,2.1,1.73,7-5 6-2
Mutua Madrid Open,4/24/2024,Masters 1000,Outdoor,Clay,1st Round,3,Vukic A.,Daniel T.,Daniel T.,62,85,857,717,1.91,1.91,2-6 7-6 1-6
Mutua Madrid Open,4/24/2024,Masters 1000,Outdoor,Clay,1st Round,3,Seyboth Wild T.,Safiullin R.,Seyboth Wild T.,63,42,849,1139,1.73,2.1,6-4 6-4
Mutua Madrid Open,4/24/2024,Masters 1000,Outdoor,Clay,1st Round,3,Landaluce M.,Altmaier D.,Altmaier D.,322,61,160,871,3.4,1.33,1-6 5-7
Mutua Madrid Open,4/24/2024,Masters 1000,Outdoor,Clay,1st Round,3,Shevchenko A.,Rinderknech A.,Shevchenko A.,59,77,879,744,2,1.8,6-4 5-7 6-3
Mutua Madrid Open,4/24/2024,Masters 1000,Outdoor,Clay,1st Round,3,Bergs Z.,Van Assche L.,Van Assche L.,103,99,597,630,2.2,1.67,4-6 7-6 1-6
Mutua Madrid Open,4/24/2024,Masters 1000,Outdoor,Clay,1st Round,3,Darderi L.,Monfils G.,Darderi L.,60,40,875,1142,2.3,1.62,6-4 6-2
Mutua Madrid Open,4/24/2024,Masters 1000,Outdoor,Clay,1st Round,3,Karatsev A.,Marozsan F.,Marozsan F.,48,37,1041,1164,5.5,1.14,6-7 6-7
Mutua Madrid Open,4/24/2024,Masters 1000,Outdoor,Clay,1st Round,3,Coric B.,Hassan B.,Coric B.,34,159,1244,395,1.3,3.5,6-7 7-5 6-3
Mutua Madrid Open,4/24/2024,Masters 1000,Outdoor,Clay,1st Round,3,Kokkinakis T.,Draper J.,Draper J.,93,43,650,1106,2.5,1.53,3-6 6-3 5-7
Mutua Madrid Open,4/24/2024,Masters 1000,Outdoor,Clay,1st Round,3,Bagnis F.,Nakashima B.,Bagnis F.,136,81,460,725,3,1.4,6-3 7-6
Mutua Madrid Open,4/24/2024,Masters 1000,Outdoor,Clay,1st Round,3,Eubanks C.,Van De Zandschulp B.,Van De Zandschulp B.,44,115,1087,545,3.4,1.33,3-6 3-6
Mutua Madrid Open,4/24/2024,Masters 1000,Outdoor,Clay,1st Round,3,Klein L.,Llamas Ruiz P.,Klein L.,120,146,524,434,1.91,1.91,6-1 4-6 7-6
Mutua Madrid Open,4/24/2024,Masters 1000,Outdoor,Clay,1st Round,3,Moutet C.,Shang J.,Shang J.,88,111,695,560,1.57,2.38,7-6 2-6 6-7
Mutua Madrid Open,4/24/2024,Masters 1000,Outdoor,Clay,1st Round,3,Shapovalov D.,Diaz Acosta F.,Shapovalov D.,132,47,465,1048,2.38,1.57,6-4 3-6 6-3
Mutua Madrid Open,4/25/2024,Masters 1000,Outdoor,Clay,1st Round,3,Ofner S.,Cachin P.,Cachin P.,45,91,1076,653,1.44,2.75,3-6 3-6
Mutua Madrid Open,4/25/2024,Masters 1000,Outdoor,Clay,1st Round,3,Cobolli F.,Tabilo A.,Cobolli F.,64,38,848,1151,2.38,1.57,5-7 6-4 6-4
Mutua Madrid Open,4/25/2024,Masters 1000,Outdoor,Clay,1st Round,3,Nishioka Y.,Auger-Aliassime F.,Auger-Aliassime F.,78,35,743,1240,4.33,1.22,6-4 1-6 4-6
Mutua Madrid Open,4/25/2024,Masters 1000,Outdoor,Clay,1st Round,3,Machac T.,Ruusuvuori E.,Machac T.,50,71,1013,795,1.5,2.63,6-4 1-6 6-2
Mutua Madrid Open,4/25/2024,Masters 1000,Outdoor,Clay,1st Round,3,Giron M.,Purcell M.,Purcell M.,51,80,995,731,1.29,3.75,6-4 4-6 6-7
Mutua Madrid Open,4/25/2024,Masters 1000,Outdoor,Clay,1st Round,3,Sonego L.,Gasquet R.,Sonego L.,52,116,976,545,1.44,2.75,6-2 7-5
Mutua Madrid Open,4/25/2024,Masters 1000,Outdoor,Clay,1st Round,3,Lajovic D.,Monteiro T.,Monteiro T.,65,118,846,545,1.53,2.5,4-6 3-6
Mutua Madrid Open,4/25/2024,Masters 1000,Outdoor,Clay,1st Round,3,Arnaldi M.,O Connell C.,Arnaldi M.,36,67,1191,822,1.33,3.4,6-4 6-1
Mutua Madrid Open,4/25/2024,Masters 1000,Outdoor,Clay,1st Round,3,Galan D.E.,Bautista Agut R.,Bautista Agut R.,89,86,666,708,3,1.4,6-7 6-4 1-6
Mutua Madrid Open,4/25/2024,Masters 1000,Outdoor,Clay,1st Round,3,Mensik J.,Hanfmann Y.,Mensik J.,74,58,766,899,1.73,2.1,6-4 7-6
Mutua Madrid Open,4/25/2024,Masters 1000,Outdoor,Clay,1st Round,3,Zhang Zh.,Kecmanovic M.,Kecmanovic M.,49,66,1038,830,2.2,1.67,3-6 2-6
Mutua Madrid Open,4/25/2024,Masters 1000,Outdoor,Clay,1st Round,3,Kotov P.,Ramos-Vinolas A.,Kotov P.,72,105,787,590,1.62,2.3,6-3 6-4
Mutua Madrid Open,4/25/2024,Masters 1000,Outdoor,Clay,1st Round,3,Kovacevic A.,Medjedovic H.,Medjedovic H.,97,130,638,475,2.75,1.44,6-4 5-7 4-6
Mutua Madrid Open,4/25/2024,Masters 1000,Outdoor,Clay,1st Round,3,Nadal R.,Blanch D.,Nadal R.,512,622,75,54,1.04,13,6-1 6-0
Mutua Madrid Open,4/25/2024,Masters 1000,Outdoor,Clay,1st Round,3,Michelsen A.,Fonseca J.,Fonseca J.,70,242,799,241,2.38,1.57,6-4 0-6 2-6
Mutua Madrid Open,4/25/2024,Masters 1000,Outdoor,Clay,1st Round,3,Carballes Baena R.,Koepfer D.,Carballes Baena R.,68,54,821,938,1.53,2.5,6-1 3-6 7-6
Mutua Madrid Open,4/26/2024,Masters 1000,Outdoor,Clay,2nd Round,3,Klein L.,Paul T.,Paul T.,120,16,524,2350,2.3,1.62,7-6 1-6 4-6
Mutua Madrid Open,4/26/2024,Masters 1000,Outdoor,Clay,2nd Round,3,Seyboth Wild T.,Musetti L.,Seyboth Wild T.,63,29,849,1355,2.3,1.62,6-4 6-4
Mutua Madrid Open,4/26/2024,Masters 1000,Outdoor,Clay,2nd Round,3,Marozsan F.,Cerundolo F.,Cerundolo F.,37,22,1164,1680,1.67,2.2,2-6 6-7
Mutua Madrid Open,4/26/2024,Masters 1000,Outdoor,Clay,2nd Round,3,Rublev A.,Bagnis F.,Rublev A.,8,136,3830,460,1.2,4.5,6-1 6-4
Mutua Madrid Open,4/26/2024,Masters 1000,Outdoor,Clay,2nd Round,3,Fils A.,Altmaier D.,Altmaier D.,32,61,1273,871,1.57,2.38,2-6 3-6
Mutua Madrid Open,4/26/2024,Masters 1000,Outdoor,Clay,2nd Round,3,Davidovich Fokina A.,Shang J.,Davidovich Fokina A.,28,111,1355,560,1.44,2.75,7-5 6-3
Mutua Madrid Open,4/26/2024,Masters 1000,Outdoor,Clay,2nd Round,3,Etcheverry T.,Shapovalov D.,Shapovalov D.,27,132,1475,465,1.53,2.5,6-7 3-6
Mutua Madrid Open,4/26/2024,Masters 1000,Outdoor,Clay,2nd Round,3,Baez S.,Van Assche L.,Baez S.,19,99,1955,630,1.4,3,6-4 6-7 6-3
Mutua Madrid Open,4/26/2024,Masters 1000,Outdoor,Clay,2nd Round,3,Draper J.,Hurkacz H.,Hurkacz H.,43,9,1106,3675,2.2,1.67,1-6 5-7
Mutua Madrid Open,4/26/2024,Masters 1000,Outdoor,Clay,2nd Round,3,Alcaraz C.,Shevchenko A.,Alcaraz C.,3,59,8145,879,1.05,11,6-2 6-1
Mutua Madrid Open,4/26/2024,Masters 1000,Outdoor,Clay,2nd Round,3,Darderi L.,Fritz T.,Fritz T.,60,13,875,2560,2.75,1.44,6-7 4-6
Mutua Madrid Open,4/26/2024,Masters 1000,Outdoor,Clay,2nd Round,3,Humbert U.,Van De Zandschulp B.,Humbert U.,14,115,2535,545,1.4,3,6-3 6-3
Mutua Madrid Open,4/26/2024,Masters 1000,Outdoor,Clay,2nd Round,3,Navone M.,Rune H.,Rune H.,41,12,1141,3245,3,1.4,7-5 6-7 4-6
Mutua Madrid Open,4/26/2024,Masters 1000,Outdoor,Clay,2nd Round,3,Struff J.L.,Munar J.,Struff J.L.,24,73,1628,785,1.5,2.63,6-1 7-5
Mutua Madrid Open,4/26/2024,Masters 1000,Outdoor,Clay,2nd Round,3,Daniel T.,Griekspoor T.,Griekspoor T.,85,25,717,1505,3,1.4,6-4 3-6 4-6
Mutua Madrid Open,4/26/2024,Masters 1000,Outdoor,Clay,2nd Round,3,Zverev A.,Coric B.,Zverev A.,5,34,5425,1244,1.2,4.5,6-3 6-2
Mutua Madrid Open,4/27/2024,Masters 1000,Outdoor,Clay,2nd Round,3,Tsitsipas S.,Monteiro T.,Monteiro T.,7,118,4030,545,1.13,6,4-6 4-6
Mutua Madrid Open,4/27/2024,Masters 1000,Outdoor,Clay,2nd Round,3,Korda S.,Purcell M.,Korda S.,26,80,1485,731,1.13,6,6-3 6-3
Mutua Madrid Open,4/27/2024,Masters 1000,Outdoor,Clay,2nd Round,3,Medjedovic H.,Lehecka J.,Lehecka J.,130,31,475,1305,2.1,1.73,5-7 4-6
Mutua Madrid Open,4/27/2024,Masters 1000,Outdoor,Clay,2nd Round,3,Sinner J.,Sonego L.,Sinner J.,2,52,8660,976,1.04,13,6-0 6-3
Mutua Madrid Open,4/27/2024,Masters 1000,Outdoor,Clay,2nd Round,3,Tiafoe F.,Cachin P.,Cachin P.,21,91,1685,653,1.53,2.5,6-7 6-3 4-6
Mutua Madrid Open,4/27/2024,Masters 1000,Outdoor,Clay,2nd Round,3,Kotov P.,Thompson J.,Kotov P.,72,33,787,1256,1.67,2.2,5-7 6-4 7-5
Mutua Madrid Open,4/27/2024,Masters 1000,Outdoor,Clay,2nd Round,3,De Minaur A.,Nadal R.,Nadal R.,11,512,3470,75,1.67,2.2,6-7 3-6
Mutua Madrid Open,4/27/2024,Masters 1000,Outdoor,Clay,2nd Round,3,Medvedev D.,Arnaldi M.,Medvedev D.,4,36,7085,1191,1.5,2.63,2-6 6-4 6-4
Mutua Madrid Open,4/27/2024,Masters 1000,Outdoor,Clay,2nd Round,3,Carballes Baena R.,Bublik A.,Bublik A.,68,18,821,1992,1.4,3,6-1 2-6 2-6
Mutua Madrid Open,4/27/2024,Masters 1000,Outdoor,Clay,2nd Round,3,Mensik J.,Dimitrov G.,Mensik J.,74,10,766,3640,3.4,1.33,6-2 6-7 6-3
Mutua Madrid Open,4/27/2024,Masters 1000,Outdoor,Clay,2nd Round,3,Bautista Agut R.,Khachanov K.,Khachanov K.,86,17,708,2080,2.75,1.44,6-3 3-6 5-7
Mutua Madrid Open,4/27/2024,Masters 1000,Outdoor,Clay,2nd Round,3,Auger-Aliassime F.,Mannarino A.,Auger-Aliassime F.,35,20,1240,1875,1.11,6.5,6-0 6-4
Mutua Madrid Open,4/27/2024,Masters 1000,Outdoor,Clay,2nd Round,3,Jarry N.,Cobolli F.,Cobolli F.,23,64,1675,848,1.53,2.5,3-6 6-3 3-6
Mutua Madrid Open,4/27/2024,Masters 1000,Outdoor,Clay,2nd Round,3,Shelton B.,Machac T.,Shelton B.,15,50,2480,1013,1.73,2.1,6-0 6-2
Mutua Madrid Open,4/27/2024,Masters 1000,Outdoor,Clay,2nd Round,3,Fonseca J.,Norrie C.,Norrie C.,242,30,241,1345,2.63,1.5,1-6 4-6
Mutua Madrid Open,4/27/2024,Masters 1000,Outdoor,Clay,2nd Round,3,Ruud C.,Kecmanovic M.,Ruud C.,6,66,4480,830,1.17,5,6-4 6-1
Mutua Madrid Open,4/28/2024,Masters 1000,Outdoor,Clay,3rd Round,3,Humbert U.,Struff J.L.,Struff J.L.,14,24,2535,1628,2.2,1.67,5-7 4-6
Mutua Madrid Open,4/28/2024,Masters 1000,Outdoor,Clay,3rd Round,3,Griekspoor T.,Rune H.,Griekspoor T.,25,12,1505,3245,2.75,1.44,6-4 4-6 6-3
Mutua Madrid Open,4/28/2024,Masters 1000,Outdoor,Clay,3rd Round,3,Davidovich Fokina A.,Rublev A.,Rublev A.,28,8,1355,3830,2.75,1.44,6-7 4-6
Mutua Madrid Open,4/28/2024,Masters 1000,Outdoor,Clay,3rd Round,3,Hurkacz H.,Altmaier D.,Hurkacz H.,9,61,3675,871,1.3,3.5,6-4 7-6
Mutua Madrid Open,4/28/2024,Masters 1000,Outdoor,Clay,3rd Round,3,Seyboth Wild T.,Alcaraz C.,Alcaraz C.,63,3,849,8145,9,1.07,3-6 3-6
Mutua Madrid Open,4/28/2024,Masters 1000,Outdoor,Clay,3rd Round,3,Fritz T.,Baez S.,Fritz T.,13,19,2560,1955,1.57,2.38,6-2 6-3
Mutua Madrid Open,4/28/2024,Masters 1000,Outdoor,Clay,3rd Round,3,Paul T.,Cerundolo F.,Cerundolo F.,16,22,2350,1680,2.2,1.67,7-6 4-6 2-6
Mutua Madrid Open,4/28/2024,Masters 1000,Outdoor,Clay,3rd Round,3,Zverev A.,Shapovalov D.,Zverev A.,5,132,5425,465,1.17,5,6-4 7-5
Mutua Madrid Open,4/29/2024,Masters 1000,Outdoor,Clay,3rd Round,3,Shelton B.,Bublik A.,Bublik A.,15,18,2480,1992,1.36,3.2,6-3 6-7 4-6
Mutua Madrid Open,4/29/2024,Masters 1000,Outdoor,Clay,3rd Round,3,Lehecka J.,Monteiro T.,Lehecka J.,31,118,1305,545,1.53,2.5,6-4 7-6
Mutua Madrid Open,4/29/2024,Masters 1000,Outdoor,Clay,3rd Round,3,Korda S.,Medvedev D.,Medvedev D.,26,4,1485,7085,2.63,1.5,7-5 6-7 3-6
Mutua Madrid Open,4/29/2024,Masters 1000,Outdoor,Clay,3rd Round,3,Nadal R.,Cachin P.,Nadal R.,512,91,75,653,1.14,5.5,6-1 6-7 6-3
Mutua Madrid Open,4/29/2024,Masters 1000,Outdoor,Clay,3rd Round,3,Norrie C.,Ruud C.,Ruud C.,30,6,1345,4480,4.5,1.2,2-6 4-6
Mutua Madrid Open,4/29/2024,Masters 1000,Outdoor,Clay,3rd Round,3,Sinner J.,Kotov P.,Sinner J.,2,72,8660,787,1.03,17,6-2 7-5
Mutua Madrid Open,4/29/2024,Masters 1000,Outdoor,Clay,3rd Round,3,Cobolli F.,Khachanov K.,Khachanov K.,64,17,848,2080,3.2,1.36,5-7 4-6
Mutua Madrid Open,4/30/2024,Masters 1000,Outdoor,Clay,4th Round,3,Medvedev D.,Bublik A.,Medvedev D.,4,18,7085,1992,1.2,4.5,7-6 6-4
Mutua Madrid Open,4/30/2024,Masters 1000,Outdoor,Clay,4th Round,3,Griekspoor T.,Rublev A.,Rublev A.,25,8,1505,3830,2.75,1.44,2-6 4-6
Mutua Madrid Open,4/30/2024,Masters 1000,Outdoor,Clay,4th Round,3,Fritz T.,Hurkacz H.,Fritz T.,13,9,2560,3675,1.8,2,7-6 6-4
Mutua Madrid Open,4/30/2024,Masters 1000,Outdoor,Clay,4th Round,3,Zverev A.,Cerundolo F.,Cerundolo F.,5,22,5425,1680,1.2,4.5,3-6 4-6
Mutua Madrid Open,4/30/2024,Masters 1000,Outdoor,Clay,4th Round,3,Alcaraz C.,Struff J.L.,Alcaraz C.,3,24,8145,1628,1.17,5,6-3 6-7 7-6
Mutua Madrid Open,4/30/2024,Masters 1000,Outdoor,Clay,4th Round,3,Khachanov K.,Sinner J.,Sinner J.,17,2,2080,8660,4.33,1.22,7-5 3-6 3-6
Mutua Madrid Open,4/30/2024,Masters 1000,Outdoor,Clay,4th Round,3,Auger-Aliassime F.,Ruud C.,Auger-Aliassime F.,35,6,1240,4480,4,1.25,6-4 7-5
Mutua Madrid Open,4/30/2024,Masters 1000,Outdoor,Clay,4th Round,3,Nadal R.,Lehecka J.,Lehecka J.,512,31,75,1305,1.91,1.91,5-7 4-6
Mutua Madrid Open,5/1/2024,Masters 1000,Outdoor,Clay,Quarterfinals,3,Rublev A.,Alcaraz C.,Rublev A.,8,3,3830,8145,4,1.25,4-6 6-3 6-2
Mutua Madrid Open,5/1/2024,Masters 1000,Outdoor,Clay,Quarterfinals,3,Cerundolo F.,Fritz T.,Fritz T.,22,13,1680,2560,2.63,1.5,1-6 6-3 3-6
Mutua Madrid Open,5/3/2024,Masters 1000,Outdoor,Clay,Semifinals,3,Rublev A.,Fritz T.,Rublev A.,8,22,3830,1680,1.62,2.3,6-4 6-3
Mutua Madrid Open,5/5/2024,Masters 1000,Outdoor,Clay,The Final,3,Auger-Aliassime F.,Rublev A.,Rublev A.,35,8,1240,3830,3.4,1.33,6-4 5-7 5-7
Internazionali BNL d'Italia,5/8/2024,Masters 1000,Outdoor,Clay,1st Round,3,Zhang Zh.,Galan D.E.,Zhang Zh.,56,90,868,656,1.91,1.91,6-2 7-5
Internazionali BNL d'Italia,5/8/2024,Masters 1000,Outdoor,Clay,1st Round,3,Mensik J.,Hanfmann Y.,Hanfmann Y.,65,59,809,848,1.62,2.3,3-6 2-6
Internazionali BNL d'Italia,5/8/2024,Masters 1000,Outdoor,Clay,1st Round,3,Nishioka Y.,Ofner S.,Nishioka Y.,80,46,721,1036,2.1,1.73,6-3 2-6 7-6
Internazionali BNL d'Italia,5/8/2024,Masters 1000,Outdoor,Clay,1st Round,3,Martinez P.,Borges N.,Borges N.,51,53,937,931,1.91,1.91,7-6 4-6 6-7
Internazionali BNL d'Italia,5/8/2024,Masters 1000,Outdoor,Clay,1st Round,3,Darderi L.,Shapovalov D.,Darderi L.,54,126,918,505,1.67,2.2,6-7 6-3 7-6
Internazionali BNL d'Italia,5/8/2024,Masters 1000,Outdoor,Clay,1st Round,3,Michelsen A.,Kotov P.,Kotov P.,69,63,798,819,2.75,1.44,1-6 1-6
Internazionali BNL d'Italia,5/8/2024,Masters 1000,Outdoor,Clay,1st Round,3,Cobolli F.,Marterer M.,Cobolli F.,57,98,868,616,1.4,3,6-4 6-2
Internazionali BNL d'Italia,5/8/2024,Masters 1000,Outdoor,Clay,1st Round,3,Monfils G.,Monteiro T.,Monteiro T.,38,106,1145,590,2.2,1.67,2-6 5-7
Internazionali BNL d'Italia,5/8/2024,Masters 1000,Outdoor,Clay,1st Round,3,Shevchenko A.,Marozsan F.,Shevchenko A.,60,36,848,1179,2.75,1.44,6-3 6-2
Internazionali BNL d'Italia,5/8/2024,Masters 1000,Outdoor,Clay,1st Round,3,Eubanks C.,Atmane T.,Atmane T.,43,137,1053,463,2.63,1.5,4-6 4-6
Internazionali BNL d'Italia,5/8/2024,Masters 1000,Outdoor,Clay,1st Round,3,Vukic A.,Schwartzman D.,Vukic A.,70,142,792,439,2.38,1.57,6-2 6-2
Internazionali BNL d'Italia,5/9/2024,Masters 1000,Outdoor,Clay,1st Round,3,Vavassori A.,Koepfer D.,Koepfer D.,168,52,355,932,2.2,1.67,4-6 3-6
Internazionali BNL d'Italia,5/9/2024,Masters 1000,Outdoor,Clay,1st Round,3,Munar J.,Hijikata R.,Munar J.,68,79,805,724,1.08,8,6-4 7-5
Internazionali BNL d'Italia,5/9/2024,Masters 1000,Outdoor,Clay,1st Round,3,Barrere G.,Seyboth Wild T.,Seyboth Wild T.,115,61,560,839,3,1.4,4-6 2-6
Internazionali BNL d'Italia,5/9/2024,Masters 1000,Outdoor,Clay,1st Round,3,Medjedovic H.,Popyrin A.,Medjedovic H.,121,42,522,1057,1.8,2,6-3 6-2
Internazionali BNL d'Italia,5/9/2024,Masters 1000,Outdoor,Clay,1st Round,3,Rinderknech A.,Passaro F.,Passaro F.,73,240,754,248,1.67,2.2,7-6 5-7 6-7
Internazionali BNL d'Italia,5/9/2024,Masters 1000,Outdoor,Clay,1st Round,3,Nadal R.,Bergs Z.,Nadal R.,305,108,175,581,1.14,5.5,4-6 6-3 6-4
Internazionali BNL d'Italia,5/9/2024,Masters 1000,Outdoor,Clay,1st Round,3,Wolf J.J.,Napolitano S.,Napolitano S.,101,125,605,506,2.75,1.44,2-6 6-7
Internazionali BNL d'Italia,5/9/2024,Masters 1000,Outdoor,Clay,1st Round,3,Gigante M.,Zeppieri G.,Gigante M.,139,144,456,427,2.38,1.57,7-6 6-4
Internazionali BNL d'Italia,5/9/2024,Masters 1000,Outdoor,Clay,1st Round,3,Safiullin R.,Moutet C.,Moutet C.,39,83,1138,715,2.1,1.73,6-3 6-7 2-6
Internazionali BNL d'Italia,5/9/2024,Masters 1000,Outdoor,Clay,1st Round,3,Kecmanovic M.,Nakashima B.,Kecmanovic M.,58,72,850,760,1.73,2.1,6-4 6-4
Internazionali BNL d'Italia,5/9/2024,Masters 1000,Outdoor,Clay,1st Round,3,Mayot H.,Arnaldi M.,Arnaldi M.,130,37,499,1160,5,1.17,6-3 5-7 4-6
Internazionali BNL d'Italia,5/9/2024,Masters 1000,Outdoor,Clay,1st Round,3,Draper J.,Coric B.,Draper J.,40,55,1136,914,1.67,2.2,7-5 6-1
Internazionali BNL d'Italia,5/9/2024,Masters 1000,Outdoor,Clay,1st Round,3,Ruusuvuori E.,Giron M.,Giron M.,71,49,780,980,1.73,2.1,6-3 3-6 3-6
Internazionali BNL d'Italia,5/9/2024,Masters 1000,Outdoor,Clay,1st Round,3,Struff J.L.,Cachin P.,Struff J.L.,41,99,1120,613,1.22,4.33,6-4 6-4
Internazionali BNL d'Italia,5/9/2024,Masters 1000,Outdoor,Clay,1st Round,3,Moreno De Alboran N.,Van De Zandschulp B.,Van De Zandschulp B.,136,112,466,565,2.75,1.44,5-7 7-6 6-7
Internazionali BNL d'Italia,5/9/2024,Masters 1000,Outdoor,Clay,1st Round,3,Fognini F.,Evans D.,Fognini F.,92,67,650,806,1.53,2.5,6-4 3-6 6-2
Internazionali BNL d'Italia,5/9/2024,Masters 1000,Outdoor,Clay,1st Round,3,Fucsovics M.,Muller A.,Muller A.,50,109,957,577,1.53,2.5,6-4 6-7 2-6
Internazionali BNL d'Italia,5/9/2024,Masters 1000,Outdoor,Clay,1st Round,3,Karatsev A.,Mcdonald M.,Karatsev A.,86,76,675,735,1.25,4,4-6 6-3 6-4
Internazionali BNL d'Italia,5/9/2024,Masters 1000,Outdoor,Clay,1st Round,3,Sonego L.,Lajovic D.,Lajovic D.,47,64,996,811,1.8,2,3-6 7-6 3-6
Internazionali BNL d'Italia,5/9/2024,Masters 1000,Outdoor,Clay,1st Round,3,Nardi L.,Altmaier D.,Nardi L.,81,78,718,733,2.2,1.67,6-4 6-4
Internazionali BNL d'Italia,5/10/2024,Masters 1000,Outdoor,Clay,2nd Round,3,Bublik A.,Borges N.,Borges N.,17,53,2055,931,2.1,1.73,4-6 4-6
Internazionali BNL d'Italia,5/10/2024,Masters 1000,Outdoor,Clay,2nd Round,3,Dimitrov G.,Nishioka Y.,Dimitrov G.,10,80,3605,721,1.11,6.5,7-5 6-4
Internazionali BNL d'Italia,5/10/2024,Masters 1000,Outdoor,Clay,2nd Round,3,Navone M.,Darderi L.,Darderi L.,31,54,1329,918,1.67,2.2,3-6 2-6
Internazionali BNL d'Italia,5/10/2024,Masters 1000,Outdoor,Clay,2nd Round,3,Shelton B.,Kotov P.,Shelton B.,14,63,2460,819,1.5,2.63,4-6 6-3 6-4
Internazionali BNL d'Italia,5/10/2024,Masters 1000,Outdoor,Clay,2nd Round,3,Mannarino A.,Zhang Zh.,Zhang Zh.,21,56,1875,868,5.5,1.14,1-6 3-6
Internazionali BNL d'Italia,5/10/2024,Masters 1000,Outdoor,Clay,2nd Round,3,Monteiro T.,Thompson J.,Monteiro T.,106,35,590,1191,1.4,3,6-1 6-3
Internazionali BNL d'Italia,5/10/2024,Masters 1000,Outdoor,Clay,2nd Round,3,Cobolli F.,Korda S.,Korda S.,57,27,868,1525,2.38,1.57,6-7 6-4 4-6
Internazionali BNL d'Italia,5/10/2024,Masters 1000,Outdoor,Clay,2nd Round,3,Zverev A.,Vukic A.,Zverev A.,5,70,5435,792,1.05,11,6-0 6-4
Internazionali BNL d'Italia,5/10/2024,Masters 1000,Outdoor,Clay,2nd Round,3,Griekspoor T.,Passaro F.,Passaro F.,26,240,1595,248,1.36,3.2,6-4 3-6 6-7
Internazionali BNL d'Italia,5/10/2024,Masters 1000,Outdoor,Clay,2nd Round,3,Khachanov K.,Shevchenko A.,Khachanov K.,18,60,2000,848,1.29,3.75,6-4 6-4
Internazionali BNL d'Italia,5/10/2024,Masters 1000,Outdoor,Clay,2nd Round,3,Hanfmann Y.,Tabilo A.,Tabilo A.,59,32,848,1320,2.5,1.53,3-6 6-7
Internazionali BNL d'Italia,5/10/2024,Masters 1000,Outdoor,Clay,2nd Round,3,Fritz T.,Fognini F.,Fritz T.,13,92,2870,650,1.2,4.5,6-3 6-4
Internazionali BNL d'Italia,5/10/2024,Masters 1000,Outdoor,Clay,2nd Round,3,Ruud C.,Kecmanovic M.,Kecmanovic M.,7,58,4535,850,1.17,5,6-0 4-6 4-6
Internazionali BNL d'Italia,5/10/2024,Masters 1000,Outdoor,Clay,2nd Round,3,Cerundolo F.,Gigante M.,Cerundolo F.,22,139,1870,456,1.29,3.75,6-1 6-3
Internazionali BNL d'Italia,5/10/2024,Masters 1000,Outdoor,Clay,2nd Round,3,Moutet C.,Djokovic N.,Djokovic N.,83,1,715,9990,8,1.08,3-6 1-6
Internazionali BNL d'Italia,5/11/2024,Masters 1000,Outdoor,Clay,2nd Round,3,Etcheverry T.,Seyboth Wild T.,Etcheverry T.,28,61,1460,839,1.73,2.1,6-3 7-5
Internazionali BNL d'Italia,5/11/2024,Masters 1000,Outdoor,Clay,2nd Round,3,Davidovich Fokina A.,Medjedovic H.,Medjedovic H.,33,121,1315,522,1.62,2.3,6-7 4-6
Internazionali BNL d'Italia,5/11/2024,Masters 1000,Outdoor,Clay,2nd Round,3,Jarry N.,Arnaldi M.,Jarry N.,24,37,1675,1160,2.1,1.73,6-2 7-6
Internazionali BNL d'Italia,5/11/2024,Masters 1000,Outdoor,Clay,2nd Round,3,Nadal R.,Hurkacz H.,Hurkacz H.,305,9,175,3730,1.62,2.3,1-6 3-6
Internazionali BNL d'Italia,5/11/2024,Masters 1000,Outdoor,Clay,2nd Round,3,Paul T.,Karatsev A.,Paul T.,16,86,2300,675,1.44,2.75,6-4 6-2
Internazionali BNL d'Italia,5/11/2024,Masters 1000,Outdoor,Clay,2nd Round,3,Shang J.,Napolitano S.,Napolitano S.,105,125,590,506,1.8,2,7-6 1-6 0-6
Internazionali BNL d'Italia,5/11/2024,Masters 1000,Outdoor,Clay,2nd Round,3,Koepfer D.,Tiafoe F.,Koepfer D.,52,25,932,1650,1.91,1.91,6-4 6-2
Internazionali BNL d'Italia,5/11/2024,Masters 1000,Outdoor,Clay,2nd Round,3,Carballes Baena R.,De Minaur A.,De Minaur A.,62,11,826,3435,3.4,1.33,3-6 2-6
Internazionali BNL d'Italia,5/11/2024,Masters 1000,Outdoor,Clay,2nd Round,3,Muller A.,Fils A.,Muller A.,109,34,577,1251,2.2,1.67,7-5 6-3
Internazionali BNL d'Italia,5/11/2024,Masters 1000,Outdoor,Clay,2nd Round,3,Draper J.,Medvedev D.,Medvedev D.,40,4,1136,7195,2.2,1.67,5-7 4-6
Internazionali BNL d'Italia,5/11/2024,Masters 1000,Outdoor,Clay,2nd Round,3,Baez S.,Lajovic D.,Baez S.,19,64,1960,811,1.57,2.38,7-6 7-6
Internazionali BNL d'Italia,5/11/2024,Masters 1000,Outdoor,Clay,2nd Round,3,Munar J.,Norrie C.,Norrie C.,68,30,805,1350,2.38,1.57,3-6 6-1 3-6
Internazionali BNL d'Italia,5/11/2024,Masters 1000,Outdoor,Clay,2nd Round,3,Tsitsipas S.,Struff J.L.,Tsitsipas S.,8,41,3860,1120,1.53,2.5,6-7 6-4 6-4
Internazionali BNL d'Italia,5/11/2024,Masters 1000,Outdoor,Clay,2nd Round,3,Van De Zandschulp B.,Auger-Aliassime F.,Auger-Aliassime F.,112,20,565,1880,3,1.4,1-6 6-7
Internazionali BNL d'Italia,5/11/2024,Masters 1000,Outdoor,Clay,2nd Round,3,Rune H.,Nardi L.,Rune H.,12,81,3250,718,1.33,3.4,6-4 6-4
Internazionali BNL d'Italia,5/11/2024,Masters 1000,Outdoor,Clay,2nd Round,3,Giron M.,Rublev A.,Rublev A.,49,6,980,4740,6.5,1.11,7-5 4-6 5-7
Internazionali BNL d'Italia,5/12/2024,Masters 1000,Outdoor,Clay,3rd Round,3,Monteiro T.,Kecmanovic M.,Monteiro T.,106,58,590,850,2,1.8,6-2 4-6 7-6
Internazionali BNL d'Italia,5/12/2024,Masters 1000,Outdoor,Clay,3rd Round,3,Passaro F.,Borges N.,Borges N.,240,53,248,931,2.63,1.5,6-4 6-7 6-7
Internazionali BNL d'Italia,5/12/2024,Masters 1000,Outdoor,Clay,3rd Round,3,Khachanov K.,Cerundolo F.,Khachanov K.,18,22,2000,1870,1.8,2,6-2 6-4
Internazionali BNL d'Italia,5/12/2024,Masters 1000,Outdoor,Clay,3rd Round,3,Atmane T.,Dimitrov G.,Dimitrov G.,137,10,463,3605,6,1.13,6-7 3-6
Internazionali BNL d'Italia,5/12/2024,Masters 1000,Outdoor,Clay,3rd Round,3,Tabilo A.,Djokovic N.,Tabilo A.,32,1,1320,9990,9,1.07,6-2 6-3
Internazionali BNL d'Italia,5/12/2024,Masters 1000,Outdoor,Clay,3rd Round,3,Korda S.,Fritz T.,Fritz T.,27,13,1525,2870,2.5,1.53,3-6 4-6
Internazionali BNL d'Italia,5/12/2024,Masters 1000,Outdoor,Clay,3rd Round,3,Zverev A.,Darderi L.,Zverev A.,5,54,5435,918,1.2,4.5,7-6 6-2
Internazionali BNL d'Italia,5/12/2024,Masters 1000,Outdoor,Clay,3rd Round,3,Shelton B.,Zhang Zh.,Zhang Zh.,14,56,2460,868,1.53,2.5,2-6 4-6
Internazionali BNL d'Italia,5/13/2024,Masters 1000,Outdoor,Clay,3rd Round,3,De Minaur A.,Auger-Aliassime F.,De Minaur A.,11,20,3435,1880,1.57,2.38,6-7 6-4 6-4
Internazionali BNL d'Italia,5/13/2024,Masters 1000,Outdoor,Clay,3rd Round,3,Norrie C.,Tsitsipas S.,Tsitsipas S.,30,8,1350,3860,4.5,1.2,2-6 6-7
Internazionali BNL d'Italia,5/13/2024,Masters 1000,Outdoor,Clay,3rd Round,3,Muller A.,Rublev A.,Muller A.,109,6,577,4740,5,1.17,3-6 6-3 6-2
Internazionali BNL d'Italia,5/13/2024,Masters 1000,Outdoor,Clay,3rd Round,3,Koepfer D.,Paul T.,Paul T.,52,16,932,2300,2.2,1.67,4-6 3-6
Internazionali BNL d'Italia,5/13/2024,Masters 1000,Outdoor,Clay,3rd Round,3,Jarry N.,Napolitano S.,Jarry N.,24,125,1675,506,1.36,3.2,6-2 4-6 6-4
Internazionali BNL d'Italia,5/13/2024,Masters 1000,Outdoor,Clay,3rd Round,3,Etcheverry T.,Hurkacz H.,Hurkacz H.,28,9,1460,3730,2.63,1.5,6-7 2-6
Internazionali BNL d'Italia,5/13/2024,Masters 1000,Outdoor,Clay,3rd Round,3,Medvedev D.,Medjedovic H.,Medvedev D.,4,121,7195,522,1.4,3,7-6 2-6 7-5
Internazionali BNL d'Italia,5/13/2024,Masters 1000,Outdoor,Clay,3rd Round,3,Rune H.,Baez S.,Baez S.,12,19,3250,1960,1.53,2.5,6-2 2-6 3-6
Internazionali BNL d'Italia,5/14/2024,Masters 1000,Outdoor,Clay,4th Round,3,Tabilo A.,Khachanov K.,Tabilo A.,32,18,1320,2000,3,1.4,7-6 7-6
Internazionali BNL d'Italia,5/14/2024,Masters 1000,Outdoor,Clay,4th Round,3,Dimitrov G.,Fritz T.,Fritz T.,10,13,3605,2870,2.3,1.62,2-6 7-6 1-6
Internazionali BNL d'Italia,5/14/2024,Masters 1000,Outdoor,Clay,4th Round,3,Zhang Zh.,Monteiro T.,Zhang Zh.,56,106,868,590,2.1,1.73,7-6 6-3
Internazionali BNL d'Italia,5/14/2024,Masters 1000,Outdoor,Clay,4th Round,3,Borges N.,Zverev A.,Zverev A.,53,5,931,5435,6,1.13,2-6 5-7
Internazionali BNL d'Italia,5/14/2024,Masters 1000,Outdoor,Clay,4th Round,3,Jarry N.,Muller A.,Jarry N.,24,109,1675,577,1.5,2.63,7-5 6-3
Internazionali BNL d'Italia,5/14/2024,Masters 1000,Outdoor,Clay,4th Round,3,Baez S.,Hurkacz H.,Hurkacz H.,19,9,1960,3730,2.75,1.44,7-5 6-7 4-6
Internazionali BNL d'Italia,5/14/2024,Masters 1000,Outdoor,Clay,4th Round,3,Paul T.,Medvedev D.,Paul T.,16,4,2300,7195,2.63,1.5,6-1 6-4
Internazionali BNL d'Italia,5/14/2024,Masters 1000,Outdoor,Clay,4th Round,3,De Minaur A.,Tsitsipas S.,Tsitsipas S.,11,8,3435,3860,3.2,1.36,1-6 2-6
Internazionali BNL d'Italia,5/15/2024,Masters 1000,Outdoor,Clay,Quarterfinals,3,Tabilo A.,Zhang Zh.,Tabilo A.,32,56,1320,868,1.57,2.38,6-3 6-4
Internazionali BNL d'Italia,5/15/2024,Masters 1000,Outdoor,Clay,Quarterfinals,3,Fritz T.,Zverev A.,Zverev A.,13,5,2870,5435,2.63,1.5,4-6 3-6
Internazionali BNL d'Italia,5/16/2024,Masters 1000,Outdoor,Clay,Quarterfinals,3,Paul T.,Hurkacz H.,Paul T.,16,9,2300,3730,2.3,1.62,7-5 3-6 6-3
Internazionali BNL d'Italia,5/16/2024,Masters 1000,Outdoor,Clay,Quarterfinals,3,Tsitsipas S.,Jarry N.,Jarry N.,8,24,3860,1675,1.25,4,6-3 5-7 4-6
Internazionali BNL d'Italia,5/17/2024,Masters 1000,Outdoor,Clay,Semifinals,3,Zverev A.,Tabilo A.,Zverev A.,5,32,5435,1320,1.22,4.33,1-6 7-6 6-2
Internazionali BNL d'Italia,5/17/2024,Masters 1000,Outdoor,Clay,Semifinals,3,Paul T.,Jarry N.,Jarry N.,16,24,2300,1675,1.73,2.1,3-6 7-6 3-6
Internazionali BNL d'Italia,5/19/2024,Masters 1000,Outdoor,Clay,The Final,3,Zverev A.,Jarry N.,Zverev A.,5,24,5435,1675,1.33,3.4,6-4 7-5
French Open,5/26/2024,Grand Slam,Outdoor,Clay,1st Round,5,Moreno De Alboran N.,Nakashima B.,Nakashima B.,130,84,497,700,2.38,1.57,1-6 7-6 3-6 2-6
French Open,5/26/2024,Grand Slam,Outdoor,Clay,1st Round,5,Rublev A.,Daniel T.,Rublev A.,6,80,4700,715,1.04,13,6-2 6-7 6-3 7-5
French Open,5/26/2024,Grand Slam,Outdoor,Clay,1st Round,5,Tirante T.A.,Martinez P.,Martinez P.,109,48,580,995,3.75,1.29,7-5 4-6 6-3 4-6 3-6
French Open,5/26/2024,Grand Slam,Outdoor,Clay,1st Round,5,Sonego L.,Humbert U.,Sonego L.,49,16,991,2285,2.5,1.53,6-4 2-6 6-4 6-3
French Open,5/26/2024,Grand Slam,Outdoor,Clay,1st Round,5,Vukic A.,Zhang Zh.,Zhang Zh.,89,44,672,1056,3.2,1.36,4-6 6-4 3-6 5-7
French Open,5/26/2024,Grand Slam,Outdoor,Clay,1st Round,5,De Jong J.,Draper J.,De Jong J.,176,39,344,1131,4.5,1.2,7-5 6-4 6-7 3-6 6-3
French Open,5/26/2024,Grand Slam,Outdoor,Clay,1st Round,5,Mochizuki S.,Hurkacz H.,Hurkacz H.,162,8,366,3885,15,1.03,6-4 3-6 6-3 0-6 3-6
French Open,5/26/2024,Grand Slam,Outdoor,Clay,1st Round,5,Dimitrov G.,Kovacevic A.,Dimitrov G.,10,87,3555,681,1.08,8,6-4 6-3 6-4
French Open,5/26/2024,Grand Slam,Outdoor,Clay,1st Round,5,Thompson J.,Marterer M.,Marterer M.,36,101,1156,622,1.62,2.3,3-6 2-6 0-6
French Open,5/26/2024,Grand Slam,Outdoor,Clay,1st Round,5,Alcaraz C.,Wolf J.J.,Alcaraz C.,3,107,7300,585,1.01,26,6-1 6-2 6-1
French Open,5/26/2024,Grand Slam,Outdoor,Clay,1st Round,5,Coric B.,Gasquet R.,Gasquet R.,73,124,744,515,1.36,3.2,6-7 6-7 4-6
French Open,5/26/2024,Grand Slam,Outdoor,Clay,1st Round,5,Muller A.,Nardi L.,Muller A.,90,72,670,748,1.53,2.5,6-4 6-1 6-3
French Open,5/26/2024,Grand Slam,Outdoor,Clay,1st Round,5,Tabilo A.,Bergs Z.,Bergs Z.,24,104,1645,611,1.36,3.2,6-3 6-7 2-6 2-6
French Open,5/26/2024,Grand Slam,Outdoor,Clay,1st Round,5,Nishikori K.,Diallo G.,Nishikori K.,350,166,143,360,2.75,1.44,7-5 7-6 3-6 1-6 7-5
French Open,5/26/2024,Grand Slam,Outdoor,Clay,1st Round,5,Kukushkin M.,Marozsan F.,Marozsan F.,136,43,492,1083,4,1.25,2-6 2-6 3-6
French Open,5/26/2024,Grand Slam,Outdoor,Clay,1st Round,5,Korda S.,Mayot H.,Korda S.,28,122,1565,522,1.17,5,6-2 7-6 6-4
French Open,5/26/2024,Grand Slam,Outdoor,Clay,1st Round,5,Djere L.,Altmaier D.,Altmaier D.,52,83,960,702,2.5,1.53,5-7 4-6 7-6 7-5 6-7
French Open,5/26/2024,Grand Slam,Outdoor,Clay,1st Round,5,Moutet C.,Jarry N.,Moutet C.,79,19,720,2075,2.75,1.44,6-2 6-1 3-6 6-0
French Open,5/26/2024,Grand Slam,Outdoor,Clay,1st Round,5,Atmane T.,Ofner S.,Ofner S.,121,45,525,1038,2.38,1.57,6-3 6-4 6-7 2-6 5-7
French Open,5/26/2024,Grand Slam,Outdoor,Clay,1st Round,5,Wawrinka S.,Murray A.,Wawrinka S.,98,75,628,728,1.53,2.5,6-4 6-4 6-2
French Open,5/27/2024,Grand Slam,Outdoor,Clay,1st Round,5,Ruusuvuori E.,Kwon S.W.,Kwon S.W.,67,494,783,85,1.13,6,3-6 4-6 3-6
French Open,5/27/2024,Grand Slam,Outdoor,Clay,1st Round,5,Shevchenko A.,Karatsev A.,Shevchenko A.,59,82,855,705,1.57,2.38,6-4 4-6 1-6 6-1 6-4
French Open,5/27/2024,Grand Slam,Outdoor,Clay,1st Round,5,Eubanks C.,Sinner J.,Sinner J.,46,2,1028,8770,19,1.02,3-6 3-6 4-6
French Open,5/27/2024,Grand Slam,Outdoor,Clay,1st Round,5,Squire H.,Purcell M.,Squire H.,221,94,280,647,1.44,2.75,6-2 6-2 3-6 4-6 7-6
French Open,5/27/2024,Grand Slam,Outdoor,Clay,1st Round,5,Gaston H.,Shelton B.,Shelton B.,88,15,673,2500,3,1.4,6-3 3-6 4-6 4-6
French Open,5/27/2024,Grand Slam,Outdoor,Clay,1st Round,5,Auger-Aliassime F.,Nishioka Y.,Auger-Aliassime F.,21,70,1885,766,1.2,4.5,6-2 6-4 6-4
French Open,5/27/2024,Grand Slam,Outdoor,Clay,1st Round,5,Heide G.,Baez S.,Baez S.,174,20,346,1990,5,1.17,6-4 3-6 1-6 6-4 3-6
French Open,5/27/2024,Grand Slam,Outdoor,Clay,1st Round,5,Arnaldi M.,Fils A.,Arnaldi M.,35,38,1165,1145,2.2,1.67,6-3 4-6 6-4 6-2
French Open,5/27/2024,Grand Slam,Outdoor,Clay,1st Round,5,Fucsovics M.,Tsitsipas S.,Tsitsipas S.,54,9,922,3700,7,1.1,6-7 4-6 1-6
French Open,5/27/2024,Grand Slam,Outdoor,Clay,1st Round,5,Kovalik J.,Giron M.,Kovalik J.,145,50,427,990,2,1.8,7-6 6-4 3-6 7-6
French Open,5/27/2024,Grand Slam,Outdoor,Clay,1st Round,5,Nagal S.,Khachanov K.,Khachanov K.,95,18,635,2090,6.5,1.11,2-6 0-6 6-7
French Open,5/27/2024,Grand Slam,Outdoor,Clay,1st Round,5,Zverev A.,Nadal R.,Zverev A.,4,275,6305,205,1.3,3.5,6-3 7-6 6-3
French Open,5/27/2024,Grand Slam,Outdoor,Clay,1st Round,5,Norrie C.,Kotov P.,Kotov P.,33,56,1230,892,1.44,2.75,6-4 3-6 6-3 6-7 2-6
French Open,5/27/2024,Grand Slam,Outdoor,Clay,1st Round,5,Cerundolo F.,Hanfmann Y.,Cerundolo F.,27,85,1590,697,1.3,3.5,6-3 6-3 6-4
French Open,5/27/2024,Grand Slam,Outdoor,Clay,1st Round,5,Virtanen O.,Misolic F.,Misolic F.,156,243,387,255,2.63,1.5,6-4 6-4 3-6 4-6 2-6
French Open,5/27/2024,Grand Slam,Outdoor,Clay,1st Round,5,Tiafoe F.,Bellucci M.,Tiafoe F.,26,173,1630,349,1.29,3.75,6-3 3-6 6-7 6-4 6-4
French Open,5/27/2024,Grand Slam,Outdoor,Clay,1st Round,5,Galan D.E.,Musetti L.,Musetti L.,106,30,609,1370,6,1.13,3-6 3-6 5-7
French Open,5/27/2024,Grand Slam,Outdoor,Clay,1st Round,5,Paul T.,Cachin P.,Paul T.,14,108,2655,584,1.1,7,6-2 6-3 6-1
French Open,5/27/2024,Grand Slam,Outdoor,Clay,1st Round,5,Van Assche L.,Shapovalov D.,Shapovalov D.,103,118,613,540,2.2,1.67,3-6 4-6 4-6
French Open,5/27/2024,Grand Slam,Outdoor,Clay,1st Round,5,Kecmanovic M.,Monteiro T.,Kecmanovic M.,57,86,880,685,1.8,2,6-2 6-1 4-6 7-5
French Open,5/27/2024,Grand Slam,Outdoor,Clay,1st Round,5,Safiullin R.,Lajovic D.,Lajovic D.,42,61,1087,831,2.3,1.62,6-4 5-7 4-6 7-6 4-6
French Open,5/27/2024,Grand Slam,Outdoor,Clay,1st Round,5,Monfils G.,Seyboth Wild T.,Monfils G.,37,58,1155,855,2.3,1.62,6-2 3-6 6-3 6-4
French Open,5/27/2024,Grand Slam,Outdoor,Clay,1st Round,5,Van De Zandschulp B.,Fognini F.,Fognini F.,102,93,618,648,1.44,2.75,1-6 1-6 5-7
French Open,5/27/2024,Grand Slam,Outdoor,Clay,1st Round,5,Medvedev D.,Koepfer D.,Medvedev D.,5,65,6295,807,1.2,4.5,6-3 6-4 5-7 6-3
French Open,5/28/2024,Grand Slam,Outdoor,Clay,1st Round,5,Cazaux A.,Etcheverry T.,Etcheverry T.,77,29,725,1550,4.5,1.2,6-3 2-6 1-6 4-6
French Open,5/28/2024,Grand Slam,Outdoor,Clay,1st Round,5,Ruud C.,Meligeni Alves F.,Ruud C.,7,137,4425,490,1.06,10,6-3 6-4 6-3
French Open,5/28/2024,Grand Slam,Outdoor,Clay,1st Round,5,Borges N.,Machac T.,Machac T.,47,34,1006,1185,2.3,1.62,6-7 4-6 3-6
French Open,5/28/2024,Grand Slam,Outdoor,Clay,1st Round,5,Davidovich Fokina A.,Vacherot V.,Davidovich Fokina A.,32,116,1280,543,1.2,4.5,4-6 6-2 6-2 7-6
French Open,5/28/2024,Grand Slam,Outdoor,Clay,1st Round,5,Bautista Agut R.,Munar J.,Munar J.,81,64,715,810,2.2,1.67,1-6 6-4 4-6 1-6
French Open,5/28/2024,Grand Slam,Outdoor,Clay,1st Round,5,De Minaur A.,Michelsen A.,De Minaur A.,11,60,3490,835,1.08,8,6-1 6-0 6-2
French Open,5/28/2024,Grand Slam,Outdoor,Clay,1st Round,5,Carreno Busta P.,Navone M.,Navone M.,1049,31,11,1339,6,1.13,7-5 1-6 3-6 0-6
French Open,5/28/2024,Grand Slam,Outdoor,Clay,1st Round,5,Rinderknech A.,Walton A.,Rinderknech A.,69,96,772,635,1.14,5.5,6-2 6-4 7-5
French Open,5/28/2024,Grand Slam,Outdoor,Clay,1st Round,5,Coria F.,Fritz T.,Fritz T.,71,12,761,2980,5.5,1.14,6-2 1-6 2-6 1-6
French Open,5/28/2024,Grand Slam,Outdoor,Clay,1st Round,5,Goffin D.,Mpetshi G.,Goffin D.,115,66,543,786,2.3,1.62,4-6 6-4 6-3 6-7 6-3
French Open,5/28/2024,Grand Slam,Outdoor,Clay,1st Round,5,Medjedovic H.,Cobolli F.,Cobolli F.,135,53,492,940,1.53,2.5,2-6 3-6 7-6 3-6
French Open,5/28/2024,Grand Slam,Outdoor,Clay,1st Round,5,Struff J.L.,Burruchaga R.,Struff J.L.,41,144,1090,431,1.14,5.5,6-3 6-2 6-1
French Open,5/28/2024,Grand Slam,Outdoor,Clay,1st Round,5,Evans D.,Rune H.,Rune H.,62,13,831,2700,8,1.08,4-6 4-6 4-6
French Open,5/28/2024,Grand Slam,Outdoor,Clay,1st Round,5,Zeppieri G.,Mannarino A.,Zeppieri G.,148,22,420,1865,1.22,4.33,4-6 6-2 6-1 6-2
French Open,5/28/2024,Grand Slam,Outdoor,Clay,1st Round,5,Hijikata R.,Darderi L.,Darderi L.,78,40,723,1092,10,1.06,3-6 6-7 1-6
French Open,5/28/2024,Grand Slam,Outdoor,Clay,1st Round,5,Kokkinakis T.,Popyrin A.,Kokkinakis T.,100,51,623,961,2,1.8,4-6 7-6 6-3 5-7 6-3
French Open,5/28/2024,Grand Slam,Outdoor,Clay,1st Round,5,Lestienne C.,Carballes Baena R.,Carballes Baena R.,91,63,669,816,5.5,1.14,3-6 5-7 6-4 2-6
French Open,5/28/2024,Grand Slam,Outdoor,Clay,1st Round,5,Griekspoor T.,Mcdonald M.,Griekspoor T.,25,74,1635,735,1.1,7,6-3 6-4 1-6 6-2
French Open,5/28/2024,Grand Slam,Outdoor,Clay,1st Round,5,Herbert P.H.,Djokovic N.,Djokovic N.,142,1,450,9960,21,1.02,4-6 6-7 4-6
French Open,5/28/2024,Grand Slam,Outdoor,Clay,1st Round,5,Bublik A.,Barrere G.,Bublik A.,17,112,2110,575,1.91,1.91,6-4 7-5 6-3
French Open,5/29/2024,Grand Slam,Outdoor,Clay,2nd Round,5,Altmaier D.,Tsitsipas S.,Tsitsipas S.,83,9,702,3700,11,1.05,3-6 2-6 7-6 4-6
French Open,5/29/2024,Grand Slam,Outdoor,Clay,2nd Round,5,Alcaraz C.,De Jong J.,Alcaraz C.,3,176,7300,344,1.01,26,6-3 6-4 2-6 6-2
French Open,5/29/2024,Grand Slam,Outdoor,Clay,2nd Round,5,Martinez P.,Rublev A.,Rublev A.,48,6,995,4700,6,1.13,3-6 4-6 3-6
French Open,5/29/2024,Grand Slam,Outdoor,Clay,2nd Round,5,Kotov P.,Wawrinka S.,Kotov P.,56,98,892,628,1.62,2.3,7-6 6-4 1-6 7-6
French Open,5/29/2024,Grand Slam,Outdoor,Clay,2nd Round,5,Gasquet R.,Sinner J.,Sinner J.,124,2,515,8770,19,1.02,4-6 2-6 4-6
French Open,5/30/2024,Grand Slam,Outdoor,Clay,2nd Round,5,Arnaldi M.,Muller A.,Arnaldi M.,35,90,1165,670,1.57,2.38,6-4 6-1 6-3
French Open,5/30/2024,Grand Slam,Outdoor,Clay,2nd Round,5,Kwon S.W.,Korda S.,Korda S.,494,28,85,1565,5.5,1.14,4-6 4-6 6-1 3-6
French Open,5/30/2024,Grand Slam,Outdoor,Clay,2nd Round,5,Shapovalov D.,Tiafoe F.,Shapovalov D.,118,26,540,1630,1.53,2.5,6-7 6-4 6-2 6-4
French Open,5/30/2024,Grand Slam,Outdoor,Clay,2nd Round,5,Baez S.,Ofner S.,Ofner S.,20,45,1990,1038,1.2,4.5,6-3 6-3 4-6 5-7 6-7
French Open,5/30/2024,Grand Slam,Outdoor,Clay,2nd Round,5,Bergs Z.,Marterer M.,Bergs Z.,104,101,611,622,1.4,3,3-6 6-3 6-1 6-3
French Open,5/30/2024,Grand Slam,Outdoor,Clay,2nd Round,5,Nakashima B.,Hurkacz H.,Hurkacz H.,84,8,700,3885,3.5,1.3,7-6 1-6 3-6 6-7
French Open,5/30/2024,Grand Slam,Outdoor,Clay,2nd Round,5,Dimitrov G.,Marozsan F.,Dimitrov G.,10,43,3555,1083,1.3,3.5,6-0 6-3 6-4
French Open,5/30/2024,Grand Slam,Outdoor,Clay,2nd Round,5,Squire H.,Auger-Aliassime F.,Auger-Aliassime F.,221,21,280,1885,10,1.06,4-6 6-4 3-6 2-6
French Open,5/30/2024,Grand Slam,Outdoor,Clay,2nd Round,5,Griekspoor T.,Darderi L.,Griekspoor T.,25,40,1635,1092,2.2,1.67,7-6 6-3 6-3
French Open,5/30/2024,Grand Slam,Outdoor,Clay,2nd Round,5,Sonego L.,Zhang Zh.,Zhang Zh.,49,44,991,1056,1.91,1.91,5-7 6-3 1-6 4-6
French Open,5/30/2024,Grand Slam,Outdoor,Clay,2nd Round,5,Zverev A.,Goffin D.,Zverev A.,4,115,6305,543,1.03,15,7-6 6-2 6-2
French Open,5/30/2024,Grand Slam,Outdoor,Clay,2nd Round,5,Carballes Baena R.,Djokovic N.,Djokovic N.,63,1,816,9960,17,1.03,4-6 1-6 2-6
French Open,5/30/2024,Grand Slam,Outdoor,Clay,2nd Round,5,Moutet C.,Shevchenko A.,Moutet C.,79,59,720,855,1.44,2.75,6-4 6-2 0-6 6-3
French Open,5/30/2024,Grand Slam,Outdoor,Clay,2nd Round,5,Munar J.,De Minaur A.,De Minaur A.,64,11,810,3490,3.5,1.3,5-7 1-6 4-6
French Open,5/30/2024,Grand Slam,Outdoor,Clay,2nd Round,5,Paul T.,Fognini F.,Paul T.,14,93,2655,648,1.17,5,6-1 6-0 6-2
French Open,5/30/2024,Grand Slam,Outdoor,Clay,2nd Round,5,Cobolli F.,Rune H.,Rune H.,53,13,940,2700,2.75,1.44,4-6 3-6 6-3 6-3 6-7
French Open,5/30/2024,Grand Slam,Outdoor,Clay,2nd Round,5,Machac T.,Navone M.,Machac T.,34,31,1185,1339,1.67,2.2,6-2 6-1 3-6 1-6 6-1
French Open,5/30/2024,Grand Slam,Outdoor,Clay,2nd Round,5,Zeppieri G.,Kokkinakis T.,Kokkinakis T.,148,100,420,623,2.2,1.67,6-1 6-4 3-6 6-7 2-6
French Open,5/30/2024,Grand Slam,Outdoor,Clay,2nd Round,5,Kovalik J.,Khachanov K.,Kovalik J.,145,18,427,2090,8,1.08,4-6 4-6 6-4 6-3 6-4
French Open,5/30/2024,Grand Slam,Outdoor,Clay,2nd Round,5,Bublik A.,Struff J.L.,Struff J.L.,17,41,2110,1090,3.75,1.29,2-6 2-6 3-6
French Open,5/30/2024,Grand Slam,Outdoor,Clay,2nd Round,5,Cerundolo F.,Misolic F.,Cerundolo F.,27,243,1590,255,1.11,6.5,6-2 7-6 6-0
French Open,5/30/2024,Grand Slam,Outdoor,Clay,2nd Round,5,Davidovich Fokina A.,Ruud C.,Ruud C.,32,7,1280,4425,5,1.17,6-7 6-1 3-6 6-4 3-6
French Open,5/30/2024,Grand Slam,Outdoor,Clay,2nd Round,5,Fritz T.,Lajovic D.,Fritz T.,12,61,2980,831,1.17,5,6-3 3-6 6-3 6-4
French Open,5/30/2024,Grand Slam,Outdoor,Clay,2nd Round,5,Monfils G.,Musetti L.,Musetti L.,37,30,1155,1370,2.75,1.44,5-7 1-6 4-6
French Open,5/31/2024,Grand Slam,Outdoor,Clay,3rd Round,5,Arnaldi M.,Rublev A.,Arnaldi M.,35,6,1165,4700,5,1.17,7-6 6-2 6-4
French Open,5/31/2024,Grand Slam,Outdoor,Clay,3rd Round,5,Kotov P.,Sinner J.,Sinner J.,56,2,892,8770,17,1.03,4-6 4-6 4-6
French Open,5/31/2024,Grand Slam,Outdoor,Clay,3rd Round,5,Tsitsipas S.,Zhang Zh.,Tsitsipas S.,9,44,3700,1056,1.1,7,6-3 6-3 6-1
French Open,5/31/2024,Grand Slam,Outdoor,Clay,3rd Round,5,Ofner S.,Moutet C.,Moutet C.,45,79,1038,720,3.2,1.36,6-3 4-6 4-6 1-6
French Open,5/31/2024,Grand Slam,Outdoor,Clay,3rd Round,5,Alcaraz C.,Korda S.,Alcaraz C.,3,28,7300,1565,1.1,7,6-4 7-6 6-3
French Open,6/1/2024,Grand Slam,Outdoor,Clay,3rd Round,5,Struff J.L.,De Minaur A.,De Minaur A.,41,11,1090,3490,2,1.8,6-4 4-6 3-6 3-6
French Open,6/1/2024,Grand Slam,Outdoor,Clay,3rd Round,5,Auger-Aliassime F.,Shelton B.,Auger-Aliassime F.,21,15,1885,2500,1.57,2.38,6-4 6-2 6-1
French Open,6/1/2024,Grand Slam,Outdoor,Clay,3rd Round,5,Machac T.,Medvedev D.,Medvedev D.,34,5,1185,6295,3.5,1.3,6-7 5-7 6-1 4-6
French Open,6/1/2024,Grand Slam,Outdoor,Clay,3rd Round,5,Zverev A.,Griekspoor T.,Zverev A.,4,25,6305,1635,1.1,7,3-6 6-4 6-2 4-6 7-6
French Open,6/1/2024,Grand Slam,Outdoor,Clay,3rd Round,5,Shapovalov D.,Hurkacz H.,Hurkacz H.,118,8,540,3885,3,1.4,3-6 6-7 6-4 1-6
French Open,6/1/2024,Grand Slam,Outdoor,Clay,3rd Round,5,Rune H.,Kovalik J.,Rune H.,13,145,2700,427,1.11,6.5,7-5 6-1 7-6
French Open,6/1/2024,Grand Slam,Outdoor,Clay,3rd Round,5,Paul T.,Cerundolo F.,Cerundolo F.,14,27,2655,1590,1.62,2.3,6-3 3-6 3-6 2-6
French Open,6/1/2024,Grand Slam,Outdoor,Clay,3rd Round,5,Fritz T.,Kokkinakis T.,Fritz T.,12,100,2980,623,1.14,5.5,6-3 6-2 6-7 5-7 6-3
French Open,6/1/2024,Grand Slam,Outdoor,Clay,3rd Round,5,Bergs Z.,Dimitrov G.,Dimitrov G.,104,10,611,3555,4.5,1.2,3-6 6-7 6-4 4-6
French Open,6/1/2024,Grand Slam,Outdoor,Clay,3rd Round,5,Ruud C.,Etcheverry T.,Ruud C.,7,29,4425,1550,1.22,4.33,6-4 1-6 6-2 6-2
French Open,6/1/2024,Grand Slam,Outdoor,Clay,3rd Round,5,Musetti L.,Djokovic N.,Djokovic N.,30,1,1370,9960,4.5,1.2,5-7 7-6 6-2 3-6 0-6
French Open,6/2/2024,Grand Slam,Outdoor,Clay,4th Round,5,Tsitsipas S.,Arnaldi M.,Tsitsipas S.,9,35,3700,1165,1.17,5,3-6 7-6 6-2 6-2
French Open,6/2/2024,Grand Slam,Outdoor,Clay,4th Round,5,Auger-Aliassime F.,Alcaraz C.,Alcaraz C.,21,3,1885,7300,6.5,1.11,3-6 3-6 1-6
French Open,6/2/2024,Grand Slam,Outdoor,Clay,4th Round,5,Dimitrov G.,Hurkacz H.,Dimitrov G.,10,8,3555,3885,1.62,2.3,7-6 6-4 7-6
French Open,6/2/2024,Grand Slam,Outdoor,Clay,4th Round,5,Moutet C.,Sinner J.,Sinner J.,79,2,720,8770,11,1.05,6-2 3-6 2-6 1-6
French Open,6/3/2024,Grand Slam,Outdoor,Clay,4th Round,5,De Minaur A.,Medvedev D.,De Minaur A.,11,5,3490,6295,2.38,1.57,4-6 6-2 6-1 6-3
French Open,6/3/2024,Grand Slam,Outdoor,Clay,4th Round,5,Cerundolo F.,Djokovic N.,Djokovic N.,27,1,1590,9960,5.5,1.14,1-6 7-5 6-3 5-7 3-6
French Open,6/3/2024,Grand Slam,Outdoor,Clay,4th Round,5,Ruud C.,Fritz T.,Ruud C.,7,12,4425,2980,1.36,3.2,7-6 3-6 6-4 6-2
French Open,6/3/2024,Grand Slam,Outdoor,Clay,4th Round,5,Rune H.,Zverev A.,Zverev A.,13,4,2700,6305,3.2,1.36,6-4 1-6 7-5 6-7 2-6
French Open,6/4/2024,Grand Slam,Outdoor,Clay,Quarterfinals,5,Sinner J.,Dimitrov G.,Sinner J.,2,10,8770,3555,1.2,4.5,6-2 6-4 7-6
French Open,6/4/2024,Grand Slam,Outdoor,Clay,Quarterfinals,5,Tsitsipas S.,Alcaraz C.,Alcaraz C.,9,3,3700,7300,4.5,1.2,3-6 6-7 4-6
French Open,6/5/2024,Grand Slam,Outdoor,Clay,Quarterfinals,5,Zverev A.,De Minaur A.,Zverev A.,4,11,6305,3490,1.36,3.2,6-4 7-6 6-4
French Open,6/7/2024,Grand Slam,Outdoor,Clay,Semifinals,5,Sinner J.,Alcaraz C.,Alcaraz C.,2,3,8770,7300,2.3,1.62,6-2 3-6 6-3 4-6 3-6
French Open,6/7/2024,Grand Slam,Outdoor,Clay,Semifinals,5,Zverev A.,Ruud C.,Zverev A.,4,7,6305,4425,1.8,2,2-6 6-2 6-4 6-2
French Open,6/9/2024,Grand Slam,Outdoor,Clay,The Final,5,Zverev A.,Alcaraz C.,Alcaraz C.,4,3,6305,7300,3.4,1.33,3-6 6-2 7-5 1-6 2-6
Wimbledon,7/1/2024,Grand Slam,Outdoor,Grass,1st Round,5,Van Assche L.,Fognini F.,Fognini F.,104,94,585,635,1.8,2,1-6 3-6 5-7
Wimbledon,7/1/2024,Grand Slam,Outdoor,Grass,1st Round,5,Shang J.,Garin C.,Shang J.,91,106,658,570,1.8,2,7-5 6-4 6-4
Wimbledon,7/1/2024,Grand Slam,Outdoor,Grass,1st Round,5,Bolt A.,Ruud C.,Ruud C.,234,8,252,4025,3,1.4,6-7 4-6 4-6
Wimbledon,7/1/2024,Grand Slam,Outdoor,Grass,1st Round,5,Coric B.,Meligeni Alves F.,Coric B.,89,145,664,403,1.62,2.3,6-3 7-6 6-3
Wimbledon,7/1/2024,Grand Slam,Outdoor,Grass,1st Round,5,Marozsan F.,Struff J.L.,Struff J.L.,43,41,1047,1135,4,1.25,4-6 7-6 2-6 3-6
Wimbledon,7/1/2024,Grand Slam,Outdoor,Grass,1st Round,5,Dimitrov G.,Lajovic D.,Dimitrov G.,10,56,3750,871,1.03,15,6-3 6-4 7-5
Wimbledon,7/1/2024,Grand Slam,Outdoor,Grass,1st Round,5,Jarry N.,Shapovalov D.,Shapovalov D.,20,121,1825,530,2.38,1.57,1-6 5-7 4-6
Wimbledon,7/1/2024,Grand Slam,Outdoor,Grass,1st Round,5,Tiafoe F.,Arnaldi M.,Tiafoe F.,29,35,1355,1245,1.62,2.3,6-7 2-6 6-1 6-3 6-3
Wimbledon,7/1/2024,Grand Slam,Outdoor,Grass,1st Round,5,Kotov P.,Thompson J.,Thompson J.,53,40,893,1206,4.33,1.22,7-5 7-5 4-6 4-6 4-6
Wimbledon,7/1/2024,Grand Slam,Outdoor,Grass,1st Round,5,Zhang Zh.,Janvier M.,Zhang Zh.,38,225,1221,269,1.2,4.5,7-6 6-3 6-2
Wimbledon,7/1/2024,Grand Slam,Outdoor,Grass,1st Round,5,Fucsovics M.,Berrettini M.,Berrettini M.,70,59,785,845,5,1.17,6-7 2-6 6-3 1-6
Wimbledon,7/1/2024,Grand Slam,Outdoor,Grass,1st Round,5,Nakashima B.,Baez S.,Nakashima B.,65,18,825,2020,1.14,5.5,6-2 6-3 6-4
Wimbledon,7/1/2024,Grand Slam,Outdoor,Grass,1st Round,5,Mannarino A.,Monfils G.,Monfils G.,24,33,1625,1260,2.5,1.53,4-6 6-3 5-7 4-6
Wimbledon,7/1/2024,Grand Slam,Outdoor,Grass,1st Round,5,Medvedev D.,Kovacevic A.,Medvedev D.,5,88,6445,681,1.01,23,6-3 6-4 6-2
Wimbledon,7/1/2024,Grand Slam,Outdoor,Grass,1st Round,5,Broom C.,Wawrinka S.,Wawrinka S.,248,95,242,633,2.3,1.62,3-6 5-7 4-6
Wimbledon,7/1/2024,Grand Slam,Outdoor,Grass,1st Round,5,Muller A.,Gaston H.,Muller A.,102,71,601,783,2.38,1.57,6-4 7-6 7-6
Wimbledon,7/1/2024,Grand Slam,Outdoor,Grass,1st Round,5,Fery A.,Altmaier D.,Altmaier D.,247,80,243,731,1.91,1.91,6-4 6-7 6-1 3-6 1-6
Wimbledon,7/1/2024,Grand Slam,Outdoor,Grass,1st Round,5,Alcaraz C.,Lajal M.,Alcaraz C.,3,269,8130,212,1.01,26,7-6 7-5 6-2
Wimbledon,7/1/2024,Grand Slam,Outdoor,Grass,1st Round,5,Michelsen A.,Harris L.,Harris L.,55,118,881,541,2.1,1.73,6-3 6-4 6-7 2-6 6-7
Wimbledon,7/1/2024,Grand Slam,Outdoor,Grass,1st Round,5,Cazaux A.,Bergs Z.,Cazaux A.,98,82,616,722,3.2,1.36,6-1 6-4 6-7 6-7 7-6
Wimbledon,7/1/2024,Grand Slam,Outdoor,Grass,1st Round,5,Shevchenko A.,Humbert U.,Humbert U.,57,16,860,2300,5.5,1.14,1-6 6-4 6-7 7-6 1-6
Wimbledon,7/1/2024,Grand Slam,Outdoor,Grass,1st Round,5,Vukic A.,Ofner S.,Vukic A.,69,45,789,1038,1.67,2.2,6-7 6-4 6-4 3-6 7-6
Wimbledon,7/1/2024,Grand Slam,Outdoor,Grass,1st Round,5,Mensik J.,Bublik A.,Bublik A.,78,23,738,1730,2.75,1.44,6-4 7-6 4-6 4-6 2-6
Wimbledon,7/1/2024,Grand Slam,Outdoor,Grass,1st Round,5,Van De Zandschulp B.,Broady L.,Van De Zandschulp B.,97,156,618,384,1.62,2.3,6-2 4-6 6-3 6-2
Wimbledon,7/1/2024,Grand Slam,Outdoor,Grass,1st Round,5,Marterer M.,Bautista Agut R.,Bautista Agut R.,85,112,692,555,3.75,1.29,3-6 1-6 4-6
Wimbledon,7/1/2024,Grand Slam,Outdoor,Grass,1st Round,5,Sonego L.,Navone M.,Sonego L.,54,32,881,1282,1.07,9,6-4 7-6 6-4
Wimbledon,7/1/2024,Grand Slam,Outdoor,Grass,1st Round,5,Galan D.E.,Griekspoor T.,Griekspoor T.,103,27,592,1470,6,1.13,6-7 3-6 4-6
Wimbledon,7/1/2024,Grand Slam,Outdoor,Grass,1st Round,5,Sinner J.,Hanfmann Y.,Sinner J.,1,110,9890,556,1.01,26,6-3 6-4 3-6 6-3
Wimbledon,7/1/2024,Grand Slam,Outdoor,Grass,1st Round,5,Purcell M.,Virtanen O.,Virtanen O.,68,147,795,401,1.57,2.38,3-6 2-6 2-6
Wimbledon,7/1/2024,Grand Slam,Outdoor,Grass,1st Round,5,Paul T.,Martinez P.,Paul T.,13,49,3100,975,1.02,19,6-2 6-1 4-6 6-3
Wimbledon,7/1/2024,Grand Slam,Outdoor,Grass,1st Round,5,Nagal S.,Kecmanovic M.,Kecmanovic M.,73,52,768,925,9,1.07,2-6 6-3 3-6 4-6
Wimbledon,7/2/2024,Grand Slam,Outdoor,Grass,1st Round,5,Nishioka Y.,Borges N.,Nishioka Y.,90,50,659,936,1.8,2,6-2 7-6 2-6 6-3
Wimbledon,7/2/2024,Grand Slam,Outdoor,Grass,1st Round,5,Jubb P.,Seyboth Wild T.,Seyboth Wild T.,201,74,301,767,1.67,2.2,6-1 6-3 6-7 4-6 5-7
Wimbledon,7/2/2024,Grand Slam,Outdoor,Grass,1st Round,5,Mpetshi G.,Korda S.,Mpetshi G.,58,21,853,1795,4.33,1.22,7-6 6-7 7-6 6-7 6-3
Wimbledon,7/2/2024,Grand Slam,Outdoor,Grass,1st Round,5,Lestienne C.,Musetti L.,Musetti L.,92,25,650,1620,7,1.1,6-4 6-7 2-6 2-6
Wimbledon,7/2/2024,Grand Slam,Outdoor,Grass,1st Round,5,Darderi L.,Choinski J.,Darderi L.,37,174,1236,344,1.36,3.2,7-5 4-6 2-6 7-5 6-2
Wimbledon,7/2/2024,Grand Slam,Outdoor,Grass,1st Round,5,Albot R.,Hurkacz H.,Hurkacz H.,144,7,406,4235,13,1.04,7-5 4-6 3-6 4-6
Wimbledon,7/2/2024,Grand Slam,Outdoor,Grass,1st Round,5,De Minaur A.,Duckworth J.,De Minaur A.,9,81,3830,728,1.05,11,7-6 7-6 7-6
Wimbledon,7/2/2024,Grand Slam,Outdoor,Grass,1st Round,5,Harris B.,Munar J.,Munar J.,116,63,545,835,1.57,2.38,4-6 4-6 6-3 3-6
Wimbledon,7/2/2024,Grand Slam,Outdoor,Grass,1st Round,5,Popyrin A.,Monteiro T.,Popyrin A.,47,86,981,690,1.33,3.4,6-4 6-7 6-3 6-4
Wimbledon,7/2/2024,Grand Slam,Outdoor,Grass,1st Round,5,Nardi L.,Etcheverry T.,Etcheverry T.,75,31,760,1290,2.38,1.57,1-6 4-6 2-6
Wimbledon,7/2/2024,Grand Slam,Outdoor,Grass,1st Round,5,Comesana F.,Rublev A.,Comesana F.,122,6,529,4420,17,1.03,6-4 5-7 6-2 7-6
Wimbledon,7/2/2024,Grand Slam,Outdoor,Grass,1st Round,5,Bellucci M.,Shelton B.,Shelton B.,148,14,401,2595,3.4,1.33,6-4 3-6 6-3 3-6 4-6
Wimbledon,7/2/2024,Grand Slam,Outdoor,Grass,1st Round,5,Fearnley J.,Moro Canas A.,Fearnley J.,277,188,206,321,1.5,2.63,7-5 6-4 7-6
Wimbledon,7/2/2024,Grand Slam,Outdoor,Grass,1st Round,5,Coria F.,Walton A.,Walton A.,72,101,776,607,4,1.25,3-6 3-6 5-7
Wimbledon,7/2/2024,Grand Slam,Outdoor,Grass,1st Round,5,Zverev A.,Carballes Baena R.,Zverev A.,4,64,6905,826,1.01,29,6-2 6-4 6-2
Wimbledon,7/2/2024,Grand Slam,Outdoor,Grass,1st Round,5,Kopriva V.,Djokovic N.,Djokovic N.,123,2,523,8360,21,1.02,1-6 2-6 2-6
Wimbledon,7/2/2024,Grand Slam,Outdoor,Grass,1st Round,5,Fils A.,Stricker D.,Fils A.,34,149,1250,400,1.44,2.75,6-3 6-2 3-6 6-4
Wimbledon,7/2/2024,Grand Slam,Outdoor,Grass,1st Round,5,Daniel T.,Tsitsipas S.,Tsitsipas S.,84,11,692,3745,11,1.05,6-7 4-6 5-7
Wimbledon,7/2/2024,Grand Slam,Outdoor,Grass,1st Round,5,Rune H.,Kwon S.W.,Rune H.,15,367,2370,135,1.1,7,6-1 6-4 6-4
Wimbledon,7/2/2024,Grand Slam,Outdoor,Grass,1st Round,5,Searle H.,Giron M.,Giron M.,539,46,73,1020,5,1.17,6-3 3-6 4-6 4-6
Wimbledon,7/2/2024,Grand Slam,Outdoor,Grass,1st Round,5,Draper J.,Ymer E.,Draper J.,28,205,1461,293,1.03,15,3-6 6-3 6-3 4-6 6-3
Wimbledon,7/2/2024,Grand Slam,Outdoor,Grass,1st Round,5,Hijikata R.,Cobolli F.,Cobolli F.,77,48,751,980,1.73,2.1,5-7 6-4 4-6 4-6
Wimbledon,7/2/2024,Grand Slam,Outdoor,Grass,1st Round,5,Norrie C.,Diaz Acosta F.,Norrie C.,42,67,1070,808,1.04,13,7-5 7-5 6-3
Wimbledon,7/2/2024,Grand Slam,Outdoor,Grass,1st Round,5,O Connell C.,Fritz T.,Fritz T.,79,12,733,3350,11,1.05,1-6 2-6 4-6
Wimbledon,7/3/2024,Grand Slam,Outdoor,Grass,1st Round,5,Halys Q.,Eubanks C.,Halys Q.,220,62,272,835,1.8,2,6-4 6-4 6-2
Wimbledon,7/3/2024,Grand Slam,Outdoor,Grass,1st Round,5,Cerundolo F.,Safiullin R.,Safiullin R.,30,44,1315,1045,2.1,1.73,7-6 6-3 5-7 3-6 4-6
Wimbledon,7/3/2024,Grand Slam,Outdoor,Grass,1st Round,5,Ruusuvuori E.,Mcdonald M.,Ruusuvuori E.,87,96,683,626,1.67,2.2,7-6 4-6 5-7 7-6 6-3
Wimbledon,7/3/2024,Grand Slam,Outdoor,Grass,1st Round,5,Djere L.,Pouille L.,Pouille L.,51,212,936,284,2.63,1.5,6-3 6-7 6-3 3-6 1-6
Wimbledon,7/3/2024,Grand Slam,Outdoor,Grass,1st Round,5,Rinderknech A.,Nishikori K.,Rinderknech A.,76,401,754,118,1.36,3.2,5-7 6-4 6-7 6-3 6-2
Wimbledon,7/3/2024,Grand Slam,Outdoor,Grass,1st Round,5,Goffin D.,Machac T.,Machac T.,83,39,694,1214,2.3,1.62,6-3 4-6 1-6 6-7
Wimbledon,7/3/2024,Grand Slam,Outdoor,Grass,1st Round,5,Tabilo A.,Evans D.,Tabilo A.,19,60,1904,844,1.44,2.75,6-2 7-5 6-3
Wimbledon,7/3/2024,Grand Slam,Outdoor,Grass,1st Round,5,Auger-Aliassime F.,Kokkinakis T.,Kokkinakis T.,17,93,2075,639,1.36,3.2,6-4 7-5 6-7 4-6 4-6
Wimbledon,7/3/2024,Grand Slam,Outdoor,Grass,2nd Round,5,Fognini F.,Ruud C.,Fognini F.,94,8,635,4025,4.5,1.2,6-4 7-5 6-7 6-3
Wimbledon,7/3/2024,Grand Slam,Outdoor,Grass,2nd Round,5,Coric B.,Tiafoe F.,Tiafoe F.,89,29,664,1355,2.75,1.44,6-7 1-6 3-6
Wimbledon,7/3/2024,Grand Slam,Outdoor,Grass,2nd Round,5,Nakashima B.,Thompson J.,Nakashima B.,65,40,825,1206,1.67,2.2,6-3 6-2 6-2
Wimbledon,7/3/2024,Grand Slam,Outdoor,Grass,2nd Round,5,Van De Zandschulp B.,Humbert U.,Humbert U.,97,16,618,2300,4,1.25,6-7 1-6 3-6
Wimbledon,7/3/2024,Grand Slam,Outdoor,Grass,2nd Round,5,Medvedev D.,Muller A.,Medvedev D.,5,102,6445,601,1.02,21,6-7 7-6 6-4 7-5
Wimbledon,7/3/2024,Grand Slam,Outdoor,Grass,2nd Round,5,Vukic A.,Alcaraz C.,Alcaraz C.,69,3,789,8130,17,1.03,6-7 2-6 2-6
Wimbledon,7/3/2024,Grand Slam,Outdoor,Grass,2nd Round,5,Bautista Agut R.,Sonego L.,Bautista Agut R.,112,54,555,881,1.62,2.3,6-3 3-6 6-3 6-4
Wimbledon,7/3/2024,Grand Slam,Outdoor,Grass,2nd Round,5,Cazaux A.,Bublik A.,Bublik A.,98,23,616,1730,3.4,1.33,4-6 6-7 4-6
Wimbledon,7/3/2024,Grand Slam,Outdoor,Grass,2nd Round,5,Paul T.,Virtanen O.,Paul T.,13,147,3100,401,1.1,7,4-6 6-3 5-7 7-5 6-4
Wimbledon,7/3/2024,Grand Slam,Outdoor,Grass,2nd Round,5,Griekspoor T.,Kecmanovic M.,Kecmanovic M.,27,52,1470,925,1.53,2.5,6-4 6-7 6-1 2-6 3-6
Wimbledon,7/3/2024,Grand Slam,Outdoor,Grass,2nd Round,5,Struff J.L.,Zhang Zh.,Struff J.L.,41,38,1135,1221,1.25,4,5-7 6-3 7-6 7-6
Wimbledon,7/3/2024,Grand Slam,Outdoor,Grass,2nd Round,5,Berrettini M.,Sinner J.,Sinner J.,59,1,845,9890,4.5,1.2,6-7 6-7 6-2 6-7
Wimbledon,7/4/2024,Grand Slam,Outdoor,Grass,2nd Round,5,De Minaur A.,Munar J.,De Minaur A.,9,63,3830,835,1.02,19,6-2 6-2 7-5
Wimbledon,7/4/2024,Grand Slam,Outdoor,Grass,2nd Round,5,Walton A.,Comesana F.,Comesana F.,101,122,607,529,1.44,2.75,5-7 6-1 7-6 1-6 6-7
Wimbledon,7/4/2024,Grand Slam,Outdoor,Grass,2nd Round,5,Shelton B.,Harris L.,Shelton B.,14,118,2595,541,1.67,2.2,4-6 7-6 6-7 6-3 7-6
Wimbledon,7/4/2024,Grand Slam,Outdoor,Grass,2nd Round,5,Shang J.,Dimitrov G.,Dimitrov G.,91,10,658,3750,5.5,1.14,7-5 7-6 4-6 2-6 4-6
Wimbledon,7/4/2024,Grand Slam,Outdoor,Grass,2nd Round,5,Shapovalov D.,Altmaier D.,Shapovalov D.,121,80,530,731,1.13,6,7-6 6-3 1-6 6-7 6-4
Wimbledon,7/4/2024,Grand Slam,Outdoor,Grass,2nd Round,5,Etcheverry T.,Popyrin A.,Popyrin A.,31,47,1290,981,2.2,1.67,6-3 4-6 6-4 4-6 3-6
Wimbledon,7/4/2024,Grand Slam,Outdoor,Grass,2nd Round,5,Musetti L.,Darderi L.,Musetti L.,25,37,1620,1236,1.25,4,6-4 4-6 6-7 6-4 6-4
Wimbledon,7/4/2024,Grand Slam,Outdoor,Grass,2nd Round,5,Machac T.,Safiullin R.,Safiullin R.,39,44,1214,1045,2.1,1.73,2-6 4-6 7-5 3-6
Wimbledon,7/4/2024,Grand Slam,Outdoor,Grass,2nd Round,5,Djokovic N.,Fearnley J.,Djokovic N.,2,277,8360,206,1.02,19,6-3 6-4 5-7 7-5
Wimbledon,7/4/2024,Grand Slam,Outdoor,Grass,2nd Round,5,Cobolli F.,Tabilo A.,Tabilo A.,48,19,980,1904,3.2,1.36,6-7 6-7 6-4 6-4 4-6
Wimbledon,7/4/2024,Grand Slam,Outdoor,Grass,2nd Round,5,Monfils G.,Wawrinka S.,Monfils G.,33,95,1260,633,1.36,3.2,7-6 6-4 7-6
Wimbledon,7/4/2024,Grand Slam,Outdoor,Grass,2nd Round,5,Khachanov K.,Halys Q.,Halys Q.,22,220,1780,272,1.5,2.63,6-4 3-6 6-3 3-6 4-6
Wimbledon,7/4/2024,Grand Slam,Outdoor,Grass,2nd Round,5,Rune H.,Seyboth Wild T.,Rune H.,15,74,2370,767,1.11,6.5,3-6 6-3 6-2 6-2
Wimbledon,7/4/2024,Grand Slam,Outdoor,Grass,2nd Round,5,Rinderknech A.,Fritz T.,Fritz T.,76,12,754,3350,9,1.07,3-6 4-6 6-3 4-6
Wimbledon,7/4/2024,Grand Slam,Outdoor,Grass,2nd Round,5,Norrie C.,Draper J.,Norrie C.,42,28,1070,1461,3.4,1.33,7-6 6-4 7-6
Wimbledon,7/4/2024,Grand Slam,Outdoor,Grass,2nd Round,5,Tsitsipas S.,Ruusuvuori E.,Ruusuvuori E.,11,87,3745,683,1.22,4.33,6-7 6-7 6-3 3-6
Wimbledon,7/4/2024,Grand Slam,Outdoor,Grass,2nd Round,5,Mpetshi G.,Nishioka Y.,Mpetshi G.,58,90,853,659,1.53,2.5,6-4 6-1 6-2
Wimbledon,7/4/2024,Grand Slam,Outdoor,Grass,2nd Round,5,Giron M.,Zverev A.,Zverev A.,46,4,1020,6905,6.5,1.11,2-6 1-6 4-6
Wimbledon,7/5/2024,Grand Slam,Outdoor,Grass,3rd Round,5,Paul T.,Bublik A.,Paul T.,13,23,3100,1730,1.5,2.63,6-3 6-4 6-2
Wimbledon,7/5/2024,Grand Slam,Outdoor,Grass,3rd Round,5,Tiafoe F.,Alcaraz C.,Alcaraz C.,29,3,1355,8130,10,1.06,7-5 2-6 6-4 6-7 2-6
Wimbledon,7/5/2024,Grand Slam,Outdoor,Grass,3rd Round,5,Dimitrov G.,Monfils G.,Dimitrov G.,10,33,3750,1260,1.3,3.5,6-3 6-4 6-3
Wimbledon,7/5/2024,Grand Slam,Outdoor,Grass,3rd Round,5,Kecmanovic M.,Sinner J.,Sinner J.,52,1,925,9890,15,1.03,1-6 4-6 2-6
Wimbledon,7/6/2024,Grand Slam,Outdoor,Grass,3rd Round,5,Shelton B.,Shapovalov D.,Shelton B.,14,121,2595,530,1.8,2,6-7 6-2 6-4 4-6 6-2
Wimbledon,7/6/2024,Grand Slam,Outdoor,Grass,3rd Round,5,Nakashima B.,Humbert U.,Humbert U.,65,16,825,2300,2.1,1.73,6-7 3-6 7-6 6-7
Wimbledon,7/6/2024,Grand Slam,Outdoor,Grass,3rd Round,5,Zverev A.,Norrie C.,Zverev A.,4,42,6905,1070,1.11,6.5,6-4 6-4 7-6
Wimbledon,7/6/2024,Grand Slam,Outdoor,Grass,3rd Round,5,Safiullin R.,Fils A.,Fils A.,44,34,1045,1250,2.1,1.73,6-4 3-6 6-1 4-6 3-6
Wimbledon,7/6/2024,Grand Slam,Outdoor,Grass,3rd Round,5,Mpetshi G.,Ruusuvuori E.,Mpetshi G.,58,87,853,683,1.73,2.1,4-6 6-2 7-6 6-4
Wimbledon,7/6/2024,Grand Slam,Outdoor,Grass,3rd Round,5,Fognini F.,Bautista Agut R.,Bautista Agut R.,94,112,635,555,2.75,1.44,6-7 6-3 7-5 6-7 4-6
Wimbledon,7/6/2024,Grand Slam,Outdoor,Grass,3rd Round,5,Musetti L.,Comesana F.,Musetti L.,25,122,1620,529,1.17,5,6-2 6-7 7-6 6-3
Wimbledon,7/6/2024,Grand Slam,Outdoor,Grass,3rd Round,5,Halys Q.,Rune H.,Rune H.,220,15,272,2370,3.75,1.29,6-1 7-6 4-6 6-7 1-6
Wimbledon,7/6/2024,Grand Slam,Outdoor,Grass,3rd Round,5,Medvedev D.,Struff J.L.,Medvedev D.,5,41,6445,1135,1.53,2.5,6-1 6-3 4-6 7-6
Wimbledon,7/6/2024,Grand Slam,Outdoor,Grass,3rd Round,5,Popyrin A.,Djokovic N.,Djokovic N.,47,2,981,8360,6,1.13,6-4 3-6 4-6 6-7
Wimbledon,7/6/2024,Grand Slam,Outdoor,Grass,3rd Round,3,Fritz T.,Tabilo A.,Fritz T.,12,19,3350,1904,1.17,5,7-6 6-3 7-5
Wimbledon,7/7/2024,Grand Slam,Outdoor,Grass,4th Round,5,Humbert U.,Alcaraz C.,Alcaraz C.,16,3,2300,8130,7,1.1,3-6 4-6 6-1 5-7
Wimbledon,7/7/2024,Grand Slam,Outdoor,Grass,4th Round,5,Sinner J.,Shelton B.,Sinner J.,1,14,9890,2595,1.05,11,6-2 6-4 7-6
Wimbledon,7/7/2024,Grand Slam,Outdoor,Grass,4th Round,5,Bautista Agut R.,Paul T.,Paul T.,112,13,555,3100,6,1.13,2-6 6-7 2-6
Wimbledon,7/8/2024,Grand Slam,Outdoor,Grass,4th Round,5,Musetti L.,Mpetshi G.,Musetti L.,25,58,1620,853,1.91,1.91,4-6 6-3 6-3 6-2
Wimbledon,7/8/2024,Grand Slam,Outdoor,Grass,4th Round,5,Fils A.,De Minaur A.,De Minaur A.,34,9,1250,3830,4.5,1.2,2-6 4-6 6-4 3-6
Wimbledon,7/8/2024,Grand Slam,Outdoor,Grass,4th Round,5,Fritz T.,Zverev A.,Fritz T.,12,4,3350,6905,2.38,1.57,4-6 6-7 6-4 7-6 6-3
Wimbledon,7/8/2024,Grand Slam,Outdoor,Grass,4th Round,5,Rune H.,Djokovic N.,Djokovic N.,15,2,2370,8360,3.5,1.3,3-6 4-6 2-6
Wimbledon,7/9/2024,Grand Slam,Outdoor,Grass,Quarterfinals,5,Medvedev D.,Sinner J.,Medvedev D.,5,1,6445,9890,4.33,1.22,6-7 6-4 7-6 2-6 6-3
Wimbledon,7/9/2024,Grand Slam,Outdoor,Grass,Quarterfinals,5,Paul T.,Alcaraz C.,Alcaraz C.,13,3,3100,8130,4,1.25,7-5 4-6 2-6 2-6
Wimbledon,7/10/2024,Grand Slam,Outdoor,Grass,Quarterfinals,5,Musetti L.,Fritz T.,Musetti L.,25,12,1620,3350,4.5,1.2,3-6 7-6 6-2 3-6 6-1
Wimbledon,7/12/2024,Grand Slam,Outdoor,Grass,Semifinals,5,Medvedev D.,Alcaraz C.,Alcaraz C.,5,3,6445,8130,3.75,1.29,7-6 3-6 4-6 4-6
Wimbledon,7/12/2024,Grand Slam,Outdoor,Grass,Semifinals,5,Djokovic N.,Musetti L.,Djokovic N.,2,25,8360,1620,1.11,6.5,6-4 7-6 6-4
Wimbledon,7/14/2024,Grand Slam,Outdoor,Grass,The Final,5,Djokovic N.,Alcaraz C.,Alcaraz C.,2,3,8360,8130,2.1,1.8,2-6 2-6 6-7
Canadian Open,8/6/2024,Masters 1000,Outdoor,Hard,1st Round,3,Sonego L.,Griekspoor T.,Sonego L.,57,40,881,1220,2.3,1.62,7-6 5-7 6-4
Canadian Open,8/6/2024,Masters 1000,Outdoor,Hard,1st Round,3,Michelsen A.,Nishikori K.,Nishikori K.,55,576,915,60,1.3,3.5,6-3 5-7 4-6
Canadian Open,8/6/2024,Masters 1000,Outdoor,Hard,1st Round,3,Etcheverry T.,Jarry N.,Etcheverry T.,38,24,1255,1710,1.73,2.1,7-6 6-7 6-2
Canadian Open,8/6/2024,Masters 1000,Outdoor,Hard,1st Round,3,Kecmanovic M.,Borges N.,Borges N.,50,43,975,1176,1.57,2.38,7-5 4-6 4-6
Canadian Open,8/6/2024,Masters 1000,Outdoor,Hard,1st Round,3,Khachanov K.,Diallo G.,Khachanov K.,22,141,1830,436,1.4,3,6-4 6-4
Canadian Open,8/7/2024,Masters 1000,Outdoor,Hard,1st Round,3,Marozsan F.,Carreno Busta P.,Carreno Busta P.,49,799,1016,27,1.3,3.5,7-6 6-7 3-6
Canadian Open,8/7/2024,Masters 1000,Outdoor,Hard,1st Round,3,Rune H.,Bautista Agut R.,Rune H.,17,72,2300,745,-1,-1,6-1 6-3
Canadian Open,8/7/2024,Masters 1000,Outdoor,Hard,1st Round,3,Tiafoe F.,Tabilo A.,Tabilo A.,27,21,1515,1918,1.62,2.3,4-6 2-6
Canadian Open,8/7/2024,Masters 1000,Outdoor,Hard,1st Round,3,Thompson J.,Draper J.,Thompson J.,30,28,1341,1511,3.2,1.36,7-5 6-2
Canadian Open,8/7/2024,Masters 1000,Outdoor,Hard,1st Round,3,Darderi L.,Paul T.,Paul T.,32,12,1331,3375,6,1.13,4-6 6-7
Canadian Open,8/7/2024,Masters 1000,Outdoor,Hard,1st Round,3,Hijikata R.,Daniel T.,Hijikata R.,74,87,741,669,2.3,1.62,6-1 7-5
Canadian Open,8/7/2024,Masters 1000,Outdoor,Hard,1st Round,3,Mcdonald M.,Arnaldi M.,Arnaldi M.,93,46,636,1155,2,1.8,6-4 4-6 4-6
Canadian Open,8/7/2024,Masters 1000,Outdoor,Hard,1st Round,3,Shelton B.,Bublik A.,Shelton B.,14,25,2950,1650,1.5,2.63,7-6 6-2
Canadian Open,8/7/2024,Masters 1000,Outdoor,Hard,1st Round,3,Safiullin R.,Davidovich Fokina A.,Davidovich Fokina A.,66,42,785,1195,1.91,1.91,2-6 5-7
Canadian Open,8/7/2024,Masters 1000,Outdoor,Hard,1st Round,3,Humbert U.,Fils A.,Humbert U.,15,23,2360,1770,1.62,2.3,6-2 6-2
Canadian Open,8/7/2024,Masters 1000,Outdoor,Hard,1st Round,3,Martinez P.,Coric B.,Coric B.,45,94,1168,622,3.4,1.33,4-6 4-6
Canadian Open,8/7/2024,Masters 1000,Outdoor,Hard,1st Round,3,Nakashima B.,Shapovalov D.,Nakashima B.,52,106,935,550,2.1,1.73,6-4 7-5
Canadian Open,8/7/2024,Masters 1000,Outdoor,Hard,1st Round,3,Giron M.,Duckworth J.,Duckworth J.,37,80,1265,723,1.5,2.63,4-6 1-6
Canadian Open,8/7/2024,Masters 1000,Outdoor,Hard,1st Round,3,Popyrin A.,Machac T.,Popyrin A.,62,39,821,1229,2.3,1.62,6-3 6-4
Canadian Open,8/7/2024,Masters 1000,Outdoor,Hard,1st Round,3,Navone M.,Fritz T.,Fritz T.,36,13,1292,3330,10,1.06,4-6 1-6
Canadian Open,8/7/2024,Masters 1000,Outdoor,Hard,1st Round,3,Rinderknech A.,Mannarino A.,Rinderknech A.,65,31,786,1340,1.5,2.63,6-4 2-6 6-4
Canadian Open,8/8/2024,Masters 1000,Outdoor,Hard,1st Round,3,Auger-Aliassime F.,Cobolli F.,Cobolli F.,19,33,2115,1323,1.25,4,3-6 2-6
Canadian Open,8/8/2024,Masters 1000,Outdoor,Hard,1st Round,3,Kokkinakis T.,Monfils G.,Kokkinakis T.,81,34,697,1315,1.73,2.1,6-3 6-3
Canadian Open,8/8/2024,Masters 1000,Outdoor,Hard,2nd Round,3,Humbert U.,Borges N.,Borges N.,15,43,2360,1176,1.36,3.2,6-3 6-7 6-7
Canadian Open,8/8/2024,Masters 1000,Outdoor,Hard,2nd Round,3,Davidovich Fokina A.,Medvedev D.,Davidovich Fokina A.,42,5,1195,6525,5,1.17,6-4 1-6 6-2
Canadian Open,8/8/2024,Masters 1000,Outdoor,Hard,2nd Round,3,Paul T.,Nakashima B.,Nakashima B.,12,52,3375,935,1.36,3.2,2-6 7-6 1-6
Canadian Open,8/8/2024,Masters 1000,Outdoor,Hard,2nd Round,3,Nishikori K.,Tsitsipas S.,Nishikori K.,576,11,60,3465,4.33,1.22,6-4 6-4
Canadian Open,8/8/2024,Masters 1000,Outdoor,Hard,2nd Round,3,Etcheverry T.,Rublev A.,Rublev A.,38,8,1255,3975,3.75,1.29,6-7 2-6
Canadian Open,8/8/2024,Masters 1000,Outdoor,Hard,2nd Round,3,Zverev A.,Thompson J.,Zverev A.,4,30,6845,1341,1.29,3.75,6-1 6-1
Canadian Open,8/8/2024,Masters 1000,Outdoor,Hard,2nd Round,3,Hijikata R.,Dimitrov G.,Dimitrov G.,74,10,741,3600,4,1.25,1-6 0-6
Canadian Open,8/8/2024,Masters 1000,Outdoor,Hard,2nd Round,3,Arnaldi M.,Khachanov K.,Arnaldi M.,46,22,1155,1830,2.3,1.62,7-5 7-5
Canadian Open,8/8/2024,Masters 1000,Outdoor,Hard,2nd Round,3,Duckworth J.,Ruud C.,Ruud C.,80,9,723,3880,3.4,1.33,2-6 7-6 3-6
Canadian Open,8/8/2024,Masters 1000,Outdoor,Hard,2nd Round,3,Sinner J.,Coric B.,Sinner J.,1,94,9570,622,1.1,7,6-2 6-4
Canadian Open,8/8/2024,Masters 1000,Outdoor,Hard,2nd Round,3,Carreno Busta P.,Rune H.,Rune H.,799,17,27,2300,3.5,1.3,1-6 3-6
Canadian Open,8/8/2024,Masters 1000,Outdoor,Hard,2nd Round,3,Popyrin A.,Shelton B.,Popyrin A.,62,14,821,2950,2.5,1.53,6-4 7-6
Canadian Open,8/8/2024,Masters 1000,Outdoor,Hard,2nd Round,3,Sonego L.,Tabilo A.,Tabilo A.,57,21,881,1918,2.38,1.57,4-6 2-6
Canadian Open,8/10/2024,Masters 1000,Outdoor,Hard,2nd Round,3,Korda S.,Fritz T.,Korda S.,18,13,2270,3330,2.3,1.62,6-4 7-6
Canadian Open,8/10/2024,Masters 1000,Outdoor,Hard,2nd Round,3,Kokkinakis T.,Hurkacz H.,Hurkacz H.,81,6,697,4105,2.1,1.73,6-4 3-6 6-7
Canadian Open,8/10/2024,Masters 1000,Outdoor,Hard,2nd Round,3,Rinderknech A.,Cobolli F.,Rinderknech A.,65,33,786,1323,2.38,1.57,6-3 6-2
Canadian Open,8/10/2024,Masters 1000,Outdoor,Hard,3rd Round,3,Nakashima B.,Rublev A.,Rublev A.,52,8,935,3975,2.5,1.53,2-6 2-6
Canadian Open,8/10/2024,Masters 1000,Outdoor,Hard,3rd Round,3,Nishikori K.,Borges N.,Nishikori K.,576,43,60,1176,2.3,1.62,6-3 6-4
Canadian Open,8/10/2024,Masters 1000,Outdoor,Hard,3rd Round,3,Dimitrov G.,Popyrin A.,Popyrin A.,10,62,3600,821,1.33,3.4,6-4 6-7 3-6
Canadian Open,8/10/2024,Masters 1000,Outdoor,Hard,3rd Round,3,Sinner J.,Tabilo A.,Sinner J.,1,21,9570,1918,1.06,10,6-4 6-3
Canadian Open,8/10/2024,Masters 1000,Outdoor,Hard,3rd Round,3,Rune H.,Zverev A.,Zverev A.,17,4,2300,6845,3.5,1.3,3-6 6-7
Canadian Open,8/10/2024,Masters 1000,Outdoor,Hard,3rd Round,3,Hurkacz H.,Rinderknech A.,Hurkacz H.,6,65,4105,786,1.57,2.38,4-6 6-3 6-4
Canadian Open,8/11/2024,Masters 1000,Outdoor,Hard,Quarterfinals,3,Sinner J.,Rublev A.,Rublev A.,1,8,9570,3975,1.17,5,3-6 6-1 2-6
Canadian Open,8/11/2024,Masters 1000,Outdoor,Hard,Quarterfinals,3,Arnaldi M.,Nishikori K.,Arnaldi M.,46,576,1155,60,1.5,2.63,6-4 7-5
Canadian Open,8/11/2024,Masters 1000,Outdoor,Hard,Quarterfinals,3,Hurkacz H.,Popyrin A.,Popyrin A.,6,62,4105,821,1.62,2.3,6-3 6-7 5-7
Canadian Open,8/11/2024,Masters 1000,Outdoor,Hard,Quarterfinals,3,Korda S.,Zverev A.,Korda S.,18,4,2270,6845,3.4,1.33,7-6 1-6 6-4
Canadian Open,8/11/2024,Masters 1000,Outdoor,Hard,Semifinals,3,Arnaldi M.,Rublev A.,Rublev A.,46,8,1155,3975,3.75,1.29,4-6 2-6
Canadian Open,8/12/2024,Masters 1000,Outdoor,Hard,Semifinals,3,Popyrin A.,Korda S.,Popyrin A.,62,18,821,2270,3,1.4,7-6 6-3
Canadian Open,8/13/2024,Masters 1000,Outdoor,Hard,The Final,3,Rublev A.,Popyrin A.,Popyrin A.,8,62,3975,821,1.33,3.4,2-6 4-6
Western & Southern Financial Group Masters,8/12/2024,Masters 1000,Outdoor,Hard,1st Round,3,Cobolli F.,Paul T.,Cobolli F.,31,13,1348,3065,4.5,1.2,6-2 4-6 7-5
Western & Southern Financial Group Masters,8/13/2024,Masters 1000,Outdoor,Hard,1st Round,3,Cerundolo F.,Khachanov K.,Khachanov K.,29,22,1495,1880,2.5,1.53,0-6 3-6
Western & Southern Financial Group Masters,8/13/2024,Masters 1000,Outdoor,Hard,1st Round,3,Zhang Zh.,Mpetshi G.,Zhang Zh.,44,48,1161,1052,1.8,2,6-3 7-6
Western & Southern Financial Group Masters,8/13/2024,Masters 1000,Outdoor,Hard,1st Round,3,Tabilo A.,Darderi L.,Darderi L.,21,34,1993,1316,1.36,3.2,3-6 6-7
Western & Southern Financial Group Masters,8/13/2024,Masters 1000,Outdoor,Hard,1st Round,3,Baez S.,Giron M.,Baez S.,20,45,2000,1160,2.38,1.57,6-4 5-7 7-6
Western & Southern Financial Group Masters,8/13/2024,Masters 1000,Outdoor,Hard,1st Round,3,Davidovich Fokina A.,Tiafoe F.,Tiafoe F.,53,27,935,1515,2.2,1.67,3-6 6-7
Western & Southern Financial Group Masters,8/13/2024,Masters 1000,Outdoor,Hard,1st Round,3,Lehecka J.,Navone M.,Lehecka J.,35,38,1315,1293,1.36,3.2,7-6 6-3
Western & Southern Financial Group Masters,8/13/2024,Masters 1000,Outdoor,Hard,1st Round,3,Griekspoor T.,Michelsen A.,Michelsen A.,41,57,1220,905,2,1.8,1-6 7-5 2-6
Western & Southern Financial Group Masters,8/13/2024,Masters 1000,Outdoor,Hard,1st Round,3,Thompson J.,Humbert U.,Thompson J.,32,17,1346,2365,2.5,1.53,3-6 6-3 7-6
Western & Southern Financial Group Masters,8/13/2024,Masters 1000,Outdoor,Hard,1st Round,3,Opelka R.,Shelton B.,Shelton B.,322,14,157,2955,2.75,1.44,6-7 6-7
Western & Southern Financial Group Masters,8/13/2024,Masters 1000,Outdoor,Hard,1st Round,3,Musetti L.,Jarry N.,Musetti L.,18,25,2250,1710,1.4,3,4-6 7-6 7-6
Western & Southern Financial Group Masters,8/13/2024,Masters 1000,Outdoor,Hard,1st Round,3,Kecmanovic M.,Nishioka Y.,Nishioka Y.,51,52,940,939,2,1.8,4-6 5-7
Western & Southern Financial Group Masters,8/14/2024,Masters 1000,Outdoor,Hard,1st Round,3,Nakashima B.,Fritz T.,Nakashima B.,49,12,1035,3290,3.4,1.33,6-4 4-6 7-6
Western & Southern Financial Group Masters,8/14/2024,Masters 1000,Outdoor,Hard,1st Round,3,Holt B.,Fils A.,Fils A.,227,24,255,1755,4.5,1.2,4-6 1-6
Western & Southern Financial Group Masters,8/14/2024,Masters 1000,Outdoor,Hard,1st Round,3,Borges N.,Mannarino A.,Borges N.,39,33,1265,1340,1.33,3.4,6-4 3-6 6-1
Western & Southern Financial Group Masters,8/14/2024,Masters 1000,Outdoor,Hard,1st Round,3,Moutet C.,Marozsan F.,Marozsan F.,71,50,762,990,1.91,1.91,4-6 6-7
Western & Southern Financial Group Masters,8/14/2024,Masters 1000,Outdoor,Hard,1st Round,3,Auger-Aliassime F.,Kovacevic A.,Auger-Aliassime F.,19,79,2115,723,1.3,3.5,6-3 6-1
Western & Southern Financial Group Masters,8/14/2024,Masters 1000,Outdoor,Hard,1st Round,3,Struff J.L.,Tsitsipas S.,Tsitsipas S.,36,11,1310,3465,2.5,1.53,6-4 4-6 3-6
Western & Southern Financial Group Masters,8/14/2024,Masters 1000,Outdoor,Hard,1st Round,3,Rune H.,Berrettini M.,Rune H.,16,42,2390,1170,2.2,1.67,2-6 6-1 6-4
Western & Southern Financial Group Masters,8/14/2024,Masters 1000,Outdoor,Hard,1st Round,3,Machac T.,Purcell M.,Purcell M.,40,68,1230,775,1.44,2.75,4-6 6-7
Western & Southern Financial Group Masters,8/14/2024,Masters 1000,Outdoor,Hard,1st Round,3,Draper J.,Munar J.,Draper J.,28,89,1511,642,1.25,4,7-5 3-6 7-6
Western & Southern Financial Group Masters,8/14/2024,Masters 1000,Outdoor,Hard,1st Round,3,Popyrin A.,Monfils G.,Monfils G.,23,46,1821,1145,1.67,2.2,5-7 3-6
Western & Southern Financial Group Masters,8/14/2024,Masters 1000,Outdoor,Hard,1st Round,3,Carreno Busta P.,Korda S.,Carreno Busta P.,513,15,77,2625,5.5,1.14,7-5 6-1
Western & Southern Financial Group Masters,8/14/2024,Masters 1000,Outdoor,Hard,1st Round,3,Arnaldi M.,Etcheverry T.,Etcheverry T.,30,37,1485,1295,1.73,2.1,3-6 7-6 2-6
Western & Southern Financial Group Masters,8/14/2024,Masters 1000,Outdoor,Hard,2nd Round,3,Sinner J.,Michelsen A.,Sinner J.,1,57,8770,905,1.08,8,6-4 7-5
Western & Southern Financial Group Masters,8/15/2024,Masters 1000,Outdoor,Hard,2nd Round,3,Musetti L.,Tiafoe F.,Tiafoe F.,18,27,2250,1515,1.91,1.91,3-6 2-6
Western & Southern Financial Group Masters,8/15/2024,Masters 1000,Outdoor,Hard,2nd Round,3,Thompson J.,Baez S.,Thompson J.,32,20,1346,2000,1.5,2.63,6-2 6-4
Western & Southern Financial Group Masters,8/15/2024,Masters 1000,Outdoor,Hard,2nd Round,3,Medvedev D.,Lehecka J.,Lehecka J.,5,35,6355,1315,1.2,4.5,6-7 4-6
Western & Southern Financial Group Masters,8/15/2024,Masters 1000,Outdoor,Hard,2nd Round,3,Hurkacz H.,Nishioka Y.,Hurkacz H.,7,52,4215,939,1.44,2.75,3-6 7-6 6-1
Western & Southern Financial Group Masters,8/15/2024,Masters 1000,Outdoor,Hard,2nd Round,3,Khachanov K.,Zverev A.,Zverev A.,22,4,1880,6995,4,1.25,3-6 2-6
Western & Southern Financial Group Masters,8/15/2024,Masters 1000,Outdoor,Hard,2nd Round,3,Carreno Busta P.,Purcell M.,Carreno Busta P.,513,68,77,775,1.8,2,6-3 6-3
Western & Southern Financial Group Masters,8/15/2024,Masters 1000,Outdoor,Hard,2nd Round,3,Dimitrov G.,Marozsan F.,Marozsan F.,9,50,3690,990,1.25,4,6-4 4-6 3-6
Western & Southern Financial Group Masters,8/15/2024,Masters 1000,Outdoor,Hard,2nd Round,3,Rublev A.,Zhang Zh.,Rublev A.,6,44,4615,1161,1.33,3.4,6-4 6-3
Western & Southern Financial Group Masters,8/15/2024,Masters 1000,Outdoor,Hard,2nd Round,3,Fils A.,Nakashima B.,Nakashima B.,24,49,1755,1035,2.1,1.73,5-7 6-7
Western & Southern Financial Group Masters,8/15/2024,Masters 1000,Outdoor,Hard,2nd Round,3,Shelton B.,Etcheverry T.,Shelton B.,14,37,2955,1295,1.4,3,6-7 7-6 6-3
Western & Southern Financial Group Masters,8/15/2024,Masters 1000,Outdoor,Hard,2nd Round,3,Tsitsipas S.,Draper J.,Draper J.,11,28,3465,1511,1.57,2.38,6-3 4-6 5-7
Western & Southern Financial Group Masters,8/15/2024,Masters 1000,Outdoor,Hard,2nd Round,3,Rune H.,Borges N.,Rune H.,16,39,2390,1265,1.36,3.2,6-3 7-6
Western & Southern Financial Group Masters,8/16/2024,Masters 1000,Outdoor,Hard,2nd Round,3,Alcaraz C.,Monfils G.,Monfils G.,3,46,7950,1145,1.07,9,6-4 6-7 4-6
Western & Southern Financial Group Masters,8/16/2024,Masters 1000,Outdoor,Hard,2nd Round,3,Auger-Aliassime F.,Ruud C.,Auger-Aliassime F.,19,8,2115,3890,1.62,2.3,6-3 6-1
Western & Southern Financial Group Masters,8/16/2024,Masters 1000,Outdoor,Hard,3rd Round,3,Carreno Busta P.,Zverev A.,Zverev A.,513,4,77,6995,6.5,1.11,5-7 6-7
Western & Southern Financial Group Masters,8/16/2024,Masters 1000,Outdoor,Hard,3rd Round,3,Rublev A.,Nakashima B.,Rublev A.,6,49,4615,1035,1.4,3,7-6 6-1
Western & Southern Financial Group Masters,8/16/2024,Masters 1000,Outdoor,Hard,3rd Round,3,Marozsan F.,Shelton B.,Shelton B.,50,14,990,2955,2.63,1.5,4-6 3-6
Western & Southern Financial Group Masters,8/16/2024,Masters 1000,Outdoor,Hard,3rd Round,3,Hurkacz H.,Cobolli F.,Hurkacz H.,7,31,4215,1348,1.62,2.3,6-3 3-6 6-1
Western & Southern Financial Group Masters,8/16/2024,Masters 1000,Outdoor,Hard,3rd Round,3,Monfils G.,Rune H.,Rune H.,46,16,1145,2390,3.2,1.36,6-3 3-6 4-6
Western & Southern Financial Group Masters,8/17/2024,Masters 1000,Outdoor,Hard,3rd Round,3,Draper J.,Auger-Aliassime F.,Draper J.,28,19,1511,2115,2.1,1.73,5-7 6-4 6-4
Western & Southern Financial Group Masters,8/17/2024,Masters 1000,Outdoor,Hard,3rd Round,3,Lehecka J.,Tiafoe F.,Tiafoe F.,35,27,1315,1515,2,1.8,4-6 7-6 6-7
Western & Southern Financial Group Masters,8/17/2024,Masters 1000,Outdoor,Hard,Quarterfinals,3,Sinner J.,Rublev A.,Sinner J.,1,6,8770,4615,1.3,3.5,4-6 7-5 6-4
Western & Southern Financial Group Masters,8/17/2024,Masters 1000,Outdoor,Hard,Quarterfinals,3,Shelton B.,Zverev A.,Zverev A.,14,4,2955,6995,3.5,1.3,6-3 6-7 5-7
Western & Southern Financial Group Masters,8/18/2024,Masters 1000,Outdoor,Hard,Quarterfinals,3,Rune H.,Draper J.,Rune H.,16,28,2390,1511,1.8,2,6-4 6-2
Western & Southern Financial Group Masters,8/18/2024,Masters 1000,Outdoor,Hard,Semifinals,3,Zverev A.,Sinner J.,Sinner J.,4,1,6995,8770,2.63,1.5,6-7 7-5 6-7
Western & Southern Financial Group Masters,8/19/2024,Masters 1000,Outdoor,Hard,Semifinals,3,Tiafoe F.,Rune H.,Tiafoe F.,27,16,1515,2390,2.38,1.57,4-6 6-1 7-6
Western & Southern Financial Group Masters,8/19/2024,Masters 1000,Outdoor,Hard,The Final,3,Tiafoe F.,Sinner J.,Sinner J.,27,1,1515,8770,4.33,1.22,8-7 2-6
US Open,8/26/2024,Grand Slam,Outdoor,Hard,1st Round,5,Marterer M.,Zverev A.,Zverev A.,100,4,561,7035,17,1.03,2-6 7-6 3-6 2-6
US Open,8/26/2024,Grand Slam,Outdoor,Hard,1st Round,5,Bautista Agut R.,Nardi L.,Bautista Agut R.,67,90,791,612,1.22,4.33,7-5 7-6 7-6
US Open,8/26/2024,Grand Slam,Outdoor,Hard,1st Round,5,Stricker D.,Comesana F.,Comesana F.,169,108,345,532,1.36,3.2,6-4 3-6 6-7 3-6
US Open,8/26/2024,Grand Slam,Outdoor,Hard,1st Round,5,Humbert U.,Monteiro T.,Humbert U.,17,75,2330,739,1.13,6,6-3 6-4 6-4
US Open,8/26/2024,Grand Slam,Outdoor,Hard,1st Round,5,Grenier H.,Krueger M.,Krueger M.,173,179,341,332,2,1.8,6-4 3-6 4-6 5-7
US Open,8/26/2024,Grand Slam,Outdoor,Hard,1st Round,5,Carballes Baena R.,Choinski J.,Carballes Baena R.,55,276,916,199,1.5,2.63,6-2 6-3 5-7 6-7 6-3
US Open,8/26/2024,Grand Slam,Outdoor,Hard,1st Round,5,Bublik A.,Shang J.,Shang J.,27,72,1650,754,2.2,1.67,4-6 6-3 7-5 3-6 4-6
US Open,8/26/2024,Grand Slam,Outdoor,Hard,1st Round,5,Shelton B.,Thiem D.,Shelton B.,13,210,3110,283,1.07,9,6-4 6-2 6-2
US Open,8/26/2024,Grand Slam,Outdoor,Hard,1st Round,5,Ramos-Vinolas A.,Berrettini M.,Berrettini M.,122,44,483,1160,26,1.01,6-7 2-6 3-6
US Open,8/26/2024,Grand Slam,Outdoor,Hard,1st Round,5,Ruud C.,Bu Y.,Ruud C.,8,123,3855,483,1.25,4,7-6 6-2 6-2
US Open,8/26/2024,Grand Slam,Outdoor,Hard,1st Round,5,Kwon S.W.,Popyrin A.,Popyrin A.,340,28,145,1635,7,1.1,5-7 2-6 3-6
US Open,8/26/2024,Grand Slam,Outdoor,Hard,1st Round,5,Martinez P.,Kasnikowski M.,Martinez P.,43,194,1168,308,1.8,2,6-7 6-1 6-2 3-6 7-6
US Open,8/26/2024,Grand Slam,Outdoor,Hard,1st Round,5,Seyboth Wild T.,Rublev A.,Rublev A.,68,6,790,4805,8,1.08,3-6 6-7 5-7
US Open,8/26/2024,Grand Slam,Outdoor,Hard,1st Round,5,Fritz T.,Ugo Carabelli C.,Fritz T.,12,93,3120,608,1.01,29,7-5 6-1 6-2
US Open,8/26/2024,Grand Slam,Outdoor,Hard,1st Round,5,Opelka R.,Musetti L.,Musetti L.,324,18,157,2255,2.75,1.44,6-7 6-1 1-6 5-7
US Open,8/26/2024,Grand Slam,Outdoor,Hard,1st Round,5,Cerundolo F.,Ofner S.,Cerundolo F.,29,58,1495,904,1.36,3.2,5-7 6-4 6-4 6-2
US Open,8/26/2024,Grand Slam,Outdoor,Hard,1st Round,5,Mpetshi G.,Etcheverry T.,Etcheverry T.,52,33,1062,1335,2.3,1.62,4-6 2-6 3-6
US Open,8/26/2024,Grand Slam,Outdoor,Hard,1st Round,5,Muller A.,Walton A.,Muller A.,77,95,732,601,1.5,2.63,3-6 7-6 6-3 6-4
US Open,8/26/2024,Grand Slam,Outdoor,Hard,1st Round,5,Schwartzman D.,Monfils G.,Monfils G.,244,45,236,1155,4.5,1.2,7-6 2-6 2-6 1-6
US Open,8/26/2024,Grand Slam,Outdoor,Hard,1st Round,5,Dimitrov G.,Jacquet K.,Dimitrov G.,9,209,3655,285,1.05,11,6-3 6-4 6-2
US Open,8/26/2024,Grand Slam,Outdoor,Hard,1st Round,5,Koepfer D.,Shevchenko A.,Shevchenko A.,83,61,686,855,1.57,2.38,3-6 5-7 7-5 2-6
US Open,8/26/2024,Grand Slam,Outdoor,Hard,1st Round,5,Rinderknech A.,Eubanks C.,Rinderknech A.,56,106,915,545,1.67,2.2,6-4 4-6 3-6 6-3 7-6
US Open,8/26/2024,Grand Slam,Outdoor,Hard,1st Round,5,Davidovich Fokina A.,Hijikata R.,Hijikata R.,59,62,900,848,1.33,3.4,6-7 6-3 4-6 3-6
US Open,8/26/2024,Grand Slam,Outdoor,Hard,1st Round,5,Nakashima B.,Rune H.,Nakashima B.,50,15,1105,2780,2.5,1.53,6-2 6-1 6-4
US Open,8/26/2024,Grand Slam,Outdoor,Hard,1st Round,5,Darderi L.,Baez S.,Baez S.,37,23,1291,1800,2.1,1.73,4-6 7-6 0-6 6-7
US Open,8/27/2024,Grand Slam,Outdoor,Hard,1st Round,5,Tiafoe F.,Kovacevic A.,Tiafoe F.,20,76,2120,738,1.14,5.5,6-4 6-3 4-6 7-5
US Open,8/27/2024,Grand Slam,Outdoor,Hard,1st Round,5,Struff J.L.,Djere L.,Djere L.,35,109,1320,531,1.22,4.33,7-6 1-6 7-6 4-6 2-6
US Open,8/27/2024,Grand Slam,Outdoor,Hard,1st Round,5,Cazaux A.,Carreno Busta P.,Cazaux A.,91,213,609,277,2.38,1.57,6-1 6-3 6-3
US Open,8/27/2024,Grand Slam,Outdoor,Hard,1st Round,5,Nagal S.,Griekspoor T.,Griekspoor T.,73,40,747,1210,4.5,1.2,1-6 3-6 6-7
US Open,8/27/2024,Grand Slam,Outdoor,Hard,1st Round,5,Djokovic N.,Albot R.,Djokovic N.,2,138,7460,424,1.01,29,6-2 6-2 6-4
US Open,8/27/2024,Grand Slam,Outdoor,Hard,1st Round,5,Skatov T.,Hurkacz H.,Hurkacz H.,188,7,315,4055,5.5,1.14,3-6 6-7 6-7
US Open,8/27/2024,Grand Slam,Outdoor,Hard,1st Round,5,Goffin D.,Tabilo A.,Goffin D.,78,21,725,1978,2.2,1.67,7-6 6-1 7-5
US Open,8/27/2024,Grand Slam,Outdoor,Hard,1st Round,5,Lestienne C.,Thompson J.,Thompson J.,111,32,527,1376,6,1.13,1-6 3-6 2-6
US Open,8/27/2024,Grand Slam,Outdoor,Hard,1st Round,5,Navone M.,Altmaier D.,Navone M.,36,89,1303,637,2.38,1.57,1-6 6-2 6-4 6-1
US Open,8/27/2024,Grand Slam,Outdoor,Hard,1st Round,5,Tsitsipas S.,Kokkinakis T.,Kokkinakis T.,11,86,3425,672,1.36,3.2,6-7 6-4 3-6 5-7
US Open,8/27/2024,Grand Slam,Outdoor,Hard,1st Round,5,Schoolkate T.,Daniel T.,Schoolkate T.,193,88,308,639,2.38,1.57,4-6 4-6 6-4 7-6 6-4
US Open,8/27/2024,Grand Slam,Outdoor,Hard,1st Round,5,Auger-Aliassime F.,Mensik J.,Mensik J.,19,65,2170,812,1.25,4,2-6 4-6 2-6
US Open,8/27/2024,Grand Slam,Outdoor,Hard,1st Round,5,Virtanen O.,Halys Q.,Virtanen O.,125,119,476,498,2,1.8,6-3 6-3 6-7 6-2
US Open,8/27/2024,Grand Slam,Outdoor,Hard,1st Round,5,Fognini F.,Machac T.,Machac T.,71,39,759,1224,4.5,1.2,5-7 1-6 3-6
US Open,8/27/2024,Grand Slam,Outdoor,Hard,1st Round,5,Evans D.,Khachanov K.,Evans D.,184,22,324,1930,4.33,1.22,6-7 7-6 7-6 4-6 6-4
US Open,8/27/2024,Grand Slam,Outdoor,Hard,1st Round,5,Spizzirri E.,Michelsen A.,Michelsen A.,341,49,145,1115,4.33,1.22,1-6 5-7 3-6
US Open,8/27/2024,Grand Slam,Outdoor,Hard,1st Round,5,Mannarino A.,Coric B.,Mannarino A.,42,98,1170,582,3.75,1.29,7-5 6-2 6-3
US Open,8/27/2024,Grand Slam,Outdoor,Hard,1st Round,5,Forbes M.,Safiullin R.,Safiullin R.,1848,57,1,910,34,1.01,4-6 6-7 2-6
US Open,8/27/2024,Grand Slam,Outdoor,Hard,1st Round,5,Sinner J.,Mcdonald M.,Sinner J.,1,140,9360,422,1.01,23,2-6 6-2 6-1 6-2
US Open,8/27/2024,Grand Slam,Outdoor,Hard,1st Round,5,Svajda Z.,Arnaldi M.,Arnaldi M.,102,30,554,1470,3.5,1.3,3-6 2-6 1-6
US Open,8/27/2024,Grand Slam,Outdoor,Hard,1st Round,5,Borges N.,Coria F.,Borges N.,34,79,1325,714,1.11,6.5,6-2 6-4 6-1
US Open,8/27/2024,Grand Slam,Outdoor,Hard,1st Round,5,Gaston H.,Diaz Acosta F.,Diaz Acosta F.,63,64,830,827,1.57,2.38,1-6 4-6 2-6
US Open,8/27/2024,Grand Slam,Outdoor,Hard,1st Round,5,De Minaur A.,Giron M.,De Minaur A.,10,46,3435,1150,1.29,3.75,6-3 6-4 5-7 6-4
US Open,8/27/2024,Grand Slam,Outdoor,Hard,1st Round,5,Tien L.,Fils A.,Fils A.,191,24,309,1770,3.75,1.3,4-6 6-3 1-6 2-6
US Open,8/27/2024,Grand Slam,Outdoor,Hard,1st Round,5,Medvedev D.,Lajovic D.,Medvedev D.,5,66,6275,811,1.04,13,6-3 3-6 6-3 6-1
US Open,8/27/2024,Grand Slam,Outdoor,Hard,1st Round,5,Shapovalov D.,Van De Zandschulp B.,Van De Zandschulp B.,105,74,550,739,1.3,3.5,4-6 5-7 4-6
US Open,8/27/2024,Grand Slam,Outdoor,Hard,1st Round,5,Purcell M.,Vukic A.,Purcell M.,97,92,585,609,2.2,1.67,7-5 6-4 6-3
US Open,8/27/2024,Grand Slam,Outdoor,Hard,1st Round,5,Moutet C.,Korda S.,Korda S.,69,16,780,2545,4.33,1.22,6-7 1-6 0-6
US Open,8/27/2024,Grand Slam,Outdoor,Hard,1st Round,5,Cobolli F.,Duckworth J.,Cobolli F.,31,70,1418,764,1.3,3.5,6-1 4-6 6-4 6-4
US Open,8/27/2024,Grand Slam,Outdoor,Hard,1st Round,5,Medjedovic H.,Marozsan F.,Marozsan F.,137,51,431,1090,2.1,1.73,6-2 1-6 6-3 1-6 4-6
US Open,8/27/2024,Grand Slam,Outdoor,Hard,1st Round,5,Diallo G.,Munar J.,Diallo G.,143,84,413,682,1.91,1.91,6-4 3-6 6-3 7-5
US Open,8/27/2024,Grand Slam,Outdoor,Hard,1st Round,5,Kotov P.,Bergs Z.,Bergs Z.,60,80,864,697,2,1.8,2-6 6-4 2-6 6-3 6-7
US Open,8/27/2024,Grand Slam,Outdoor,Hard,1st Round,5,O Connell C.,Jarry N.,O Connell C.,87,26,671,1675,2.75,1.44,6-4 6-3 4-6 6-3
US Open,8/28/2024,Grand Slam,Outdoor,Hard,1st Round,5,Wawrinka S.,Bellucci M.,Bellucci M.,176,101,333,555,3,1.4,4-6 6-7 3-6
US Open,8/28/2024,Grand Slam,Outdoor,Hard,1st Round,5,Alcaraz C.,Tu L.,Alcaraz C.,3,186,7360,322,1,51,6-2 4-6 6-3 6-1
US Open,8/28/2024,Grand Slam,Outdoor,Hard,1st Round,5,Sonego L.,Paul T.,Paul T.,48,14,1116,2985,4.33,1.22,4-6 2-6 7-5 2-6
US Open,8/28/2024,Grand Slam,Outdoor,Hard,2nd Round,5,Lehecka J.,Krueger M.,Lehecka J.,38,179,1255,332,1.22,4.33,6-7 0-6 6-4 6-4 7-5
US Open,8/28/2024,Grand Slam,Outdoor,Hard,2nd Round,5,Cerundolo F.,Etcheverry T.,Etcheverry T.,29,33,1495,1335,2,1.8,3-6 6-4 4-6 6-1 3-6
US Open,8/28/2024,Grand Slam,Outdoor,Hard,2nd Round,5,Dimitrov G.,Hijikata R.,Dimitrov G.,9,62,3655,848,1.07,9,6-1 6-1 7-6
US Open,8/28/2024,Grand Slam,Outdoor,Hard,2nd Round,5,Cazaux A.,Nakashima B.,Nakashima B.,91,50,609,1105,3.75,1.29,4-6 4-6 2-6
US Open,8/28/2024,Grand Slam,Outdoor,Hard,2nd Round,5,Zverev A.,Muller A.,Zverev A.,4,77,7035,732,1.03,17,6-4 7-6 6-1
US Open,8/28/2024,Grand Slam,Outdoor,Hard,2nd Round,5,Rinderknech A.,Rublev A.,Rublev A.,56,6,915,4805,6,1.13,6-4 7-5 1-6 2-6 2-6
US Open,8/28/2024,Grand Slam,Outdoor,Hard,2nd Round,5,Comesana F.,Humbert U.,Comesana F.,108,17,532,2330,8,1.08,5-7 6-4 6-4 6-4
US Open,8/28/2024,Grand Slam,Outdoor,Hard,2nd Round,5,Carballes Baena R.,Shang J.,Shang J.,55,72,916,754,3.4,1.33,2-6 3-6 6-7
US Open,8/28/2024,Grand Slam,Outdoor,Hard,2nd Round,5,Popyrin A.,Martinez P.,Popyrin A.,28,43,1635,1168,1.17,5,6-2 6-4 6-0
US Open,8/28/2024,Grand Slam,Outdoor,Hard,2nd Round,5,Bautista Agut R.,Shelton B.,Shelton B.,67,13,791,3110,5,1.17,3-6 4-6 4-6
US Open,8/28/2024,Grand Slam,Outdoor,Hard,2nd Round,5,Musetti L.,Kecmanovic M.,Musetti L.,18,54,2255,940,1.4,3,3-6 6-4 6-4 2-6 7-5
US Open,8/28/2024,Grand Slam,Outdoor,Hard,2nd Round,5,Monfils G.,Ruud C.,Ruud C.,45,8,1155,3855,2.63,1.5,4-6 2-6 6-2 6-7
US Open,8/29/2024,Grand Slam,Outdoor,Hard,2nd Round,5,Fritz T.,Berrettini M.,Fritz T.,12,44,3120,1160,1.53,2.5,6-3 7-6 6-1
US Open,8/29/2024,Grand Slam,Outdoor,Hard,2nd Round,5,Safiullin R.,Arnaldi M.,Arnaldi M.,57,30,910,1470,2.2,1.67,2-6 4-6 4-6
US Open,8/29/2024,Grand Slam,Outdoor,Hard,2nd Round,5,Machac T.,Korda S.,Machac T.,39,16,1224,2545,3.4,1.33,6-4 6-2 6-4
US Open,8/29/2024,Grand Slam,Outdoor,Hard,2nd Round,5,Bellucci M.,O Connell C.,O Connell C.,101,87,555,671,1.4,3,3-6 4-6 6-3 3-6
US Open,8/29/2024,Grand Slam,Outdoor,Hard,2nd Round,5,Thompson J.,Hurkacz H.,Thompson J.,32,7,1376,4055,2.63,1.5,7-6 6-1 7-5
US Open,8/29/2024,Grand Slam,Outdoor,Hard,2nd Round,5,Michelsen A.,Sinner J.,Sinner J.,49,1,1115,9360,13,1.04,4-6 0-6 2-6
US Open,8/29/2024,Grand Slam,Outdoor,Hard,2nd Round,5,Borges N.,Kokkinakis T.,Borges N.,34,86,1325,672,2.1,1.73,6-4 7-5 7-5
US Open,8/29/2024,Grand Slam,Outdoor,Hard,2nd Round,5,Mannarino A.,Goffin D.,Goffin D.,42,78,1170,725,3.2,1.36,7-6 3-6 2-6 6-7
US Open,8/29/2024,Grand Slam,Outdoor,Hard,2nd Round,5,Draper J.,Diaz Acosta F.,Draper J.,25,64,1695,827,1.07,9,6-4 6-2 6-2
US Open,8/29/2024,Grand Slam,Outdoor,Hard,2nd Round,5,Virtanen O.,De Minaur A.,De Minaur A.,125,10,476,3435,4.33,1.22,5-7 1-6 6-7
US Open,8/29/2024,Grand Slam,Outdoor,Hard,2nd Round,5,Cobolli F.,Bergs Z.,Cobolli F.,31,80,1418,697,1.53,2.5,4-6 6-3 7-5 6-3
US Open,8/29/2024,Grand Slam,Outdoor,Hard,2nd Round,5,Fils A.,Diallo G.,Diallo G.,24,143,1770,413,1.33,3.4,5-7 7-6 4-6 4-6
US Open,8/29/2024,Grand Slam,Outdoor,Hard,2nd Round,5,Mensik J.,Schoolkate T.,Mensik J.,65,193,812,308,1.17,5,6-7 2-6 6-2 7-6 7-6
US Open,8/29/2024,Grand Slam,Outdoor,Hard,2nd Round,5,Navone M.,Evans D.,Evans D.,36,184,1303,324,1.8,2,4-6 3-6 3-6
US Open,8/30/2024,Grand Slam,Outdoor,Hard,2nd Round,5,Medvedev D.,Marozsan F.,Medvedev D.,5,51,6275,1090,1.1,7,6-3 6-2 7-6
US Open,8/30/2024,Grand Slam,Outdoor,Hard,2nd Round,5,Alcaraz C.,Van De Zandschulp B.,Van De Zandschulp B.,3,74,7360,739,1.01,29,1-6 5-7 4-6
US Open,8/30/2024,Grand Slam,Outdoor,Hard,3rd Round,5,Tiafoe F.,Shelton B.,Tiafoe F.,20,13,2120,3110,2.3,1.62,4-6 7-5 6-7 6-4 6-3
US Open,8/30/2024,Grand Slam,Outdoor,Hard,3rd Round,5,Lehecka J.,Rublev A.,Rublev A.,38,6,1255,4805,3.4,1.33,3-6 5-7 4-6
US Open,8/30/2024,Grand Slam,Outdoor,Hard,3rd Round,5,Dimitrov G.,Griekspoor T.,Dimitrov G.,9,40,3655,1210,1.2,4.5,6-3 6-3 6-1
US Open,8/30/2024,Grand Slam,Outdoor,Hard,3rd Round,5,Comesana F.,Fritz T.,Fritz T.,108,12,532,3120,15,1.03,3-6 4-6 2-6
US Open,8/30/2024,Grand Slam,Outdoor,Hard,3rd Round,5,Ruud C.,Shang J.,Ruud C.,8,72,3855,754,1.36,3.2,6-7 3-6 6-0 6-3 6-1
US Open,8/30/2024,Grand Slam,Outdoor,Hard,3rd Round,5,Musetti L.,Nakashima B.,Nakashima B.,18,50,2255,1105,2.3,1.62,2-6 6-3 3-6 6-7
US Open,8/31/2024,Grand Slam,Outdoor,Hard,3rd Round,5,Popyrin A.,Djokovic N.,Popyrin A.,28,2,1635,7460,6,1.13,6-4 6-4 2-6 6-4
US Open,8/31/2024,Grand Slam,Outdoor,Hard,3rd Round,5,Etcheverry T.,Zverev A.,Zverev A.,33,4,1335,7035,13,1.04,7-5 5-7 1-6 3-6
US Open,8/31/2024,Grand Slam,Outdoor,Hard,3rd Round,5,Machac T.,Goffin D.,Machac T.,39,78,1224,725,1.53,2.5,6-3 6-1 6-2
US Open,8/31/2024,Grand Slam,Outdoor,Hard,3rd Round,5,Van De Zandschulp B.,Draper J.,Draper J.,74,25,739,1695,4,1.25,3-6 4-6 2-6
US Open,8/31/2024,Grand Slam,Outdoor,Hard,3rd Round,5,Sinner J.,O Connell C.,Sinner J.,1,87,9360,671,1.01,26,6-1 6-4 6-2
US Open,8/31/2024,Grand Slam,Outdoor,Hard,3rd Round,5,Diallo G.,Paul T.,Paul T.,143,14,413,2985,7,1.1,7-6 3-6 1-6 6-7
US Open,8/31/2024,Grand Slam,Outdoor,Hard,3rd Round,5,Borges N.,Mensik J.,Borges N.,34,65,1325,812,1.57,2.38,6-7 6-1 3-6 7-6 6-0
US Open,8/31/2024,Grand Slam,Outdoor,Hard,3rd Round,5,Arnaldi M.,Thompson J.,Thompson J.,30,32,1470,1376,1.91,1.91,5-7 2-6 6-7
US Open,9/1/2024,Grand Slam,Outdoor,Hard,3rd Round,5,De Minaur A.,Evans D.,De Minaur A.,10,184,3435,324,1.14,5.5,6-3 6-7 6-0 6-0
US Open,9/1/2024,Grand Slam,Outdoor,Hard,3rd Round,5,Cobolli F.,Medvedev D.,Medvedev D.,31,5,1418,6275,6,1.13,3-6 4-6 3-6
US Open,9/1/2024,Grand Slam,Outdoor,Hard,4th Round,5,Dimitrov G.,Rublev A.,Dimitrov G.,9,6,3655,4805,2,1.8,6-3 7-6 1-6 3-6 6-3
US Open,9/1/2024,Grand Slam,Outdoor,Hard,4th Round,5,Ruud C.,Fritz T.,Fritz T.,8,12,3855,3120,3.2,1.36,6-3 4-6 3-6 2-6
US Open,9/1/2024,Grand Slam,Outdoor,Hard,4th Round,5,Zverev A.,Nakashima B.,Zverev A.,4,50,7035,1105,1.22,4.33,3-6 6-1 6-2 6-2
US Open,9/2/2024,Grand Slam,Outdoor,Hard,4th Round,5,Popyrin A.,Tiafoe F.,Tiafoe F.,28,20,1635,2120,1.91,1.91,4-6 6-7 6-2 3-6
US Open,9/2/2024,Grand Slam,Outdoor,Hard,4th Round,5,Draper J.,Machac T.,Draper J.,25,39,1695,1224,1.44,2.75,6-3 6-1 6-2
US Open,9/2/2024,Grand Slam,Outdoor,Hard,4th Round,5,Borges N.,Medvedev D.,Medvedev D.,34,5,1325,6275,7,1.1,0-6 1-6 3-6
US Open,9/2/2024,Grand Slam,Outdoor,Hard,4th Round,5,De Minaur A.,Thompson J.,De Minaur A.,10,32,3435,1376,1.25,4,6-0 3-6 6-3 7-5
US Open,9/3/2024,Grand Slam,Outdoor,Hard,4th Round,5,Paul T.,Sinner J.,Sinner J.,14,1,2985,9360,5.5,1.14,6-7 6-7 1-6
US Open,9/3/2024,Grand Slam,Outdoor,Hard,Quarterfinals,5,Fritz T.,Zverev A.,Fritz T.,12,4,3120,7035,2.5,1.53,7-6 3-6 6-4 7-6
US Open,9/4/2024,Grand Slam,Outdoor,Hard,Quarterfinals,5,De Minaur A.,Draper J.,Draper J.,10,25,3435,1695,1.67,2.2,3-6 5-7 2-6
US Open,9/5/2024,Grand Slam,Outdoor,Hard,Quarterfinals,5,Sinner J.,Medvedev D.,Sinner J.,1,5,9360,6275,1.36,3.2,6-2 1-6 6-1 6-4
US Open,9/6/2024,Grand Slam,Outdoor,Hard,Semifinals,5,Draper J.,Sinner J.,Sinner J.,25,1,1695,9360,5,1.17,5-7 6-7 2-6
US Open,9/7/2024,Grand Slam,Outdoor,Hard,Semifinals,5,Fritz T.,Tiafoe F.,Fritz T.,12,20,3120,2120,1.33,3.4,4-6 7-5 4-6 6-4 6-1
US Open,9/8/2024,Grand Slam,Outdoor,Hard,The Final,5,Fritz T.,Sinner J.,Sinner J.,12,1,3120,9360,4,1.25,3-6 4-6 5-7
Shanghai Masters,10/2/2024,Masters 1000,Outdoor,Hard,1st Round,3,Nardi L.,Muller A.,Muller A.,89,74,649,748,2.5,1.53,6-4 1-6 1-6
Shanghai Masters,10/2/2024,Masters 1000,Outdoor,Hard,1st Round,3,Rinderknech A.,Opelka R.,Rinderknech A.,62,309,843,167,1.91,1.91,6-4 7-6
Shanghai Masters,10/2/2024,Masters 1000,Outdoor,Hard,1st Round,3,Nagal S.,Wu Y.,Wu Y.,83,560,681,63,2.38,1.57,3-6 3-6
Shanghai Masters,10/2/2024,Masters 1000,Outdoor,Hard,1st Round,3,Van De Zandschulp B.,Carreno Busta P.,Van De Zandschulp B.,67,203,799,287,2.38,1.57,7-6 6-2
Shanghai Masters,10/2/2024,Masters 1000,Outdoor,Hard,1st Round,3,Dzumhur D.,Monfils G.,Monfils G.,96,46,599,1160,4,1.25,4-6 3-6
Shanghai Masters,10/2/2024,Masters 1000,Outdoor,Hard,1st Round,3,Carballes Baena R.,Bautista Agut R.,Carballes Baena R.,54,57,955,896,2.75,1.44,3-6 6-3 6-2
Shanghai Masters,10/2/2024,Masters 1000,Outdoor,Hard,1st Round,3,Cilic M.,Cazaux A.,Cazaux A.,211,92,278,622,1.53,2.5,4-6 4-6
Shanghai Masters,10/2/2024,Masters 1000,Outdoor,Hard,1st Round,3,Fognini F.,Darderi L.,Fognini F.,81,42,691,1265,2.1,1.73,6-4 6-7 6-4
Shanghai Masters,10/2/2024,Masters 1000,Outdoor,Hard,1st Round,3,Sonego L.,Shapovalov D.,Shapovalov D.,49,102,1081,568,2.63,1.5,6-7 6-7
Shanghai Masters,10/2/2024,Masters 1000,Outdoor,Hard,1st Round,3,Vukic A.,Moutet C.,Vukic A.,91,72,624,764,1.79,2.13,2-6 6-3 6-4
Shanghai Masters,10/2/2024,Masters 1000,Outdoor,Hard,1st Round,3,Mannarino A.,Svajda Z.,Svajda Z.,53,131,984,452,1.73,2.1,3-6 6-1 0-6
Shanghai Masters,10/2/2024,Masters 1000,Outdoor,Hard,1st Round,3,Shang J.,Wong C.,Shang J.,51,128,1045,460,1.22,4.33,6-4 6-4
Shanghai Masters,10/2/2024,Masters 1000,Outdoor,Hard,1st Round,3,Diallo G.,Davidovich Fokina A.,Davidovich Fokina A.,105,64,557,825,2.1,1.73,5-7 6-7
Shanghai Masters,10/2/2024,Masters 1000,Outdoor,Hard,1st Round,3,Daniel T.,Gerasimov E.,Daniel T.,93,304,619,170,1.29,3.75,6-7 6-3 6-4
Shanghai Masters,10/2/2024,Masters 1000,Outdoor,Hard,1st Round,3,Evans D.,Seyboth Wild T.,Seyboth Wild T.,170,88,341,656,1.53,2.5,2-6 6-4 6-7
Shanghai Masters,10/2/2024,Masters 1000,Outdoor,Hard,1st Round,3,Nishikori K.,Navone M.,Nishikori K.,153,38,388,1328,1.29,3.75,3-6 6-4 6-3
Shanghai Masters,10/3/2024,Masters 1000,Outdoor,Hard,1st Round,3,Hijikata R.,Kecmanovic M.,Kecmanovic M.,78,55,718,945,2.5,1.53,2-6 2-6
Shanghai Masters,10/3/2024,Masters 1000,Outdoor,Hard,1st Round,3,Munar J.,Gaston H.,Munar J.,63,80,839,703,1.44,2.75,6-3 6-3
Shanghai Masters,10/3/2024,Masters 1000,Outdoor,Hard,1st Round,3,Duckworth J.,Goffin D.,Goffin D.,75,66,748,800,2.75,1.44,4-6 2-6
Shanghai Masters,10/3/2024,Masters 1000,Outdoor,Hard,1st Round,3,Berrettini M.,O Connell C.,Berrettini M.,44,71,1215,765,1.36,3.2,7-6 7-6
Shanghai Masters,10/3/2024,Masters 1000,Outdoor,Hard,1st Round,3,Martinez P.,Mensik J.,Mensik J.,45,65,1207,822,3,1.4,1-6 7-5 4-6
Shanghai Masters,10/3/2024,Masters 1000,Outdoor,Hard,1st Round,3,Griekspoor T.,Diaz Acosta F.,Griekspoor T.,40,59,1305,865,1.2,4.5,6-4 6-7 6-3
Shanghai Masters,10/3/2024,Masters 1000,Outdoor,Hard,1st Round,3,Tu L.,Giron M.,Giron M.,191,47,304,1140,2.5,1.53,1-6 6-7
Shanghai Masters,10/3/2024,Masters 1000,Outdoor,Hard,1st Round,3,Watanuki Y.,Kotov P.,Watanuki Y.,336,56,149,907,2,1.8,6-7 6-4 7-5
Shanghai Masters,10/3/2024,Masters 1000,Outdoor,Hard,1st Round,3,Ramanathan R.,Shevchenko A.,Shevchenko A.,332,58,153,875,4.33,1.22,1-6 6-7
Shanghai Masters,10/3/2024,Masters 1000,Outdoor,Hard,1st Round,3,Safiullin R.,Zhukayev B.,Safiullin R.,61,196,853,298,1.2,4.5,7-6 6-4
Shanghai Masters,10/3/2024,Masters 1000,Outdoor,Hard,1st Round,3,Zhang Zh.,Bergs Z.,Bergs Z.,41,73,1270,763,1.73,2.1,4-6 3-6
Shanghai Masters,10/3/2024,Masters 1000,Outdoor,Hard,1st Round,3,Bellucci M.,Harris B.,Bellucci M.,101,106,574,552,1.4,3,6-3 6-4
Shanghai Masters,10/3/2024,Masters 1000,Outdoor,Hard,1st Round,3,Kovacevic A.,Atmane T.,Atmane T.,76,161,740,369,2.1,1.73,4-6 6-7
Shanghai Masters,10/3/2024,Masters 1000,Outdoor,Hard,1st Round,3,Wawrinka S.,Mpetshi G.,Wawrinka S.,236,50,243,1073,2.1,1.73,7-6 7-6
Shanghai Masters,10/4/2024,Masters 1000,Outdoor,Hard,1st Round,3,Bu Y.,Michelsen A.,Michelsen A.,69,43,780,1215,2.38,1.57,3-6 4-6
Shanghai Masters,10/4/2024,Masters 1000,Outdoor,Hard,2nd Round,3,Paul T.,Fognini F.,Paul T.,13,81,3045,691,1.07,9,6-1 6-3
Shanghai Masters,10/4/2024,Masters 1000,Outdoor,Hard,2nd Round,3,Rinderknech A.,Tabilo A.,Tabilo A.,62,23,843,1963,2,1.8,3-6 2-6
Shanghai Masters,10/4/2024,Masters 1000,Outdoor,Hard,2nd Round,3,Shelton B.,Shapovalov D.,Shelton B.,16,102,2580,568,1.67,2.2,6-3 7-5
Shanghai Masters,10/4/2024,Masters 1000,Outdoor,Hard,2nd Round,3,Auger-Aliassime F.,Muller A.,Muller A.,22,74,2170,748,1.25,4,3-6 2-6
Shanghai Masters,10/4/2024,Masters 1000,Outdoor,Hard,2nd Round,3,Monfils G.,Baez S.,Monfils G.,46,26,1160,1760,1.33,3.4,6-3 4-6 6-4
Shanghai Masters,10/4/2024,Masters 1000,Outdoor,Hard,2nd Round,3,Svajda Z.,Arnaldi M.,Arnaldi M.,131,36,452,1350,2.75,1.44,7-6 2-6 4-6
Shanghai Masters,10/4/2024,Masters 1000,Outdoor,Hard,2nd Round,3,Tsitsipas S.,Nishikori K.,Tsitsipas S.,12,153,3390,388,1.5,2.63,7-6 6-4
Shanghai Masters,10/4/2024,Masters 1000,Outdoor,Hard,2nd Round,3,Cazaux A.,Humbert U.,Humbert U.,92,15,622,2645,3.75,1.29,3-6 2-6
Shanghai Masters,10/4/2024,Masters 1000,Outdoor,Hard,2nd Round,3,Carballes Baena R.,Fils A.,Carballes Baena R.,54,21,955,2250,3.5,1.3,7-6 7-6
Shanghai Masters,10/4/2024,Masters 1000,Outdoor,Hard,2nd Round,3,Van De Zandschulp B.,Etcheverry T.,Etcheverry T.,67,37,799,1335,1.91,1.91,6-7 6-3 5-7
Shanghai Masters,10/4/2024,Masters 1000,Outdoor,Hard,2nd Round,3,Machac T.,Davidovich Fokina A.,Machac T.,33,64,1449,825,1.57,2.38,1-6 7-6 6-4
Shanghai Masters,10/4/2024,Masters 1000,Outdoor,Hard,2nd Round,3,Seyboth Wild T.,Medvedev D.,Medvedev D.,88,5,656,5375,9,1.07,5-7 5-7
Shanghai Masters,10/4/2024,Masters 1000,Outdoor,Hard,2nd Round,3,Wu Y.,Jarry N.,Wu Y.,560,29,63,1555,2,1.8,6-2 6-1
Shanghai Masters,10/4/2024,Masters 1000,Outdoor,Hard,2nd Round,3,Ruud C.,Vukic A.,Vukic A.,9,91,3965,624,1.33,3.4,4-6 4-6
Shanghai Masters,10/5/2024,Masters 1000,Outdoor,Hard,2nd Round,3,Alcaraz C.,Shang J.,Alcaraz C.,2,51,7010,1045,1.08,8,6-2 6-2
Shanghai Masters,10/5/2024,Masters 1000,Outdoor,Hard,2nd Round,3,Nakashima B.,Watanuki Y.,Watanuki Y.,35,336,1375,149,1.29,3.75,6-7 3-6
Shanghai Masters,10/5/2024,Masters 1000,Outdoor,Hard,2nd Round,3,Mensik J.,Rublev A.,Mensik J.,65,6,822,4700,3.5,1.3,6-7 6-4 6-3
Shanghai Masters,10/5/2024,Masters 1000,Outdoor,Hard,2nd Round,3,Cerundolo F.,Shevchenko A.,Shevchenko A.,31,58,1550,875,1.4,3,6-7 5-7
Shanghai Masters,10/5/2024,Masters 1000,Outdoor,Hard,2nd Round,3,Sinner J.,Daniel T.,Sinner J.,1,93,11010,619,1.02,21,6-1 6-4
Shanghai Masters,10/5/2024,Masters 1000,Outdoor,Hard,2nd Round,3,Munar J.,Lehecka J.,Lehecka J.,63,34,839,1400,3.4,1.33,6-7 4-6
Shanghai Masters,10/5/2024,Masters 1000,Outdoor,Hard,2nd Round,3,Popyrin A.,Kecmanovic M.,Popyrin A.,24,55,1825,945,1.57,2.38,6-3 6-2
Shanghai Masters,10/5/2024,Masters 1000,Outdoor,Hard,2nd Round,3,Michelsen A.,Djokovic N.,Djokovic N.,43,4,1215,5560,4.5,1.2,6-7 6-7
Shanghai Masters,10/5/2024,Masters 1000,Outdoor,Hard,2nd Round,3,Zverev A.,Bellucci M.,Zverev A.,3,101,6705,574,1.17,5,6-4 6-2
Shanghai Masters,10/7/2024,Masters 1000,Outdoor,Hard,2nd Round,3,Atmane T.,Fritz T.,Fritz T.,161,7,369,4060,7,1.1,6-7 6-7
Shanghai Masters,10/7/2024,Masters 1000,Outdoor,Hard,2nd Round,3,Safiullin R.,Bublik A.,Safiullin R.,61,27,853,1690,1.62,2.3,6-4 6-2
Shanghai Masters,10/7/2024,Masters 1000,Outdoor,Hard,2nd Round,3,Thompson J.,Griekspoor T.,Griekspoor T.,28,40,1571,1305,1.73,2.1,3-6 2-6
Shanghai Masters,10/7/2024,Masters 1000,Outdoor,Hard,2nd Round,3,Dimitrov G.,Bergs Z.,Dimitrov G.,10,73,3840,763,1.4,3,6-3 3-6 6-2
Shanghai Masters,10/7/2024,Masters 1000,Outdoor,Hard,2nd Round,3,Musetti L.,Goffin D.,Goffin D.,18,66,2425,800,1.44,2.75,6-1 6-7 2-6
Shanghai Masters,10/7/2024,Masters 1000,Outdoor,Hard,2nd Round,3,Giron M.,Khachanov K.,Giron M.,47,25,1140,1780,2.63,1.5,6-4 6-3
Shanghai Masters,10/7/2024,Masters 1000,Outdoor,Hard,2nd Round,3,Zhou Y.,Tiafoe F.,Tiafoe F.,440,17,97,2560,10,1.06,2-6 4-6
Shanghai Masters,10/7/2024,Masters 1000,Outdoor,Hard,2nd Round,3,Rune H.,Berrettini M.,Rune H.,14,44,2935,1215,1.8,2,4-6 6-4 6-3
Shanghai Masters,10/7/2024,Masters 1000,Outdoor,Hard,2nd Round,3,Wawrinka S.,Cobolli F.,Cobolli F.,236,30,243,1552,3.2,1.36,7-6 6-7 3-6
Shanghai Masters,10/6/2024,Masters 1000,Outdoor,Hard,3rd Round,3,Medvedev D.,Arnaldi M.,Medvedev D.,5,36,5375,1350,1.17,5,5-7 6-4 6-4
Shanghai Masters,10/6/2024,Masters 1000,Outdoor,Hard,3rd Round,3,Etcheverry T.,Sinner J.,Sinner J.,37,1,1335,11010,15,1.03,7-6 4-6 2-6
Shanghai Masters,10/6/2024,Masters 1000,Outdoor,Hard,3rd Round,3,Alcaraz C.,Wu Y.,Alcaraz C.,2,560,7010,63,1.03,15,7-6 6-3
Shanghai Masters,10/6/2024,Masters 1000,Outdoor,Hard,3rd Round,3,Tabilo A.,Paul T.,Paul T.,23,13,1963,3045,4,1.25,7-6 6-7 2-6
Shanghai Masters,10/8/2024,Masters 1000,Outdoor,Hard,3rd Round,3,Machac T.,Vukic A.,Machac T.,33,91,1449,624,1.4,3,6-4 6-2
Shanghai Masters,10/8/2024,Masters 1000,Outdoor,Hard,3rd Round,3,Humbert U.,Monfils G.,Monfils G.,15,46,2645,1160,1.36,3.2,6-7 6-2 1-6
Shanghai Masters,10/8/2024,Masters 1000,Outdoor,Hard,3rd Round,3,Tsitsipas S.,Muller A.,Tsitsipas S.,12,74,3390,748,1.22,4.33,6-3 7-5
Shanghai Masters,10/8/2024,Masters 1000,Outdoor,Hard,3rd Round,3,Shevchenko A.,Mensik J.,Mensik J.,58,65,875,822,3.2,1.36,1-6 7-6 2-6
Shanghai Masters,10/8/2024,Masters 1000,Outdoor,Hard,3rd Round,3,Fritz T.,Watanuki Y.,Fritz T.,7,336,4060,149,1.2,4.5,6-3 6-4
Shanghai Masters,10/8/2024,Masters 1000,Outdoor,Hard,3rd Round,3,Carballes Baena R.,Shelton B.,Shelton B.,54,16,955,2580,5,1.17,3-6 4-6
Shanghai Masters,10/8/2024,Masters 1000,Outdoor,Hard,3rd Round,3,Dimitrov G.,Popyrin A.,Dimitrov G.,10,24,3840,1825,1.67,2.2,7-6 6-2
Shanghai Masters,10/8/2024,Masters 1000,Outdoor,Hard,3rd Round,3,Tiafoe F.,Safiullin R.,Safiullin R.,17,61,2560,853,1.67,2.2,7-5 5-7 6-7
Shanghai Masters,10/8/2024,Masters 1000,Outdoor,Hard,3rd Round,3,Rune H.,Lehecka J.,Rune H.,14,34,2935,1400,1.53,2.5,6-4 7-5
Shanghai Masters,10/8/2024,Masters 1000,Outdoor,Hard,3rd Round,3,Cobolli F.,Djokovic N.,Djokovic N.,30,4,1552,5560,7,1.1,1-6 2-6
Shanghai Masters,10/8/2024,Masters 1000,Outdoor,Hard,3rd Round,3,Goffin D.,Giron M.,Goffin D.,66,47,800,1140,2.2,1.67,1-6 6-3 7-5
Shanghai Masters,10/8/2024,Masters 1000,Outdoor,Hard,3rd Round,3,Griekspoor T.,Zverev A.,Zverev A.,40,3,1305,6705,4.33,1.22,6-7 6-2 6-7
Shanghai Masters,10/9/2024,Masters 1000,Outdoor,Hard,4th Round,3,Sinner J.,Shelton B.,Sinner J.,1,16,11010,2580,1.17,5,6-4 7-6
Shanghai Masters,10/9/2024,Masters 1000,Outdoor,Hard,4th Round,3,Tsitsipas S.,Medvedev D.,Medvedev D.,12,5,3390,5375,3,1.4,6-7 3-6
Shanghai Masters,10/9/2024,Masters 1000,Outdoor,Hard,4th Round,3,Alcaraz C.,Monfils G.,Alcaraz C.,2,46,7010,1160,1.06,10,6-4 7-5
Shanghai Masters,10/9/2024,Masters 1000,Outdoor,Hard,4th Round,3,Paul T.,Machac T.,Machac T.,13,33,3045,1449,1.53,2.5,6-3 4-6 3-6
Shanghai Masters,10/9/2024,Masters 1000,Outdoor,Hard,4th Round,3,Mensik J.,Dimitrov G.,Mensik J.,65,10,822,3840,3.2,1.36,6-3 3-6 6-4
Shanghai Masters,10/9/2024,Masters 1000,Outdoor,Hard,4th Round,3,Safiullin R.,Djokovic N.,Djokovic N.,61,4,853,5560,7,1.1,3-6 2-6
Shanghai Masters,10/9/2024,Masters 1000,Outdoor,Hard,4th Round,3,Fritz T.,Rune H.,Fritz T.,7,14,4060,2935,1.53,2.5,6-1 6-2
Shanghai Masters,10/9/2024,Masters 1000,Outdoor,Hard,4th Round,3,Zverev A.,Goffin D.,Goffin D.,3,66,6705,800,1.14,5.5,4-6 5-7
Shanghai Masters,10/10/2024,Masters 1000,Outdoor,Hard,Quarterfinals,3,Sinner J.,Medvedev D.,Sinner J.,1,5,11010,5375,1.29,3.75,6-1 6-4
Shanghai Masters,10/10/2024,Masters 1000,Outdoor,Hard,Quarterfinals,3,Alcaraz C.,Machac T.,Machac T.,2,33,7010,1449,1.08,8,6-7 5-7
Shanghai Masters,10/11/2024,Masters 1000,Outdoor,Hard,Quarterfinals,3,Fritz T.,Goffin D.,Fritz T.,7,66,4060,800,1.14,5.5,6-3 6-4
Shanghai Masters,10/11/2024,Masters 1000,Outdoor,Hard,Quarterfinals,3,Mensik J.,Djokovic N.,Djokovic N.,65,4,822,5560,7,1.1,7-6 1-6 4-6
Shanghai Masters,10/12/2024,Masters 1000,Outdoor,Hard,Semifinals,3,Sinner J.,Machac T.,Sinner J.,1,33,11010,1449,1.11,6.5,6-4 7-5
Shanghai Masters,10/12/2024,Masters 1000,Outdoor,Hard,Semifinals,3,Fritz T.,Djokovic N.,Djokovic N.,7,4,4060,5560,3,1.4,4-6 6-7
Shanghai Masters,10/13/2024,Masters 1000,Outdoor,Hard,The Final,3,Sinner J.,Djokovic N.,Sinner J.,4,4,11010,5560,1.4,3,7-6 6-3
BNP Paribas Masters,10/28/2024,Masters 1000,Indoor,Hard,1st Round,3,Griekspoor T.,Darderi L.,Griekspoor T.,39,43,1320,1263,1.2,4.5,6-3 6-4
BNP Paribas Masters,10/28/2024,Masters 1000,Indoor,Hard,1st Round,3,Martinez P.,Thompson J.,Thompson J.,41,28,1270,1571,3.4,1.33,4-6 4-6
BNP Paribas Masters,10/28/2024,Masters 1000,Indoor,Hard,1st Round,3,Cerundolo F.,Halys Q.,Cerundolo F.,29,90,1570,653,2,1.8,7-6 6-3
BNP Paribas Masters,10/28/2024,Masters 1000,Indoor,Hard,1st Round,3,Zhang Zh.,Etcheverry T.,Etcheverry T.,47,40,1145,1310,2.2,1.67,3-6 6-7
BNP Paribas Masters,10/28/2024,Masters 1000,Indoor,Hard,1st Round,3,Giron M.,Shang J.,Giron M.,49,51,1105,1075,1.62,2.3,7-6 7-6
BNP Paribas Masters,10/28/2024,Masters 1000,Indoor,Hard,1st Round,3,Nakashima B.,Humbert U.,Humbert U.,35,18,1375,2385,2.5,1.53,3-6 6-4 4-6
BNP Paribas Masters,10/28/2024,Masters 1000,Indoor,Hard,1st Round,3,Kecmanovic M.,Baez S.,Kecmanovic M.,55,26,965,1690,1.4,3,6-4 6-7 7-5
BNP Paribas Masters,10/28/2024,Masters 1000,Indoor,Hard,1st Round,3,Fognini F.,Bublik A.,Bublik A.,79,33,721,1460,2.2,1.67,5-7 5-7
BNP Paribas Masters,10/28/2024,Masters 1000,Indoor,Hard,1st Round,3,Tsitsipas S.,Carballes Baena R.,Tsitsipas S.,11,54,3325,980,1.17,5,4-6 6-3 6-3
BNP Paribas Masters,10/28/2024,Masters 1000,Indoor,Hard,1st Round,3,Sonego L.,Jarry N.,Jarry N.,52,37,1022,1365,1.57,2.38,6-7 3-6
BNP Paribas Masters,10/28/2024,Masters 1000,Indoor,Hard,1st Round,3,Tabilo A.,Borges N.,Tabilo A.,22,34,2043,1446,1.57,2.38,3-6 7-6 6-3
BNP Paribas Masters,10/28/2024,Masters 1000,Indoor,Hard,1st Round,3,Paul T.,Mannarino A.,Mannarino A.,12,58,3180,929,1.13,6,3-6 5-7
BNP Paribas Masters,10/29/2024,Masters 1000,Indoor,Hard,1st Round,3,Struff J.L.,Musetti L.,Struff J.L.,42,16,1265,2600,2.63,1.5,6-4 6-2
BNP Paribas Masters,10/29/2024,Masters 1000,Indoor,Hard,1st Round,3,Hurkacz H.,Michelsen A.,Michelsen A.,14,44,2810,1220,1.67,2.2,1-6 3-6
BNP Paribas Masters,10/29/2024,Masters 1000,Indoor,Hard,1st Round,3,Fils A.,Cilic M.,Fils A.,20,201,2265,288,1.25,4,7-6 6-4
BNP Paribas Masters,10/29/2024,Masters 1000,Indoor,Hard,1st Round,3,Berrettini M.,Popyrin A.,Popyrin A.,36,24,1370,1775,1.53,2.5,5-7 6-7
BNP Paribas Masters,10/29/2024,Masters 1000,Indoor,Hard,1st Round,3,Mpetshi G.,Tiafoe F.,Mpetshi G.,31,17,1519,2585,2.2,1.67,6-7 7-6 6-3
BNP Paribas Masters,10/29/2024,Masters 1000,Indoor,Hard,1st Round,3,O Connell C.,Khachanov K.,Khachanov K.,71,21,755,2225,3.75,1.29,4-6 6-3 6-7
BNP Paribas Masters,10/29/2024,Masters 1000,Indoor,Hard,1st Round,3,Rune H.,Arnaldi M.,Rune H.,13,38,3005,1335,1.25,3.75,6-4 6-4
BNP Paribas Masters,10/29/2024,Masters 1000,Indoor,Hard,1st Round,3,Gasquet R.,Bergs Z.,Bergs Z.,133,65,452,833,2.75,1.41,3-6 4-6
BNP Paribas Masters,10/29/2024,Masters 1000,Indoor,Hard,1st Round,3,De Minaur A.,Navone M.,De Minaur A.,10,45,3725,1188,1.08,8,7-5 6-1
BNP Paribas Masters,10/29/2024,Masters 1000,Indoor,Hard,1st Round,3,Moutet C.,Shelton B.,Shelton B.,70,19,764,2330,3.75,1.29,3-6 7-6 3-6
BNP Paribas Masters,10/29/2024,Masters 1000,Indoor,Hard,1st Round,3,Draper J.,Lehecka J.,Draper J.,15,30,2800,1560,1.5,2.63,7-5 6-2
BNP Paribas Masters,10/29/2024,Masters 1000,Indoor,Hard,2nd Round,3,Rublev A.,Cerundolo F.,Cerundolo F.,7,29,4070,1570,1.33,3.4,6-7 6-7
BNP Paribas Masters,10/29/2024,Masters 1000,Indoor,Hard,2nd Round,3,Alcaraz C.,Jarry N.,Alcaraz C.,2,37,7120,1365,1.06,10,7-5 6-1
BNP Paribas Masters,10/29/2024,Masters 1000,Indoor,Hard,2nd Round,3,Tabilo A.,Tsitsipas S.,Tsitsipas S.,22,11,2043,3325,2.63,1.5,3-6 4-6
BNP Paribas Masters,10/29/2024,Masters 1000,Indoor,Hard,2nd Round,3,Thompson J.,Ruud C.,Thompson J.,28,8,1571,3855,2.2,1.67,7-6 3-6 6-4
BNP Paribas Masters,10/30/2024,Masters 1000,Indoor,Hard,2nd Round,3,Etcheverry T.,Dimitrov G.,Dimitrov G.,40,9,1310,3740,4,1.25,7-6 3-6 5-7
BNP Paribas Masters,10/30/2024,Masters 1000,Indoor,Hard,2nd Round,3,Rinderknech A.,Michelsen A.,Rinderknech A.,60,44,872,1220,2.75,1.44,7-6 7-6
BNP Paribas Masters,10/30/2024,Masters 1000,Indoor,Hard,2nd Round,3,Medvedev D.,Popyrin A.,Popyrin A.,5,24,5230,1775,1.3,3.5,4-6 6-2 6-7
BNP Paribas Masters,10/30/2024,Masters 1000,Indoor,Hard,2nd Round,3,Mannarino A.,Bergs Z.,Mannarino A.,58,65,929,833,2.3,1.62,3-6 6-2 6-4
BNP Paribas Masters,10/30/2024,Masters 1000,Indoor,Hard,2nd Round,3,Struff J.L.,Fils A.,Fils A.,42,20,1265,2265,3,1.4,3-6 4-6
BNP Paribas Masters,10/30/2024,Masters 1000,Indoor,Hard,2nd Round,3,Humbert U.,Giron M.,Humbert U.,18,49,2385,1105,1.33,3.4,6-3 6-2
BNP Paribas Masters,10/30/2024,Masters 1000,Indoor,Hard,2nd Round,3,Bublik A.,Rune H.,Rune H.,33,13,1460,3005,3.4,1.33,4-6 2-6
BNP Paribas Masters,10/30/2024,Masters 1000,Indoor,Hard,2nd Round,3,Khachanov K.,Mpetshi G.,Khachanov K.,21,31,2225,1519,1.73,2.1,6-7 6-1 6-4
BNP Paribas Masters,10/30/2024,Masters 1000,Indoor,Hard,2nd Round,3,Kecmanovic M.,De Minaur A.,De Minaur A.,55,10,965,3725,4,1.25,4-6 6-7
BNP Paribas Masters,10/30/2024,Masters 1000,Indoor,Hard,2nd Round,3,Zverev A.,Griekspoor T.,Zverev A.,3,39,6805,1320,1.3,3.5,7-6 6-3
BNP Paribas Masters,10/30/2024,Masters 1000,Indoor,Hard,2nd Round,3,Fritz T.,Draper J.,Draper J.,6,15,4335,2800,2,1.8,6-7 6-4 4-6
BNP Paribas Masters,10/30/2024,Masters 1000,Indoor,Hard,2nd Round,3,Cazaux A.,Shelton B.,Cazaux A.,85,19,678,2330,4,1.25,6-3 7-6
BNP Paribas Masters,10/31/2024,Masters 1000,Indoor,Hard,3rd Round,3,Mannarino A.,Thompson J.,Thompson J.,58,28,929,1571,2.38,1.57,5-7 6-7
BNP Paribas Masters,10/31/2024,Masters 1000,Indoor,Hard,3rd Round,3,Tsitsipas S.,Cerundolo F.,Tsitsipas S.,11,29,3325,1570,1.44,2.75,6-7 6-4 6-2
BNP Paribas Masters,10/31/2024,Masters 1000,Indoor,Hard,3rd Round,3,Popyrin A.,Khachanov K.,Khachanov K.,24,21,1775,2225,2.3,1.62,6-7 4-6
BNP Paribas Masters,10/31/2024,Masters 1000,Indoor,Hard,3rd Round,3,Zverev A.,Fils A.,Zverev A.,3,20,6805,2265,1.44,2.75,6-4 3-6 6-3
BNP Paribas Masters,10/31/2024,Masters 1000,Indoor,Hard,3rd Round,3,Draper J.,De Minaur A.,De Minaur A.,15,10,2800,3725,1.67,2.2,7-5 2-6 3-6
BNP Paribas Masters,10/31/2024,Masters 1000,Indoor,Hard,3rd Round,3,Humbert U.,Alcaraz C.,Humbert U.,18,2,2385,7120,5,1.17,6-1 3-6 7-5
BNP Paribas Masters,10/31/2024,Masters 1000,Indoor,Hard,3rd Round,3,Cazaux A.,Rune H.,Rune H.,85,13,678,3005,3.4,1.33,6-3 3-6 4-6
BNP Paribas Masters,10/31/2024,Masters 1000,Indoor,Hard,3rd Round,3,Dimitrov G.,Rinderknech A.,Dimitrov G.,9,60,3740,872,1.2,4.5,6-2 4-6 7-6
BNP Paribas Masters,11/1/2024,Masters 1000,Indoor,Hard,Quarterfinals,3,Tsitsipas S.,Zverev A.,Zverev A.,11,3,3325,6805,3,1.4,5-7 4-6
BNP Paribas Masters,11/1/2024,Masters 1000,Indoor,Hard,Quarterfinals,3,Rune H.,De Minaur A.,Rune H.,13,10,3005,3725,2.3,1.62,6-4 4-6 7-5
BNP Paribas Masters,11/1/2024,Masters 1000,Indoor,Hard,Quarterfinals,3,Thompson J.,Humbert U.,Humbert U.,28,18,1571,2385,3.4,1.33,2-6 6-7
BNP Paribas Masters,11/1/2024,Masters 1000,Indoor,Hard,Quarterfinals,3,Khachanov K.,Dimitrov G.,Khachanov K.,21,9,2225,3740,2.1,1.73,6-2 6-3
BNP Paribas Masters,11/2/2024,Masters 1000,Indoor,Hard,Semifinals,3,Rune H.,Zverev A.,Zverev A.,13,3,3005,6805,3,1.4,3-6 6-7
BNP Paribas Masters,11/2/2024,Masters 1000,Indoor,Hard,Semifinals,3,Humbert U.,Khachanov K.,Humbert U.,18,21,2385,2225,1.67,2.2,6-7 6-4 6-3
BNP Paribas Masters,11/3/2024,Masters 1000,Indoor,Hard,The Final,3,Humbert U.,Zverev A.,Zverev A.,18,3,2385,6805,3,1.4,2-6 2-6
Australian Open,1/12/2025,Grand Slam,Outdoor,Hard,1st Round,5,Jasika O.,Gaston H.,Gaston H.,179,81,323,703,3.2,1.36,2-6 6-3 2-6 2-6
Australian Open,1/12/2025,Grand Slam,Outdoor,Hard,1st Round,5,Fils A.,Virtanen O.,Fils A.,21,93,2280,627,1.13,6,3-6 7-6 6-4 6-4
Australian Open,1/12/2025,Grand Slam,Outdoor,Hard,1st Round,5,Monteiro T.,Nishikori K.,Nishikori K.,105,76,566,743,4.5,1.2,6-4 7-6 5-7 2-6 3-6
Australian Open,1/12/2025,Grand Slam,Outdoor,Hard,1st Round,5,Ruud C.,Munar J.,Ruud C.,6,62,4210,922,1.17,5,6-3 1-6 7-5 2-6 6-1
Australian Open,1/12/2025,Grand Slam,Outdoor,Hard,1st Round,5,Bu Y.,Habib H.,Habib H.,67,219,784,264,1.36,3.2,6-7 4-6 6-7
Australian Open,1/12/2025,Grand Slam,Outdoor,Hard,1st Round,5,Lehecka J.,Tu L.,Lehecka J.,29,168,1660,342,1.07,9,6-1 3-6 6-3 7-6
Australian Open,1/12/2025,Grand Slam,Outdoor,Hard,1st Round,5,Nagal S.,Machac T.,Machac T.,91,25,635,1805,13,1.04,3-6 1-6 5-7
Australian Open,1/12/2025,Grand Slam,Outdoor,Hard,1st Round,5,Humbert U.,Gigante M.,Humbert U.,14,145,2765,403,1.08,8,7-6 7-5 6-4
Australian Open,1/12/2025,Grand Slam,Outdoor,Hard,1st Round,5,Onclin G.,Opelka R.,Opelka R.,239,170,242,341,3.75,1.29,6-3 6-7 3-6 2-6
Australian Open,1/12/2025,Grand Slam,Outdoor,Hard,1st Round,5,Halys Q.,Walton A.,Halys Q.,74,90,756,636,2,1.8,4-6 4-6 6-4 7-6 7-5
Australian Open,1/12/2025,Grand Slam,Outdoor,Hard,1st Round,5,Pouille L.,Zverev A.,Zverev A.,103,2,575,7635,19,1.02,4-6 4-6 4-6
Australian Open,1/13/2025,Grand Slam,Outdoor,Hard,1st Round,5,Tiafoe F.,Rinderknech A.,Tiafoe F.,16,61,2560,927,1.25,4,7-6 6-3 4-6 6-7 6-3
Australian Open,1/13/2025,Grand Slam,Outdoor,Hard,1st Round,5,Tabilo A.,Carballes Baena R.,Carballes Baena R.,26,57,1705,981,1.5,2.63,6-1 2-6 3-6 6-7
Australian Open,1/13/2025,Grand Slam,Outdoor,Hard,1st Round,5,Mensik J.,Basilashvili N.,Mensik J.,48,206,1162,273,1.17,5,6-1 6-7 6-3 6-3
Australian Open,1/13/2025,Grand Slam,Outdoor,Hard,1st Round,5,Tsitsipas S.,Michelsen A.,Michelsen A.,12,42,3195,1270,1.53,2.5,5-7 3-6 6-2 4-6
Australian Open,1/13/2025,Grand Slam,Outdoor,Hard,1st Round,5,Borges N.,Muller A.,Borges N.,33,58,1445,965,1.67,2.2,6-7 6-3 6-2 7-5
Australian Open,1/13/2025,Grand Slam,Outdoor,Hard,1st Round,5,Seyboth Wild T.,Marozsan F.,Marozsan F.,79,59,732,960,3,1.4,3-6 7-6 5-7 7-5 5-7
Australian Open,1/13/2025,Grand Slam,Outdoor,Hard,1st Round,5,Duckworth J.,Stricker D.,Duckworth J.,89,304,637,173,1.73,2.1,6-2 6-4 6-2
Australian Open,1/13/2025,Grand Slam,Outdoor,Hard,1st Round,5,Landaluce M.,Mccabe J.,Mccabe J.,142,258,414,216,1.3,3.5,4-6 3-6 4-6
Australian Open,1/13/2025,Grand Slam,Outdoor,Hard,1st Round,5,Sinner J.,Jarry N.,Sinner J.,1,36,11830,1340,1.01,26,7-6 7-6 6-1
Australian Open,1/13/2025,Grand Slam,Outdoor,Hard,1st Round,5,Koepfer D.,Thompson J.,Thompson J.,124,27,485,1695,3.2,1.36,6-7 4-6 6-4 3-6
Australian Open,1/13/2025,Grand Slam,Outdoor,Hard,1st Round,5,Schoolkate T.,Daniel T.,Schoolkate T.,173,113,336,519,2,1.8,6-7 7-6 6-1 6-4
Australian Open,1/13/2025,Grand Slam,Outdoor,Hard,1st Round,5,Dzumhur D.,Vukic A.,Vukic A.,82,68,679,778,3.75,1.29,7-6 0-6 6-3 3-6 4-6
Australian Open,1/13/2025,Grand Slam,Outdoor,Hard,1st Round,5,Draper J.,Navone M.,Draper J.,18,47,2530,1173,1.05,11,4-6 6-3 3-6 6-3 6-2
Australian Open,1/13/2025,Grand Slam,Outdoor,Hard,1st Round,5,Safiullin R.,Kokkinakis T.,Kokkinakis T.,63,71,823,766,2.38,1.57,6-3 3-6 3-6 6-7
Australian Open,1/13/2025,Grand Slam,Outdoor,Hard,1st Round,5,Cazaux A.,Baez S.,Cazaux A.,78,28,732,1690,1.4,3,6-3 5-7 3-6 6-0 6-3
Australian Open,1/13/2025,Grand Slam,Outdoor,Hard,1st Round,5,Dougaz A.,Nishioka Y.,Nishioka Y.,231,65,254,807,5.5,1.14,6-3 4-6 6-7 3-6
Australian Open,1/13/2025,Grand Slam,Outdoor,Hard,1st Round,5,Korda S.,Klein L.,Korda S.,22,144,2065,405,1.33,3.4,6-3 0-6 6-3 7-6
Australian Open,1/13/2025,Grand Slam,Outdoor,Hard,1st Round,5,Kotov P.,Faria J.,Faria J.,97,125,612,481,1.57,2.38,1-6 1-6 5-7
Australian Open,1/13/2025,Grand Slam,Outdoor,Hard,1st Round,5,Auger-Aliassime F.,Struff J.L.,Auger-Aliassime F.,23,43,1905,1240,1.44,2.75,6-3 6-0 4-6 6-1
Australian Open,1/13/2025,Grand Slam,Outdoor,Hard,1st Round,5,Shevchenko A.,Alcaraz C.,Alcaraz C.,77,3,743,7010,29,1.01,1-6 5-7 1-6
Australian Open,1/13/2025,Grand Slam,Outdoor,Hard,1st Round,5,Djokovic N.,Basavareddy N.,Djokovic N.,7,107,3900,566,1.04,13,4-6 6-3 6-4 6-2
Australian Open,1/13/2025,Grand Slam,Outdoor,Hard,1st Round,5,Goffin D.,Bonzi B.,Bonzi B.,54,64,1029,819,2.63,1.5,1-6 2-6 6-7
Australian Open,1/13/2025,Grand Slam,Outdoor,Hard,1st Round,5,Paul T.,O Connell C.,Paul T.,11,70,3195,770,1.17,5,6-2 3-6 6-1 6-7 7-5
Australian Open,1/14/2025,Grand Slam,Outdoor,Hard,1st Round,5,Norrie C.,Berrettini M.,Berrettini M.,52,34,1082,1380,3.2,1.36,7-6 4-6 1-6 3-6
Australian Open,1/14/2025,Grand Slam,Outdoor,Hard,1st Round,5,Kecmanovic M.,Lajovic D.,Kecmanovic M.,51,80,1096,717,1.17,5,7-5 3-6 6-3 3-6 6-3
Australian Open,1/14/2025,Grand Slam,Outdoor,Hard,1st Round,5,Mannarino A.,Khachanov K.,Khachanov K.,75,19,751,2410,7,1.1,6-7 3-6 3-6
Australian Open,1/14/2025,Grand Slam,Outdoor,Hard,1st Round,5,Diallo G.,Nardi L.,Diallo G.,86,83,646,675,1.44,2.75,6-7 7-6 5-7 6-1 6-2
Australian Open,1/14/2025,Grand Slam,Outdoor,Hard,1st Round,5,Zhang Zh.,Rune H.,Rune H.,49,13,1140,2910,3.5,1.3,6-4 3-6 4-6 6-3 4-6
Australian Open,1/14/2025,Grand Slam,Outdoor,Hard,1st Round,5,Garin C.,Coric B.,Garin C.,150,87,382,639,2.1,1.73,7-5 6-1 6-2
Australian Open,1/14/2025,Grand Slam,Outdoor,Hard,1st Round,5,Ugo Carabelli C.,Tien L.,Tien L.,94,121,624,493,5.5,1.14,6-4 6-7 3-6 7-5 4-6
Australian Open,1/14/2025,Grand Slam,Outdoor,Hard,1st Round,5,Cerundolo F.,Bublik A.,Cerundolo F.,31,37,1620,1330,1.57,2.38,7-6 6-3 6-2
Australian Open,1/14/2025,Grand Slam,Outdoor,Hard,1st Round,5,Mpetshi G.,Monfils G.,Monfils G.,30,41,1651,1280,1.62,2.3,6-7 3-6 7-6 7-6 4-6
Australian Open,1/14/2025,Grand Slam,Outdoor,Hard,1st Round,5,Hurkacz H.,Griekspoor T.,Hurkacz H.,17,40,2555,1280,1.36,3.2,7-5 6-4 6-4
Australian Open,1/14/2025,Grand Slam,Outdoor,Hard,1st Round,5,Bergs Z.,Diaz Acosta F.,Diaz Acosta F.,60,73,948,758,1.44,2.75,7-6 4-6 6-1 3-6 4-6
Australian Open,1/14/2025,Grand Slam,Outdoor,Hard,1st Round,5,Medvedev D.,Samrej K.,Medvedev D.,5,418,5030,109,1,51,6-2 4-6 3-6 6-1 6-2
Australian Open,1/14/2025,Grand Slam,Outdoor,Hard,1st Round,5,Comesana F.,Altmaier D.,Altmaier D.,85,101,662,582,2,1.8,2-6 6-3 6-7 6-4 4-6
Australian Open,1/14/2025,Grand Slam,Outdoor,Hard,1st Round,5,Musetti L.,Arnaldi M.,Musetti L.,15,39,2600,1305,1.57,2.38,7-6 4-6 7-6 6-3
Australian Open,1/14/2025,Grand Slam,Outdoor,Hard,1st Round,5,Nakashima B.,Shelton B.,Shelton B.,35,20,1355,2280,2.75,1.44,6-7 5-7 5-7
Australian Open,1/14/2025,Grand Slam,Outdoor,Hard,1st Round,5,Sonego L.,Wawrinka S.,Sonego L.,55,156,1026,371,1.4,3,6-4 5-7 7-5 7-5
Australian Open,1/14/2025,Grand Slam,Outdoor,Hard,1st Round,5,Coria F.,Boyer T.,Boyer T.,96,136,617,448,5.5,1.14,3-6 7-6 6-4 5-7 1-6
Australian Open,1/14/2025,Grand Slam,Outdoor,Hard,1st Round,5,Krueger M.,Hijikata R.,Krueger M.,146,72,396,759,3,1.4,6-4 6-4 6-3
Australian Open,1/14/2025,Grand Slam,Outdoor,Hard,1st Round,5,Cobolli F.,Etcheverry T.,Etcheverry T.,32,38,1512,1315,2.38,1.57,7-6 3-6 5-7 1-6
Australian Open,1/14/2025,Grand Slam,Outdoor,Hard,1st Round,5,Giron M.,Hanfmann Y.,Giron M.,46,95,1175,618,1.25,4,2-6 7-5 6-1 7-5
Australian Open,1/14/2025,Grand Slam,Outdoor,Hard,1st Round,5,Bautista Agut R.,Shapovalov D.,Shapovalov D.,53,56,1067,1006,3.2,1.36,6-3 4-6 4-6 6-7
Australian Open,1/14/2025,Grand Slam,Outdoor,Hard,1st Round,5,Moutet C.,Popyrin A.,Moutet C.,69,24,772,1840,4.33,1.22,4-6 6-3 6-4 6-4
Australian Open,1/14/2025,Grand Slam,Outdoor,Hard,1st Round,5,Van De Zandschulp B.,De Minaur A.,De Minaur A.,84,8,672,3535,10,1.06,1-6 5-7 4-6
Australian Open,1/14/2025,Grand Slam,Outdoor,Hard,1st Round,5,Carreno Busta P.,Majchrzak K.,Carreno Busta P.,182,122,317,491,1.62,2.3,6-4 6-4 6-3
Australian Open,1/14/2025,Grand Slam,Outdoor,Hard,1st Round,5,Rublev A.,Fonseca J.,Fonseca J.,9,112,3520,520,1.62,2.3,6-7 3-6 6-7
Australian Open,1/15/2025,Grand Slam,Outdoor,Hard,2nd Round,5,Machac T.,Opelka R.,Machac T.,25,170,1805,341,1.33,3.4,3-6 7-6 6-7 7-6 6-4
Australian Open,1/15/2025,Grand Slam,Outdoor,Hard,2nd Round,5,Nishioka Y.,Alcaraz C.,Alcaraz C.,65,3,807,7010,19,1.02,0-6 1-6 4-6
Australian Open,1/15/2025,Grand Slam,Outdoor,Hard,2nd Round,5,Bonzi B.,Passaro F.,Bonzi B.,64,104,819,571,1.25,4,6-2 6-4 3-6 6-4
Australian Open,1/15/2025,Grand Slam,Outdoor,Hard,2nd Round,5,Thompson J.,Borges N.,Borges N.,27,33,1695,1445,1.91,1.91,3-6 2-6 4-6
Australian Open,1/15/2025,Grand Slam,Outdoor,Hard,2nd Round,5,Carballes Baena R.,Duckworth J.,Carballes Baena R.,57,89,981,637,1.57,2.38,6-4 6-2 7-5
Australian Open,1/15/2025,Grand Slam,Outdoor,Hard,2nd Round,5,Faria J.,Djokovic N.,Djokovic N.,125,7,481,3900,23,1.01,1-6 7-6 3-6 2-6
Australian Open,1/15/2025,Grand Slam,Outdoor,Hard,2nd Round,5,Fils A.,Halys Q.,Fils A.,21,74,2280,756,1.22,4.33,6-2 4-6 7-6 7-5
Australian Open,1/15/2025,Grand Slam,Outdoor,Hard,2nd Round,5,Korda S.,Vukic A.,Vukic A.,22,68,2065,778,1.22,4.33,4-6 6-3 6-2 3-6 5-7
Australian Open,1/15/2025,Grand Slam,Outdoor,Hard,2nd Round,5,Fearnley J.,Cazaux A.,Fearnley J.,92,78,632,732,1.62,2.3,3-6 7-5 6-2 6-3
Australian Open,1/15/2025,Grand Slam,Outdoor,Hard,2nd Round,5,Ruud C.,Mensik J.,Mensik J.,6,48,4210,1162,1.73,2.1,2-6 6-3 1-6 4-6
Australian Open,1/15/2025,Grand Slam,Outdoor,Hard,2nd Round,5,Draper J.,Kokkinakis T.,Draper J.,18,71,2530,766,1.44,2.75,6-7 6-3 3-6 7-5 6-3
Australian Open,1/15/2025,Grand Slam,Outdoor,Hard,2nd Round,5,Auger-Aliassime F.,Davidovich Fokina A.,Davidovich Fokina A.,23,66,1905,790,1.29,3.75,7-6 7-6 4-6 1-6 3-6
Australian Open,1/15/2025,Grand Slam,Outdoor,Hard,2nd Round,5,Humbert U.,Habib H.,Humbert U.,14,219,2765,264,1.08,8,6-3 6-4 6-4
Australian Open,1/15/2025,Grand Slam,Outdoor,Hard,2nd Round,5,Martinez P.,Zverev A.,Zverev A.,44,2,1220,7635,21,1.02,1-6 4-6 1-6
Australian Open,1/15/2025,Grand Slam,Outdoor,Hard,2nd Round,5,Paul T.,Nishikori K.,Paul T.,11,76,3195,743,1.4,3,6-7 6-0 6-3 6-1
Australian Open,1/16/2025,Grand Slam,Outdoor,Hard,2nd Round,5,Hurkacz H.,Kecmanovic M.,Kecmanovic M.,17,51,2555,1096,1.29,3.75,4-6 4-6 2-6
Australian Open,1/16/2025,Grand Slam,Outdoor,Hard,2nd Round,5,Khachanov K.,Diallo G.,Khachanov K.,19,86,2410,646,1.33,3.4,7-6 4-6 6-3 6-3
Australian Open,1/16/2025,Grand Slam,Outdoor,Hard,2nd Round,5,Altmaier D.,Monfils G.,Monfils G.,101,41,582,1280,4.5,1.2,5-7 3-6 6-7
Australian Open,1/16/2025,Grand Slam,Outdoor,Hard,2nd Round,5,Musetti L.,Shapovalov D.,Musetti L.,15,56,2600,1006,2.1,1.73,7-6 7-6 6-2
Australian Open,1/16/2025,Grand Slam,Outdoor,Hard,2nd Round,5,Carreno Busta P.,Shelton B.,Shelton B.,182,20,317,2280,3.5,1.3,3-6 3-6 7-6 4-6
Australian Open,1/16/2025,Grand Slam,Outdoor,Hard,2nd Round,5,De Minaur A.,Boyer T.,De Minaur A.,8,136,3535,448,1.03,15,6-2 6-4 6-3
Australian Open,1/16/2025,Grand Slam,Outdoor,Hard,2nd Round,5,Krueger M.,Moutet C.,Moutet C.,146,69,396,772,2.63,1.5,6-4 4-6 6-7 4-6
Australian Open,1/16/2025,Grand Slam,Outdoor,Hard,2nd Round,5,Fritz T.,Garin C.,Fritz T.,4,150,5350,382,1.04,13,6-2 6-1 6-0
Australian Open,1/16/2025,Grand Slam,Outdoor,Hard,2nd Round,5,Etcheverry T.,Giron M.,Giron M.,38,46,1315,1175,1.91,1.91,5-7 6-3 5-7 6-3 4-6
Australian Open,1/16/2025,Grand Slam,Outdoor,Hard,2nd Round,5,Michelsen A.,Mccabe J.,Michelsen A.,42,258,1270,216,1.11,6.5,7-5 6-3 7-6
Australian Open,1/16/2025,Grand Slam,Outdoor,Hard,2nd Round,5,Tiafoe F.,Marozsan F.,Marozsan F.,16,59,2560,960,1.44,2.75,7-6 4-6 6-3 4-6 1-6
Australian Open,1/16/2025,Grand Slam,Outdoor,Hard,2nd Round,5,Sonego L.,Fonseca J.,Sonego L.,55,112,1026,520,5,1.17,6-7 6-3 6-1 3-6 6-3
Australian Open,1/16/2025,Grand Slam,Outdoor,Hard,2nd Round,5,Berrettini M.,Rune H.,Rune H.,34,13,1380,2910,1.67,2.2,6-7 6-2 3-6 6-7
Australian Open,1/16/2025,Grand Slam,Outdoor,Hard,2nd Round,5,Sinner J.,Schoolkate T.,Sinner J.,1,173,11830,336,1.01,34,4-6 6-4 6-1 6-3
Australian Open,1/16/2025,Grand Slam,Outdoor,Hard,2nd Round,5,Medvedev D.,Tien L.,Tien L.,5,121,5030,493,1.17,5,3-6 6-7 7-6 6-1 6-7
Australian Open,1/17/2025,Grand Slam,Outdoor,Hard,3rd Round,5,Paul T.,Carballes Baena R.,Paul T.,11,57,3195,981,1.13,6,7-6 6-2 6-0
Australian Open,1/17/2025,Grand Slam,Outdoor,Hard,3rd Round,5,Borges N.,Alcaraz C.,Alcaraz C.,33,3,1445,7010,17,1.03,2-6 4-6 7-6 2-6
Australian Open,1/17/2025,Grand Slam,Outdoor,Hard,3rd Round,5,Zverev A.,Fearnley J.,Zverev A.,2,92,7635,632,1.07,9,6-3 6-4 6-4
Australian Open,1/17/2025,Grand Slam,Outdoor,Hard,3rd Round,5,Mensik J.,Davidovich Fokina A.,Davidovich Fokina A.,48,66,1162,790,1.5,2.63,6-3 6-4 6-7 4-6 2-6
Australian Open,1/17/2025,Grand Slam,Outdoor,Hard,3rd Round,5,Djokovic N.,Machac T.,Djokovic N.,7,25,3900,1805,1.22,4.33,6-1 6-4 6-4
Australian Open,1/17/2025,Grand Slam,Outdoor,Hard,3rd Round,5,Bonzi B.,Lehecka J.,Lehecka J.,64,29,819,1660,3.75,1.29,2-6 3-6 3-6
Australian Open,1/17/2025,Grand Slam,Outdoor,Hard,3rd Round,5,Draper J.,Vukic A.,Draper J.,18,68,2530,778,1.22,4.33,6-4 2-6 5-7 7-6 7-6
Australian Open,1/18/2025,Grand Slam,Outdoor,Hard,3rd Round,5,Khachanov K.,Michelsen A.,Michelsen A.,19,42,2410,1270,1.53,2.5,3-6 6-7 2-6
Australian Open,1/18/2025,Grand Slam,Outdoor,Hard,3rd Round,5,Monfils G.,Fritz T.,Monfils G.,41,4,1280,5350,7,1.1,3-6 7-5 7-6 6-4
Australian Open,1/18/2025,Grand Slam,Outdoor,Hard,3rd Round,5,Cerundolo F.,De Minaur A.,De Minaur A.,31,8,1620,3535,8,1.08,7-5 6-7 3-6 3-6
Australian Open,1/18/2025,Grand Slam,Outdoor,Hard,3rd Round,5,Sonego L.,Marozsan F.,Sonego L.,55,59,1026,960,1.8,2,6-7 7-6 6-1 6-2
Australian Open,1/18/2025,Grand Slam,Outdoor,Hard,3rd Round,5,Moutet C.,Tien L.,Tien L.,69,121,772,493,1.91,1.91,6-7 3-6 3-6
Australian Open,1/18/2025,Grand Slam,Outdoor,Hard,3rd Round,5,Shelton B.,Musetti L.,Shelton B.,20,15,2280,2600,1.62,2.3,6-3 3-6 6-4 7-6
Australian Open,1/18/2025,Grand Slam,Outdoor,Hard,3rd Round,5,Giron M.,Sinner J.,Sinner J.,46,1,1175,11830,23,1.01,3-6 4-6 2-6
Australian Open,1/18/2025,Grand Slam,Outdoor,Hard,3rd Round,5,Rune H.,Kecmanovic M.,Rune H.,13,51,2910,1096,1.44,2.75,6-7 6-3 4-6 6-4 6-4
Australian Open,1/19/2025,Grand Slam,Outdoor,Hard,4th Round,5,Davidovich Fokina A.,Paul T.,Paul T.,66,11,790,3195,4,1.25,1-6 1-6 1-6
Australian Open,1/19/2025,Grand Slam,Outdoor,Hard,4th Round,5,Zverev A.,Humbert U.,Zverev A.,2,14,7635,2765,1.17,5,6-1 2-6 6-3 6-2
Australian Open,1/19/2025,Grand Slam,Outdoor,Hard,4th Round,5,Lehecka J.,Djokovic N.,Djokovic N.,29,7,1660,3900,4,1.25,3-6 4-6 6-7
Australian Open,1/20/2025,Grand Slam,Outdoor,Hard,4th Round,5,Sinner J.,Rune H.,Sinner J.,1,13,11830,2910,1.08,8,6-3 3-6 6-3 6-2
Australian Open,1/20/2025,Grand Slam,Outdoor,Hard,4th Round,5,Tien L.,Sonego L.,Sonego L.,121,55,493,1026,2.2,1.67,3-6 2-6 6-3 1-6
Australian Open,1/20/2025,Grand Slam,Outdoor,Hard,4th Round,5,De Minaur A.,Michelsen A.,De Minaur A.,8,42,3535,1270,1.25,4,6-0 7-6 6-3
Australian Open,1/21/2025,Grand Slam,Outdoor,Hard,Quarterfinals,5,Paul T.,Zverev A.,Zverev A.,11,2,3195,7635,3.4,1.33,6-7 6-7 6-2 1-6
Australian Open,1/21/2025,Grand Slam,Outdoor,Hard,Quarterfinals,5,Djokovic N.,Alcaraz C.,Djokovic N.,7,3,3900,7010,2.5,1.53,4-6 6-4 6-3 6-4
Australian Open,1/22/2025,Grand Slam,Outdoor,Hard,Quarterfinals,5,Sonego L.,Shelton B.,Shelton B.,55,20,1026,2280,3.2,1.36,4-6 5-7 6-4 6-7
Australian Open,1/22/2025,Grand Slam,Outdoor,Hard,Quarterfinals,5,Sinner J.,De Minaur A.,Sinner J.,1,8,11830,3535,1.17,5,6-3 6-2 6-1
Australian Open,1/24/2025,Grand Slam,Outdoor,Hard,Semifinals,5,Shelton B.,Sinner J.,Sinner J.,20,1,2280,11830,11,1.05,6-7 2-6 2-6
Australian Open,1/26/2025,Grand Slam,Outdoor,Hard,The Final,5,Sinner J.,Zverev A.,Sinner J.,1,2,11830,7635,1.33,3.4,6-3 7-6 6-3
BNP Paribas Open,3/5/2025,Masters 1000,Outdoor,Hard,1st Round,3,Nishikori K.,Munar J.,Nishikori K.,76,58,793,992,1.8,2,6-2 5-7 7-6
BNP Paribas Open,3/5/2025,Masters 1000,Outdoor,Hard,1st Round,3,Vukic A.,Boyer T.,Boyer T.,64,117,868,501,1.8,2,6-4 2-6 6-7
BNP Paribas Open,3/5/2025,Masters 1000,Outdoor,Hard,1st Round,3,Seyboth Wild T.,Muller A.,Seyboth Wild T.,91,44,657,1270,2.2,1.67,4-6 7-5 7-6
BNP Paribas Open,3/5/2025,Masters 1000,Outdoor,Hard,1st Round,3,Carballes Baena R.,O Connell C.,O Connell C.,52,75,1071,805,2.2,1.67,3-6 6-0 1-6
BNP Paribas Open,3/5/2025,Masters 1000,Outdoor,Hard,1st Round,3,Griekspoor T.,Kecmanovic M.,Griekspoor T.,43,49,1270,1146,2.1,1.73,6-7 6-4 6-3
BNP Paribas Open,3/5/2025,Masters 1000,Outdoor,Hard,1st Round,3,Basavareddy N.,Bu Y.,Bu Y.,101,71,587,833,1.44,2.75,5-7 4-6
BNP Paribas Open,3/5/2025,Masters 1000,Outdoor,Hard,1st Round,3,Marozsan F.,Martinez P.,Marozsan F.,54,41,1035,1295,1.41,2.75,6-3 6-2
BNP Paribas Open,3/5/2025,Masters 1000,Outdoor,Hard,1st Round,3,Cobolli F.,Smith C.,Smith C.,40,261,1295,209,1.63,2.2,6-3 2-6 2-6
BNP Paribas Open,3/5/2025,Masters 1000,Outdoor,Hard,1st Round,3,Dzumhur D.,Bautista Agut R.,Dzumhur D.,84,50,712,1089,2.37,1.54,6-4 1-6 7-6
BNP Paribas Open,3/5/2025,Masters 1000,Outdoor,Hard,1st Round,3,Opelka R.,Safiullin R.,Safiullin R.,114,69,516,848,1.8,2,5-7 4-6
BNP Paribas Open,3/6/2025,Masters 1000,Outdoor,Hard,1st Round,3,Giron M.,Basilashvili N.,Giron M.,48,152,1150,383,1.4,3,7-5 7-6
BNP Paribas Open,3/6/2025,Masters 1000,Outdoor,Hard,1st Round,3,Quinn E.,Bergs Z.,Bergs Z.,137,53,432,1060,2.38,1.57,6-7 3-6
BNP Paribas Open,3/6/2025,Masters 1000,Outdoor,Hard,1st Round,3,Moutet C.,Thompson J.,Moutet C.,79,38,759,1375,1.91,1.91,6-4 4-6 6-3
BNP Paribas Open,3/6/2025,Masters 1000,Outdoor,Hard,1st Round,3,Nardi L.,Norrie C.,Norrie C.,67,77,862,784,2.5,1.53,0-6 3-6
BNP Paribas Open,3/6/2025,Masters 1000,Outdoor,Hard,1st Round,3,Watanuki Y.,Bublik A.,Watanuki Y.,349,82,144,745,2.3,1.62,6-3 3-6 6-3
BNP Paribas Open,3/6/2025,Masters 1000,Outdoor,Hard,1st Round,3,Shevchenko A.,Hijikata R.,Hijikata R.,98,83,618,732,1.67,2.2,1-6 3-6
BNP Paribas Open,3/6/2025,Masters 1000,Outdoor,Hard,1st Round,3,Fonseca J.,Fearnley J.,Fonseca J.,80,81,750,747,1.29,3.75,6-2 1-6 6-3
BNP Paribas Open,3/6/2025,Masters 1000,Outdoor,Hard,1st Round,3,Bonzi B.,Brooksby J.,Brooksby J.,62,937,910,17,1.91,1.91,6-1 5-7 5-7
BNP Paribas Open,3/6/2025,Masters 1000,Outdoor,Hard,1st Round,3,Mensik J.,Etcheverry T.,Mensik J.,57,45,992,1265,1.5,2.63,6-4 7-6
BNP Paribas Open,3/6/2025,Masters 1000,Outdoor,Hard,1st Round,3,Davidovich Fokina A.,McDonald M.,McDonald M.,39,109,1325,555,1.44,2.75,6-2 3-6 2-6
BNP Paribas Open,3/6/2025,Masters 1000,Outdoor,Hard,1st Round,3,Diallo G.,Zhang Zh.,Diallo G.,88,51,690,1075,1.91,1.91,2-6 6-2 7-6
BNP Paribas Open,3/6/2025,Masters 1000,Outdoor,Hard,1st Round,3,Baez S.,Gigante M.,Gigante M.,34,217,1425,256,1.8,2,6-3 1-6 4-6
BNP Paribas Open,3/6/2025,Masters 1000,Outdoor,Hard,1st Round,3,Arnaldi M.,Kovacevic A.,Arnaldi M.,35,94,1390,630,1.4,3,6-3 5-7 6-4
BNP Paribas Open,3/6/2025,Masters 1000,Outdoor,Hard,1st Round,3,Struff J.L.,Monfils G.,Monfils G.,46,42,1200,1280,2.3,1.62,4-6 4-6
BNP Paribas Open,3/7/2025,Masters 1000,Outdoor,Hard,1st Round,3,Gaston H.,Darderi L.,Gaston H.,93,60,636,945,1.53,2.5,6-3 6-3
BNP Paribas Open,3/7/2025,Masters 1000,Outdoor,Hard,1st Round,3,Rinderknech A.,Borges N.,Borges N.,73,36,824,1385,3,1.4,1-6 7-5 2-6
BNP Paribas Open,3/7/2025,Masters 1000,Outdoor,Hard,1st Round,3,Goffin D.,Sonego L.,Goffin D.,56,37,1006,1376,2.1,1.73,6-4 7-5
BNP Paribas Open,3/7/2025,Masters 1000,Outdoor,Hard,1st Round,3,Zeppieri G.,Walton A.,Walton A.,394,96,125,629,2.3,1.62,5-7 1-6
BNP Paribas Open,3/7/2025,Masters 1000,Outdoor,Hard,1st Round,3,Lajovic D.,Tu L.,Lajovic D.,108,177,555,326,1.8,2,6-2 6-0
BNP Paribas Open,3/7/2025,Masters 1000,Outdoor,Hard,1st Round,3,Carreno Busta P.,Halys Q.,Halys Q.,112,59,524,976,1.62,2.3,3-6 4-6
BNP Paribas Open,3/7/2025,Masters 1000,Outdoor,Hard,1st Round,3,Navone M.,Tien L.,Navone M.,63,68,905,857,3.5,1.3,7-5 6-4
BNP Paribas Open,3/7/2025,Masters 1000,Outdoor,Hard,2nd Round,3,Nishikori K.,Humbert U.,Humbert U.,76,19,793,2375,3.5,1.3,4-6 3-6
BNP Paribas Open,3/7/2025,Masters 1000,Outdoor,Hard,2nd Round,3,Griekspoor T.,Zverev A.,Griekspoor T.,43,2,1270,8135,4,1.25,4-6 7-6 7-6
BNP Paribas Open,3/7/2025,Masters 1000,Outdoor,Hard,2nd Round,3,Boyer T.,Paul T.,Paul T.,117,11,501,3330,8,1.08,3-6 1-6
BNP Paribas Open,3/7/2025,Masters 1000,Outdoor,Hard,2nd Round,3,Popyrin A.,Bergs Z.,Popyrin A.,27,53,1750,1060,1.91,1.91,7-6 7-5
BNP Paribas Open,3/7/2025,Masters 1000,Outdoor,Hard,2nd Round,3,Lehecka J.,Norrie C.,Norrie C.,24,77,1935,784,1.53,2.5,6-3 4-6 5-7
BNP Paribas Open,3/7/2025,Masters 1000,Outdoor,Hard,2nd Round,3,Giron M.,Ruud C.,Giron M.,48,5,1150,4045,2.38,1.57,7-6 3-6 6-2
BNP Paribas Open,3/7/2025,Masters 1000,Outdoor,Hard,2nd Round,3,O Connell C.,Berrettini M.,Berrettini M.,75,29,805,1620,4.5,1.2,2-6 6-7
BNP Paribas Open,3/7/2025,Masters 1000,Outdoor,Hard,2nd Round,3,Musetti L.,Safiullin R.,Musetti L.,16,69,2650,848,1.91,1.91,7-5 5-7 6-2
BNP Paribas Open,3/7/2025,Masters 1000,Outdoor,Hard,2nd Round,3,Smith C.,Michelsen A.,Michelsen A.,261,32,209,1445,3,1.4,3-6 4-6
BNP Paribas Open,3/8/2025,Masters 1000,Outdoor,Hard,2nd Round,3,Rune H.,Moutet C.,Rune H.,13,79,2820,759,1.36,3.2,6-2 6-4
BNP Paribas Open,3/8/2025,Masters 1000,Outdoor,Hard,2nd Round,3,Seyboth Wild T.,Tsitsipas S.,Tsitsipas S.,91,9,657,3405,4,1.25,2-6 4-6
BNP Paribas Open,3/8/2025,Masters 1000,Outdoor,Hard,2nd Round,3,Fils A.,Diallo G.,Fils A.,21,88,2330,690,1.62,2.3,6-2 6-2
BNP Paribas Open,3/8/2025,Masters 1000,Outdoor,Hard,2nd Round,3,Bu Y.,Medvedev D.,Medvedev D.,71,6,833,3930,4.33,1.22,2-6 2-6
BNP Paribas Open,3/8/2025,Masters 1000,Outdoor,Hard,2nd Round,3,Tiafoe F.,Dzumhur D.,Tiafoe F.,17,84,2485,712,1.29,3.75,7-6 7-6
BNP Paribas Open,3/8/2025,Masters 1000,Outdoor,Hard,2nd Round,3,Gigante M.,Fritz T.,Fritz T.,217,4,256,4900,8,1.08,3-6 5-7
BNP Paribas Open,3/8/2025,Masters 1000,Outdoor,Hard,2nd Round,3,Brooksby J.,Auger-Aliassime F.,Brooksby J.,937,18,17,2455,3.75,1.29,6-4 6-2
BNP Paribas Open,3/8/2025,Masters 1000,Outdoor,Hard,2nd Round,3,Lajovic D.,Tabilo A.,Tabilo A.,108,31,555,1535,1.8,2,3-6 5-7
BNP Paribas Open,3/8/2025,Masters 1000,Outdoor,Hard,2nd Round,3,Draper J.,Fonseca J.,Draper J.,14,80,2810,750,1.53,2.5,6-4 6-0
BNP Paribas Open,3/8/2025,Masters 1000,Outdoor,Hard,2nd Round,3,Rublev A.,Arnaldi M.,Arnaldi M.,8,35,3480,1390,1.4,3,4-6 5-7
BNP Paribas Open,3/8/2025,Masters 1000,Outdoor,Hard,2nd Round,3,Shapovalov D.,Walton A.,Shapovalov D.,28,96,1696,629,1.25,4,6-3 6-2
BNP Paribas Open,3/8/2025,Masters 1000,Outdoor,Hard,2nd Round,3,McDonald M.,Cerundolo F.,Cerundolo F.,109,26,555,1775,2,1.8,6-4 6-7 1-6
BNP Paribas Open,3/8/2025,Masters 1000,Outdoor,Hard,2nd Round,3,Alcaraz C.,Halys Q.,Alcaraz C.,3,59,7510,976,1.08,8,6-4 6-2
BNP Paribas Open,3/8/2025,Masters 1000,Outdoor,Hard,2nd Round,3,Djokovic N.,Van De Zandschulp B.,Van De Zandschulp B.,7,85,3900,710,1.1,7,2-6 6-3 1-6
BNP Paribas Open,3/8/2025,Masters 1000,Outdoor,Hard,2nd Round,3,Hurkacz H.,Gaston H.,Hurkacz H.,22,93,2165,636,1.22,4.33,7-5 6-3
BNP Paribas Open,3/8/2025,Masters 1000,Outdoor,Hard,2nd Round,3,Hijikata R.,Nakashima B.,Nakashima B.,83,33,732,1430,4.33,1.22,5-7 1-6
BNP Paribas Open,3/9/2025,Masters 1000,Outdoor,Hard,2nd Round,3,Khachanov K.,Mensik J.,Khachanov K.,23,57,1960,992,1.69,2.1,3-6 6-0 6-3
BNP Paribas Open,3/9/2025,Masters 1000,Outdoor,Hard,2nd Round,3,Borges N.,Dimitrov G.,Dimitrov G.,36,15,1385,2745,1.67,2.2,3-6 4-6
BNP Paribas Open,3/9/2025,Masters 1000,Outdoor,Hard,2nd Round,3,Shelton B.,Navone M.,Shelton B.,12,63,2880,905,1.3,3.5,6-3 6-2
BNP Paribas Open,3/9/2025,Masters 1000,Outdoor,Hard,2nd Round,3,Goffin D.,De Minaur A.,De Minaur A.,56,10,1006,3335,5.5,1.14,2-6 2-6
BNP Paribas Open,3/9/2025,Masters 1000,Outdoor,Hard,2nd Round,3,Monfils G.,Korda S.,Monfils G.,42,25,1280,1900,1.67,2.2,7-6 7-6
BNP Paribas Open,3/9/2025,Masters 1000,Outdoor,Hard,3rd Round,3,Norrie C.,Paul T.,Paul T.,77,11,784,3330,3.5,1.3,3-6 5-7
BNP Paribas Open,3/9/2025,Masters 1000,Outdoor,Hard,3rd Round,3,Griekspoor T.,Mpetshi G.,Griekspoor T.,43,30,1270,1616,1.62,2.3,7-6 6-3
BNP Paribas Open,3/9/2025,Masters 1000,Outdoor,Hard,3rd Round,3,Popyrin A.,Giron M.,Giron M.,27,48,1750,1150,2.1,1.73,7-5 3-6 3-6
BNP Paribas Open,3/9/2025,Masters 1000,Outdoor,Hard,3rd Round,3,Tsitsipas S.,Berrettini M.,Tsitsipas S.,9,29,3405,1620,1.91,1.91,6-3 6-3
BNP Paribas Open,3/9/2025,Masters 1000,Outdoor,Hard,3rd Round,3,Humbert U.,Rune H.,Rune H.,19,13,2375,2820,1.8,2,7-5 4-6 5-7
BNP Paribas Open,3/10/2025,Masters 1000,Outdoor,Hard,3rd Round,3,Fils A.,Musetti L.,Fils A.,21,16,2330,2650,1.73,2.1,3-6 7-6 6-3
BNP Paribas Open,3/10/2025,Masters 1000,Outdoor,Hard,3rd Round,3,Tiafoe F.,Watanuki Y.,Watanuki Y.,17,349,2485,144,1.36,3.2,4-6 6-7
BNP Paribas Open,3/10/2025,Masters 1000,Outdoor,Hard,3rd Round,3,Cerundolo F.,Van De Zandschulp B.,Cerundolo F.,26,85,1775,710,1.63,2.2,6-3 6-4
BNP Paribas Open,3/10/2025,Masters 1000,Outdoor,Hard,3rd Round,3,Brooksby J.,Draper J.,Draper J.,937,14,17,2810,4.5,1.17,5-7 4-6
BNP Paribas Open,3/10/2025,Masters 1000,Outdoor,Hard,3rd Round,3,De Minaur A.,Hurkacz H.,De Minaur A.,10,22,3335,2165,1.44,2.75,6-4 6-0
BNP Paribas Open,3/10/2025,Masters 1000,Outdoor,Hard,3rd Round,3,Tabilo A.,Fritz T.,Fritz T.,31,4,1535,4900,6,1.13,6-4 3-6 1-6
BNP Paribas Open,3/10/2025,Masters 1000,Outdoor,Hard,3rd Round,3,Nakashima B.,Arnaldi M.,Nakashima B.,33,35,1430,1390,2,1.8,6-2 6-4
BNP Paribas Open,3/10/2025,Masters 1000,Outdoor,Hard,3rd Round,3,Khachanov K.,Shelton B.,Shelton B.,23,12,1960,2880,2.2,1.67,3-6 5-7
BNP Paribas Open,3/11/2025,Masters 1000,Outdoor,Hard,3rd Round,3,Alcaraz C.,Shapovalov D.,Alcaraz C.,3,28,7510,1696,1.14,5.5,6-2 6-4
BNP Paribas Open,3/11/2025,Masters 1000,Outdoor,Hard,3rd Round,3,Monfils G.,Dimitrov G.,Dimitrov G.,42,15,1280,2745,1.91,1.91,6-7 6-4 6-7
BNP Paribas Open,3/11/2025,Masters 1000,Outdoor,Hard,4th Round,3,Griekspoor T.,Watanuki Y.,Griekspoor T.,43,349,1270,144,1.4,3,7-6 6-1
BNP Paribas Open,3/11/2025,Masters 1000,Outdoor,Hard,4th Round,3,Tsitsipas S.,Rune H.,Rune H.,9,13,3405,2820,1.62,2.3,4-6 4-6
BNP Paribas Open,3/11/2025,Masters 1000,Outdoor,Hard,4th Round,3,Fils A.,Giron M.,Fils A.,21,48,2330,1150,1.57,2.38,6-2 2-6 6-3
BNP Paribas Open,3/12/2025,Masters 1000,Outdoor,Hard,4th Round,3,Paul T.,Medvedev D.,Medvedev D.,11,6,3330,3930,2.1,1.73,4-6 0-6
BNP Paribas Open,3/12/2025,Masters 1000,Outdoor,Hard,4th Round,3,Shelton B.,Nakashima B.,Shelton B.,12,33,2880,1430,1.53,2.5,7-6 6-1
BNP Paribas Open,3/12/2025,Masters 1000,Outdoor,Hard,4th Round,3,De Minaur A.,Cerundolo F.,Cerundolo F.,10,26,3335,1775,1.29,3.75,5-7 3-6
BNP Paribas Open,3/12/2025,Masters 1000,Outdoor,Hard,4th Round,3,Draper J.,Fritz T.,Draper J.,14,4,2810,4900,1.69,2.1,7-5 6-4
BNP Paribas Open,3/13/2025,Masters 1000,Outdoor,Hard,4th Round,3,Dimitrov G.,Alcaraz C.,Alcaraz C.,15,3,2745,7510,7,1.1,1-6 1-6
BNP Paribas Open,3/13/2025,Masters 1000,Outdoor,Hard,Quarterfinals,3,Rune H.,Griekspoor T.,Rune H.,13,43,2820,1270,1.57,2.38,5-7 6-0 6-3
BNP Paribas Open,3/13/2025,Masters 1000,Outdoor,Hard,Quarterfinals,3,Fils A.,Medvedev D.,Medvedev D.,21,6,2330,3930,3.2,1.36,4-6 6-2 6-7
BNP Paribas Open,3/14/2025,Masters 1000,Outdoor,Hard,Quarterfinals,3,Draper J.,Shelton B.,Draper J.,14,12,2810,2880,1.44,2.75,6-4 7-5
BNP Paribas Open,3/14/2025,Masters 1000,Outdoor,Hard,Quarterfinals,3,Cerundolo F.,Alcaraz C.,Alcaraz C.,26,3,1775,7510,10,1.06,3-6 6-7
BNP Paribas Open,3/15/2025,Masters 1000,Outdoor,Hard,Semifinals,3,Rune H.,Medvedev D.,Rune H.,13,6,2820,3930,2.5,1.53,7-5 6-4
BNP Paribas Open,3/15/2025,Masters 1000,Outdoor,Hard,Semifinals,3,Alcaraz C.,Draper J.,Draper J.,3,14,7510,2810,1.3,3.5,1-6 6-0 4-6
BNP Paribas Open,3/16/2025,Masters 1000,Outdoor,Hard,The Final,3,Draper J.,Rune H.,Draper J.,14,13,2810,2820,1.57,2.38,6-2 6-2
Miami Open,3/19/2025,Masters 1000,Outdoor,Hard,1st Round,3,Vukic A.,Goffin D.,Goffin D.,77,55,814,1003,2.3,1.62,6-2 4-6 2-6
Miami Open,3/19/2025,Masters 1000,Outdoor,Hard,1st Round,3,Bublik A.,Baez S.,Bublik A.,80,36,785,1385,1.44,2.75,6-3 6-4
Miami Open,3/19/2025,Masters 1000,Outdoor,Hard,1st Round,3,Medjedovic H.,Hijikata R.,Hijikata R.,73,86,829,752,1.4,3,5-7 6-3 5-7
Miami Open,3/19/2025,Masters 1000,Outdoor,Hard,1st Round,3,Schoolkate T.,Quinn E.,Schoolkate T.,129,135,450,432,2.38,1.57,6-0 6-2
Miami Open,3/19/2025,Masters 1000,Outdoor,Hard,1st Round,3,Marozsan F.,Monfils G.,Monfils G.,59,46,965,1230,3,1.4,3-6 6-3 4-6
Miami Open,3/19/2025,Masters 1000,Outdoor,Hard,1st Round,3,Cina F.,Comesana F.,Cina F.,441,67,105,866,3,1.4,7-6 7-6
Miami Open,3/19/2025,Masters 1000,Outdoor,Hard,1st Round,3,Bellucci M.,Tseng C.H.,Tseng C.H.,72,115,838,529,1.44,2.75,6-7 2-6
Miami Open,3/19/2025,Masters 1000,Outdoor,Hard,1st Round,3,Ugo Carabelli C.,Holt B.,Ugo Carabelli C.,65,116,870,528,2.38,1.57,2-6 7-6 6-4
Miami Open,3/19/2025,Masters 1000,Outdoor,Hard,1st Round,3,McDonald M.,Kyrgios N.,Kyrgios N.,101,892,575,20,1.4,3,6-3 3-6 4-6
Miami Open,3/19/2025,Masters 1000,Outdoor,Hard,1st Round,3,Moutet C.,Blockx A.,Moutet C.,76,163,814,354,1.62,2.3,7-6 6-4
Miami Open,3/19/2025,Masters 1000,Outdoor,Hard,1st Round,3,O Connell C.,Carballes Baena R.,Carballes Baena R.,78,53,805,1051,1.53,2.5,3-6 6-3 6-7
Miami Open,3/19/2025,Masters 1000,Outdoor,Hard,1st Round,3,Kecmanovic M.,Kovacevic A.,Kecmanovic M.,48,79,1161,800,1.57,2.38,6-4 6-4
Miami Open,3/19/2025,Masters 1000,Outdoor,Hard,1st Round,3,Sakamoto R.,Muller A.,Muller A.,330,41,157,1287,2.75,1.44,4-6 4-6
Miami Open,3/19/2025,Masters 1000,Outdoor,Hard,1st Round,3,Munar J.,Rinderknech A.,Munar J.,56,74,992,821,1.57,2.38,6-3 7-6
Miami Open,3/20/2025,Masters 1000,Outdoor,Hard,1st Round,3,Harris B.,Spizzirri E.,Spizzirri E.,107,134,558,434,2.3,1.62,6-7 6-3 2-6
Miami Open,3/20/2025,Masters 1000,Outdoor,Hard,1st Round,3,Halys Q.,Seyboth Wild T.,Halys Q.,57,96,981,617,1.57,2.38,6-3 6-4
Miami Open,3/20/2025,Masters 1000,Outdoor,Hard,1st Round,3,Borges N.,Bergs Z.,Bergs Z.,42,51,1280,1065,1.8,2,6-7 5-7
Miami Open,3/20/2025,Masters 1000,Outdoor,Hard,1st Round,3,Fearnley J.,Bonzi B.,Fearnley J.,83,63,770,920,1.44,2.75,7-6 2-6 6-4
Miami Open,3/20/2025,Masters 1000,Outdoor,Hard,1st Round,3,Cobolli F.,Tirante T.A.,Tirante T.A.,43,117,1280,512,1.62,2.3,1-6 6-3 3-6
Miami Open,3/20/2025,Masters 1000,Outdoor,Hard,1st Round,3,Opelka R.,Eubanks C.,Opelka R.,114,104,529,563,1.53,2.5,6-3 7-6
Miami Open,3/20/2025,Masters 1000,Outdoor,Hard,1st Round,3,Altmaier D.,Wong C.,Wong C.,82,182,783,312,1.36,3.2,4-6 3-6
Miami Open,3/20/2025,Masters 1000,Outdoor,Hard,1st Round,3,Darderi L.,Martinez P.,Darderi L.,61,40,945,1295,2.38,1.57,6-4 6-1
Miami Open,3/20/2025,Masters 1000,Outdoor,Hard,1st Round,3,Norrie C.,Bu Y.,Bu Y.,81,69,784,855,1.67,2.2,4-6 2-6
Miami Open,3/20/2025,Masters 1000,Outdoor,Hard,1st Round,3,Thompson J.,Giron M.,Thompson J.,37,45,1375,1240,2.5,1.53,3-6 6-4 7-5
Miami Open,3/20/2025,Masters 1000,Outdoor,Hard,1st Round,3,Struff J.L.,Davidovich Fokina A.,Davidovich Fokina A.,49,39,1160,1325,2.5,1.5,6-7 3-6
Miami Open,3/20/2025,Masters 1000,Outdoor,Hard,1st Round,3,Diallo G.,Etcheverry T.,Diallo G.,87,44,730,1275,2,1.77,6-3 6-0
Miami Open,3/20/2025,Masters 1000,Outdoor,Hard,1st Round,3,Navone M.,Sonego L.,Sonego L.,62,38,925,1356,2.75,1.44,5-7 5-7
Miami Open,3/20/2025,Masters 1000,Outdoor,Hard,1st Round,3,Safiullin R.,Brooksby J.,Safiullin R.,71,544,851,67,1.91,1.91,6-3 3-6 6-3
Miami Open,3/20/2025,Masters 1000,Outdoor,Hard,1st Round,3,Wu Y.,Arnaldi M.,Arnaldi M.,421,35,113,1410,4,1.25,6-7 6-4 3-6
Miami Open,3/20/2025,Masters 1000,Outdoor,Hard,1st Round,3,Fonseca J.,Tien L.,Fonseca J.,60,66,955,867,1.33,3.4,6-7 6-3 6-4
Miami Open,3/20/2025,Masters 1000,Outdoor,Hard,1st Round,3,Bautista Agut R.,Mensik J.,Mensik J.,50,54,1089,1042,3,1.4,4-6 6-3 1-6
Miami Open,3/21/2025,Masters 1000,Outdoor,Hard,2nd Round,3,Auger-Aliassime F.,Schoolkate T.,Auger-Aliassime F.,19,129,2415,450,1.25,4,6-4 6-4
Miami Open,3/21/2025,Masters 1000,Outdoor,Hard,2nd Round,3,Cina F.,Dimitrov G.,Dimitrov G.,441,15,105,2745,8,1.08,1-6 4-6
Miami Open,3/21/2025,Masters 1000,Outdoor,Hard,2nd Round,3,Ruud C.,Kecmanovic M.,Ruud C.,6,48,3855,1161,1.67,2.2,3-6 6-4 6-4
Miami Open,3/21/2025,Masters 1000,Outdoor,Hard,2nd Round,3,Halys Q.,Musetti L.,Musetti L.,57,16,981,2650,2.38,1.57,6-3 6-7 5-7
Miami Open,3/21/2025,Masters 1000,Outdoor,Hard,2nd Round,3,Khachanov K.,Kyrgios N.,Khachanov K.,23,892,2000,20,1.36,3.2,7-6 6-0
Miami Open,3/21/2025,Masters 1000,Outdoor,Hard,2nd Round,3,Michelsen A.,Ugo Carabelli C.,Ugo Carabelli C.,33,65,1465,870,1.22,4.33,7-6 5-7 3-6
Miami Open,3/21/2025,Masters 1000,Outdoor,Hard,2nd Round,3,Munar J.,Medvedev D.,Munar J.,56,8,992,3680,5,1.17,6-2 6-3
Miami Open,3/21/2025,Masters 1000,Outdoor,Hard,2nd Round,3,Tseng C.H.,Tsitsipas S.,Tsitsipas S.,115,10,529,3405,7,1.1,6-4 5-7 3-6
Miami Open,3/21/2025,Masters 1000,Outdoor,Hard,2nd Round,3,Monfils G.,Lehecka J.,Monfils G.,46,27,1230,1745,2.2,1.67,6-1 3-6 7-6
Miami Open,3/21/2025,Masters 1000,Outdoor,Hard,2nd Round,3,Hijikata R.,Djokovic N.,Djokovic N.,86,5,752,3860,8,1.08,0-6 6-7
Miami Open,3/21/2025,Masters 1000,Outdoor,Hard,2nd Round,3,Tabilo A.,Moutet C.,Tabilo A.,31,76,1555,814,2.2,1.67,5-7 6-3 7-5
Miami Open,3/21/2025,Masters 1000,Outdoor,Hard,2nd Round,3,Carballes Baena R.,Nakashima B.,Nakashima B.,53,32,1051,1500,3.5,1.3,4-6 6-4 3-6
Miami Open,3/21/2025,Masters 1000,Outdoor,Hard,2nd Round,3,Korda S.,Spizzirri E.,Korda S.,25,134,1860,434,1.33,3.4,6-4 6-2
Miami Open,3/21/2025,Masters 1000,Outdoor,Hard,2nd Round,3,Bublik A.,Paul T.,Paul T.,80,13,785,3030,3.75,1.29,7-5 5-7 4-6
Miami Open,3/22/2025,Masters 1000,Outdoor,Hard,2nd Round,3,Cerundolo F.,Muller A.,Cerundolo F.,24,41,1925,1287,1.53,2.5,6-1 6-2
Miami Open,3/22/2025,Masters 1000,Outdoor,Hard,2nd Round,3,Alcaraz C.,Goffin D.,Goffin D.,3,55,6910,1003,1.03,15,7-5 4-6 3-6
Miami Open,3/22/2025,Masters 1000,Outdoor,Hard,2nd Round,3,Walton A.,Darderi L.,Walton A.,89,61,666,945,1.53,2.5,6-4 6-4
Miami Open,3/22/2025,Masters 1000,Outdoor,Hard,2nd Round,3,Shelton B.,Wong C.,Wong C.,14,182,2980,312,1.1,7,6-7 6-2 6-7
Miami Open,3/22/2025,Masters 1000,Outdoor,Hard,2nd Round,3,Zverev A.,Fearnley J.,Zverev A.,2,83,7945,770,1.17,5,6-2 6-4
Miami Open,3/22/2025,Masters 1000,Outdoor,Hard,2nd Round,3,Sonego L.,Fritz T.,Fritz T.,38,4,1356,4900,5.5,1.14,6-7 3-6
Miami Open,3/22/2025,Masters 1000,Outdoor,Hard,2nd Round,3,Machac T.,Arnaldi M.,Machac T.,21,35,2310,1410,1.44,2.75,6-2 1-6 6-3
Miami Open,3/22/2025,Masters 1000,Outdoor,Hard,2nd Round,3,Mpetshi G.,Thompson J.,Thompson J.,29,37,1656,1375,1.91,1.91,6-7 6-7
Miami Open,3/22/2025,Masters 1000,Outdoor,Hard,2nd Round,3,Shapovalov D.,Tirante T.A.,Shapovalov D.,28,117,1716,512,1.2,4.5,6-3 6-7 7-6
Miami Open,3/22/2025,Masters 1000,Outdoor,Hard,2nd Round,3,Draper J.,Mensik J.,Mensik J.,7,54,3800,1042,1.25,4,6-7 6-7
Miami Open,3/22/2025,Masters 1000,Outdoor,Hard,2nd Round,3,Safiullin R.,Popyrin A.,Safiullin R.,71,26,851,1800,2.1,1.73,6-7 6-3 7-5
Miami Open,3/22/2025,Masters 1000,Outdoor,Hard,2nd Round,3,Rune H.,Opelka R.,Opelka R.,12,114,3270,529,1.4,3,6-4 3-6 6-7
Miami Open,3/22/2025,Masters 1000,Outdoor,Hard,2nd Round,3,Fonseca J.,Humbert U.,Fonseca J.,60,20,955,2375,2.2,1.67,6-4 6-3
Miami Open,3/22/2025,Masters 1000,Outdoor,Hard,2nd Round,3,Rublev A.,Bergs Z.,Bergs Z.,9,51,3440,1065,1.3,3.5,5-7 4-6
Miami Open,3/22/2025,Masters 1000,Outdoor,Hard,2nd Round,3,Berrettini M.,Gaston H.,Berrettini M.,30,88,1580,711,1.13,6,4-6 6-3 6-3
Miami Open,3/22/2025,Masters 1000,Outdoor,Hard,2nd Round,3,Davidovich Fokina A.,Tiafoe F.,Tiafoe F.,39,17,1325,2485,1.73,2.1,5-7 6-7
Miami Open,3/23/2025,Masters 1000,Outdoor,Hard,2nd Round,3,De Minaur A.,Bu Y.,De Minaur A.,11,69,3335,855,1.17,5,6-4 6-4
Miami Open,3/23/2025,Masters 1000,Outdoor,Hard,3rd Round,3,Khachanov K.,Dimitrov G.,Dimitrov G.,23,15,2000,2745,2.1,1.73,7-6 4-6 5-7
Miami Open,3/23/2025,Masters 1000,Outdoor,Hard,3rd Round,3,Musetti L.,Auger-Aliassime F.,Musetti L.,16,19,2650,2415,2.5,1.53,4-6 6-2 6-3
Miami Open,3/23/2025,Masters 1000,Outdoor,Hard,3rd Round,3,Tsitsipas S.,Korda S.,Korda S.,10,25,3405,1860,1.62,2.3,6-7 3-6
Miami Open,3/23/2025,Masters 1000,Outdoor,Hard,3rd Round,3,Nakashima B.,Goffin D.,Nakashima B.,32,55,1500,1003,1.44,2.75,6-3 6-7 6-3
Miami Open,3/23/2025,Masters 1000,Outdoor,Hard,3rd Round,3,Ugo Carabelli C.,Djokovic N.,Djokovic N.,65,5,870,3860,11,1.05,1-6 6-7
Miami Open,3/23/2025,Masters 1000,Outdoor,Hard,3rd Round,3,Monfils G.,Munar J.,Monfils G.,46,56,1230,992,1.5,2.63,7-5 5-7 7-6
Miami Open,3/24/2025,Masters 1000,Outdoor,Hard,3rd Round,3,Tabilo A.,Ruud C.,Ruud C.,31,6,1555,3855,3.4,1.33,4-6 6-7
Miami Open,3/24/2025,Masters 1000,Outdoor,Hard,3rd Round,3,Cerundolo F.,Paul T.,Cerundolo F.,24,13,1925,3030,2.63,1.5,6-2 7-6
Miami Open,3/24/2025,Masters 1000,Outdoor,Hard,3rd Round,3,Opelka R.,Machac T.,Machac T.,114,21,529,2310,2.63,1.5,6-7 3-6
Miami Open,3/24/2025,Masters 1000,Outdoor,Hard,3rd Round,3,Walton A.,Wong C.,Walton A.,89,182,666,312,1.53,2.5,7-6 4-6 6-4
Miami Open,3/24/2025,Masters 1000,Outdoor,Hard,3rd Round,3,Thompson J.,Zverev A.,Zverev A.,37,2,1375,7945,5.5,1.14,5-7 4-6
Miami Open,3/24/2025,Masters 1000,Outdoor,Hard,3rd Round,3,Fritz T.,Shapovalov D.,Fritz T.,4,28,4900,1716,1.4,3,7-5 6-3
Miami Open,3/24/2025,Masters 1000,Outdoor,Hard,3rd Round,3,Safiullin R.,Mensik J.,Mensik J.,71,54,851,1042,2.63,1.5,4-6 4-6
Miami Open,3/24/2025,Masters 1000,Outdoor,Hard,3rd Round,3,Fils A.,Tiafoe F.,Fils A.,18,17,2480,2485,1.8,2,7-6 5-7 6-2
Miami Open,3/24/2025,Masters 1000,Outdoor,Hard,3rd Round,3,Bergs Z.,Berrettini M.,Berrettini M.,51,30,1065,1580,3,1.4,4-6 4-6
Miami Open,3/24/2025,Masters 1000,Outdoor,Hard,3rd Round,3,De Minaur A.,Fonseca J.,De Minaur A.,11,60,3335,955,1.73,2.1,5-7 7-5 6-3
Miami Open,3/25/2025,Masters 1000,Outdoor,Hard,4th Round,3,Nakashima B.,Dimitrov G.,Dimitrov G.,32,15,1500,2745,2.38,1.57,4-6 5-7
Miami Open,3/25/2025,Masters 1000,Outdoor,Hard,4th Round,3,Korda S.,Monfils G.,Korda S.,25,46,1860,1230,1.73,2.1,6-4 2-6 6-4
Miami Open,3/25/2025,Masters 1000,Outdoor,Hard,4th Round,3,Ruud C.,Cerundolo F.,Cerundolo F.,6,24,3855,1925,2,1.8,4-6 2-6
Miami Open,3/25/2025,Masters 1000,Outdoor,Hard,4th Round,3,Djokovic N.,Musetti L.,Djokovic N.,5,16,3860,2650,1.3,3.5,6-2 6-2
Miami Open,3/25/2025,Masters 1000,Outdoor,Hard,4th Round,3,De Minaur A.,Berrettini M.,Berrettini M.,11,30,3335,1580,1.62,2.3,3-6 6-7
Miami Open,3/25/2025,Masters 1000,Outdoor,Hard,4th Round,3,Fritz T.,Walton A.,Fritz T.,4,89,4900,666,1.08,8,6-3 7-5
Miami Open,3/26/2025,Masters 1000,Outdoor,Hard,4th Round,3,Zverev A.,Fils A.,Fils A.,2,18,7945,2480,1.3,3.5,6-3 3-6 4-6
Miami Open,3/26/2025,Masters 1000,Outdoor,Hard,Quarterfinals,3,Dimitrov G.,Cerundolo F.,Dimitrov G.,15,24,2745,1925,1.8,2,6-7 6-4 7-6
Miami Open,3/27/2025,Masters 1000,Outdoor,Hard,Quarterfinals,3,Fils A.,Mensik J.,Mensik J.,18,54,2480,1042,1.91,1.91,6-7 1-6
Miami Open,3/27/2025,Masters 1000,Outdoor,Hard,Quarterfinals,3,Djokovic N.,Korda S.,Djokovic N.,5,25,3860,1860,1.25,4,6-3 7-6
Miami Open,3/27/2025,Masters 1000,Outdoor,Hard,Quarterfinals,3,Berrettini M.,Fritz T.,Fritz T.,30,4,1580,4900,2.75,1.44,5-7 7-6 5-7
Miami Open,3/28/2025,Masters 1000,Outdoor,Hard,Semifinals,3,Djokovic N.,Dimitrov G.,Djokovic N.,5,15,3860,2745,1.22,4.33,6-2 6-3
Miami Open,3/28/2025,Masters 1000,Outdoor,Hard,Semifinals,3,Fritz T.,Mensik J.,Mensik J.,4,54,4900,1042,1.33,3.4,6-7 6-4 6-7
Miami Open,3/31/2025,Masters 1000,Outdoor,Hard,The Final,3,Mensik J.,Djokovic N.,Mensik J.,54,5,1042,3860,4.33,1.22,7-6 7-6
Monte Carlo Masters,4/6/2025,Masters 1000,Outdoor,Clay,1st Round,3,Struff J.L.,Vacherot V.,Vacherot V.,49,255,1120,214,1.44,2.75,2-6 1-6
Monte Carlo Masters,4/6/2025,Masters 1000,Outdoor,Clay,1st Round,3,Gasquet R.,Arnaldi M.,Gasquet R.,164,40,354,1340,4.33,1.22,6-3 4-6 6-4
Monte Carlo Masters,4/6/2025,Masters 1000,Outdoor,Clay,1st Round,3,Mpetshi G.,Thompson J.,Thompson J.,30,38,1644,1365,1.67,2.2,4-6 3-6
Monte Carlo Masters,4/7/2025,Masters 1000,Outdoor,Clay,1st Round,3,Tabilo A.,Wawrinka S.,Tabilo A.,32,163,1575,355,1.67,2.2,1-6 7-5 7-5
Monte Carlo Masters,4/7/2025,Masters 1000,Outdoor,Clay,1st Round,3,Shapovalov D.,Giron M.,Giron M.,29,45,1716,1200,1.44,2.75,3-6 6-7
Monte Carlo Masters,4/7/2025,Masters 1000,Outdoor,Clay,1st Round,3,Lehecka J.,Korda S.,Lehecka J.,28,24,1745,2010,1.62,2.3,6-3 7-6
Monte Carlo Masters,4/7/2025,Masters 1000,Outdoor,Clay,1st Round,3,Marozsan F.,Monfils G.,Monfils G.,81,44,775,1255,1.67,2.2,6-4 1-6 1-6
Monte Carlo Masters,4/7/2025,Masters 1000,Outdoor,Clay,1st Round,3,Altmaier D.,Auger-Aliassime F.,Altmaier D.,84,19,763,2415,2.75,1.44,7-6 6-3
Monte Carlo Masters,4/7/2025,Masters 1000,Outdoor,Clay,1st Round,3,Bu Y.,Musetti L.,Musetti L.,67,16,873,2650,4.5,1.2,6-4 5-7 3-6
Monte Carlo Masters,4/7/2025,Masters 1000,Outdoor,Clay,1st Round,3,Berrettini M.,Navone M.,Berrettini M.,34,70,1530,850,1.5,2.63,6-4 6-4
Monte Carlo Masters,4/7/2025,Masters 1000,Outdoor,Clay,1st Round,3,Ugo Carabelli C.,Muller A.,Muller A.,63,39,917,1344,1.91,1.91,4-6 4-6
Monte Carlo Masters,4/7/2025,Masters 1000,Outdoor,Clay,1st Round,3,Medvedev D.,Khachanov K.,Medvedev D.,11,25,3290,1950,1.87,1.87,7-5 4-6 6-4
Monte Carlo Masters,4/7/2025,Masters 1000,Outdoor,Clay,1st Round,3,Shelton B.,Davidovich Fokina A.,Davidovich Fokina A.,14,42,2690,1305,2.3,1.62,7-6 2-6 1-6
Monte Carlo Masters,4/7/2025,Masters 1000,Outdoor,Clay,1st Round,3,Cerundolo F.,Fognini F.,Cerundolo F.,22,113,2075,544,1.11,6.5,6-0 6-3
Monte Carlo Masters,4/8/2025,Masters 1000,Outdoor,Clay,1st Round,3,Jarry N.,Dimitrov G.,Dimitrov G.,58,18,965,2495,3.2,1.36,3-6 4-6
Monte Carlo Masters,4/8/2025,Masters 1000,Outdoor,Clay,1st Round,3,Martinez P.,Sonego L.,Martinez P.,51,41,1090,1336,2.63,1.5,6-4 1-6 6-2
Monte Carlo Masters,4/8/2025,Masters 1000,Outdoor,Clay,1st Round,3,Humbert U.,Popyrin A.,Popyrin A.,20,27,2335,1760,1.67,2.2,6-3 6-7 4-6
Monte Carlo Masters,4/8/2025,Masters 1000,Outdoor,Clay,1st Round,3,Bautista Agut R.,Nakashima B.,Bautista Agut R.,52,31,1049,1620,2.2,1.67,6-2 6-4
Monte Carlo Masters,4/8/2025,Masters 1000,Outdoor,Clay,1st Round,3,Lajovic D.,Cobolli F.,Cobolli F.,109,36,570,1500,2,1.8,4-6 2-6
Monte Carlo Masters,4/8/2025,Masters 1000,Outdoor,Clay,1st Round,3,Etcheverry T.,Moutet C.,Etcheverry T.,46,75,1185,809,1.67,2.2,4-6 6-1 6-4
Monte Carlo Masters,4/8/2025,Masters 1000,Outdoor,Clay,1st Round,3,Baez S.,Machac T.,Machac T.,33,21,1540,2210,2.1,1.73,6-3 3-6 2-6
Monte Carlo Masters,4/8/2025,Masters 1000,Outdoor,Clay,1st Round,3,Fils A.,Griekspoor T.,Fils A.,15,35,2670,1525,1.5,2.63,6-7 6-4 6-2
Monte Carlo Masters,4/8/2025,Masters 1000,Outdoor,Clay,1st Round,3,Kecmanovic M.,Tiafoe F.,Tiafoe F.,47,17,1166,2525,1.5,2.63,2-6 7-5 6-7
Monte Carlo Masters,4/8/2025,Masters 1000,Outdoor,Clay,2nd Round,3,Berrettini M.,Zverev A.,Berrettini M.,34,2,1530,7645,2.38,1.57,2-6 6-3 7-5
Monte Carlo Masters,4/8/2025,Masters 1000,Outdoor,Clay,2nd Round,3,Thompson J.,Tsitsipas S.,Tsitsipas S.,38,8,1365,3445,6,1.13,6-4 4-6 2-6
Monte Carlo Masters,4/8/2025,Masters 1000,Outdoor,Clay,2nd Round,3,Draper J.,Giron M.,Draper J.,6,45,3780,1200,1.29,3.75,6-1 6-1
Monte Carlo Masters,4/9/2025,Masters 1000,Outdoor,Clay,2nd Round,3,Etcheverry T.,Davidovich Fokina A.,Davidovich Fokina A.,46,42,1185,1305,2.38,1.57,6-7 3-6
Monte Carlo Masters,4/9/2025,Masters 1000,Outdoor,Clay,2nd Round,3,Musetti L.,Lehecka J.,Musetti L.,16,28,2650,1745,1.67,2.2,1-6 7-5 6-2
Monte Carlo Masters,4/9/2025,Masters 1000,Outdoor,Clay,2nd Round,3,Gasquet R.,Altmaier D.,Altmaier D.,164,84,354,763,3,1.4,5-7 7-5 2-6
Monte Carlo Masters,4/9/2025,Masters 1000,Outdoor,Clay,2nd Round,3,Borges N.,Martinez P.,Borges N.,43,51,1280,1090,1.5,2.63,7-5 6-7 6-4
Monte Carlo Masters,4/9/2025,Masters 1000,Outdoor,Clay,2nd Round,3,Cobolli F.,Fils A.,Fils A.,36,15,1500,2670,2.75,1.44,2-6 4-6
Monte Carlo Masters,4/9/2025,Masters 1000,Outdoor,Clay,2nd Round,3,Rublev A.,Monfils G.,Rublev A.,9,44,3440,1255,1.5,2.63,6-4 7-6
Monte Carlo Masters,4/9/2025,Masters 1000,Outdoor,Clay,2nd Round,3,Cerundolo F.,Alcaraz C.,Alcaraz C.,22,3,2075,6720,3.2,1.36,6-3 0-6 1-6
Monte Carlo Masters,4/9/2025,Masters 1000,Outdoor,Clay,2nd Round,3,De Minaur A.,Machac T.,De Minaur A.,10,21,3335,2210,1.73,2.1,3-6 6-0 6-3
Monte Carlo Masters,4/9/2025,Masters 1000,Outdoor,Clay,2nd Round,3,Bautista Agut R.,Ruud C.,Ruud C.,52,7,1049,3765,4.33,1.22,2-6 1-6
Monte Carlo Masters,4/9/2025,Masters 1000,Outdoor,Clay,2nd Round,3,Tabilo A.,Djokovic N.,Tabilo A.,32,5,1575,4510,5,1.17,6-3 6-4
Monte Carlo Masters,4/9/2025,Masters 1000,Outdoor,Clay,2nd Round,3,Tiafoe F.,Popyrin A.,Popyrin A.,17,27,2525,1760,2.2,1.67,6-3 3-6 3-6
Monte Carlo Masters,4/9/2025,Masters 1000,Outdoor,Clay,2nd Round,3,Dimitrov G.,Vacherot V.,Dimitrov G.,18,255,2495,214,1.2,4.5,4-6 6-3 6-1
Monte Carlo Masters,4/9/2025,Masters 1000,Outdoor,Clay,2nd Round,3,Muller A.,Medvedev D.,Medvedev D.,39,11,1344,3290,2.63,1.5,6-7 7-5 2-6
Monte Carlo Masters,4/10/2025,Masters 1000,Outdoor,Clay,3rd Round,3,Fils A.,Rublev A.,Fils A.,15,9,2670,3440,1.73,2.1,6-2 6-3
Monte Carlo Masters,4/10/2025,Masters 1000,Outdoor,Clay,3rd Round,3,Draper J.,Davidovich Fokina A.,Davidovich Fokina A.,6,42,3780,1305,1.44,2.75,3-6 7-6 4-6
Monte Carlo Masters,4/10/2025,Masters 1000,Outdoor,Clay,3rd Round,3,Popyrin A.,Ruud C.,Popyrin A.,27,7,1760,3765,4.33,1.22,6-4 3-6 7-5
Monte Carlo Masters,4/10/2025,Masters 1000,Outdoor,Clay,3rd Round,3,Altmaier D.,Alcaraz C.,Alcaraz C.,84,3,763,6720,13,1.04,3-6 1-6
Monte Carlo Masters,4/10/2025,Masters 1000,Outdoor,Clay,3rd Round,3,Musetti L.,Berrettini M.,Musetti L.,16,34,2650,1530,2.1,1.73,6-3 6-3
Monte Carlo Masters,4/10/2025,Masters 1000,Outdoor,Clay,3rd Round,3,Medvedev D.,De Minaur A.,De Minaur A.,11,10,3290,3335,2.2,1.67,2-6 2-6
Monte Carlo Masters,4/10/2025,Masters 1000,Outdoor,Clay,3rd Round,3,Tsitsipas S.,Borges N.,Tsitsipas S.,8,43,3445,1280,1.22,4.33,6-1 6-1
Monte Carlo Masters,4/10/2025,Masters 1000,Outdoor,Clay,3rd Round,3,Tabilo A.,Dimitrov G.,Dimitrov G.,32,18,1575,2495,2.3,1.62,3-6 6-3 2-6
Monte Carlo Masters,4/11/2025,Masters 1000,Outdoor,Clay,Quarterfinals,3,Davidovich Fokina A.,Popyrin A.,Davidovich Fokina A.,42,27,1305,1760,1.53,2.5,6-3 6-2
Monte Carlo Masters,4/11/2025,Masters 1000,Outdoor,Clay,Quarterfinals,3,Fils A.,Alcaraz C.,Alcaraz C.,15,3,2670,6720,3.2,1.36,6-4 5-7 3-6
Monte Carlo Masters,4/11/2025,Masters 1000,Outdoor,Clay,Quarterfinals,3,De Minaur A.,Dimitrov G.,De Minaur A.,10,18,3335,2495,1.57,2.38,6-0 6-0
Monte Carlo Masters,4/11/2025,Masters 1000,Outdoor,Clay,Quarterfinals,3,Tsitsipas S.,Musetti L.,Musetti L.,8,16,3445,2650,1.73,2.1,6-1 3-6 4-6
Monte Carlo Masters,4/12/2025,Masters 1000,Outdoor,Clay,Semifinals,3,Alcaraz C.,Davidovich Fokina A.,Alcaraz C.,3,42,6720,1305,1.2,4.5,7-6 6-4
Monte Carlo Masters,4/12/2025,Masters 1000,Outdoor,Clay,Semifinals,3,De Minaur A.,Musetti L.,Musetti L.,10,16,3335,2650,1.67,2.2,6-1 4-6 6-7
Monte Carlo Masters,4/13/2025,Masters 1000,Outdoor,Clay,The Final,3,Alcaraz C.,Musetti L.,Alcaraz C.,3,16,6720,2650,1.2,4.5,3-6 6-1 6-0
Mutua Madrid Open,4/23/2025,Masters 1000,Outdoor,Clay,1st Round,3,Mpetshi G.,Navone M.,Navone M.,37,85,1464,750,2.2,1.67,4-6 4-6
Mutua Madrid Open,4/23/2025,Masters 1000,Outdoor,Clay,1st Round,3,Rinderknech A.,Safiullin R.,Rinderknech A.,76,73,809,856,2.5,1.53,7-6 6-1
Mutua Madrid Open,4/23/2025,Masters 1000,Outdoor,Clay,1st Round,3,Wong C.,Cina F.,Cina F.,169,373,322,130,2.3,1.62,6-7 1-6
Mutua Madrid Open,4/23/2025,Masters 1000,Outdoor,Clay,1st Round,3,O Connell C.,Ugo Carabelli C.,O Connell C.,87,59,745,947,2.3,1.62,6-3 6-4
Mutua Madrid Open,4/23/2025,Masters 1000,Outdoor,Clay,1st Round,3,Cilic M.,Bonzi B.,Bonzi B.,109,62,563,908,1.3,3.5,3-6 2-6
Mutua Madrid Open,4/23/2025,Masters 1000,Outdoor,Clay,1st Round,3,Borges N.,Carreno Busta P.,Borges N.,41,96,1355,607,1.62,2.3,6-7 7-6 6-3
Mutua Madrid Open,4/23/2025,Masters 1000,Outdoor,Clay,1st Round,3,Lajovic D.,Quinn E.,Quinn E.,138,119,426,494,1.53,2.5,3-6 4-6
Mutua Madrid Open,4/23/2025,Masters 1000,Outdoor,Clay,1st Round,3,Bautista Agut R.,Munar J.,Bautista Agut R.,55,53,979,1002,2.63,1.5,6-4 2-6 6-3
Mutua Madrid Open,4/23/2025,Masters 1000,Outdoor,Clay,1st Round,3,Gaston H.,Ofner S.,Ofner S.,80,153,776,378,1.62,2.3,4-6 3-6
Mutua Madrid Open,4/23/2025,Masters 1000,Outdoor,Clay,1st Round,3,Djere L.,Fognini F.,Djere L.,71,112,872,536,1.22,4.33,6-2 6-3
Mutua Madrid Open,4/23/2025,Masters 1000,Outdoor,Clay,1st Round,3,Martinez P.,Comesana F.,Comesana F.,48,70,1130,872,1.91,1.91,4-6 4-6
Mutua Madrid Open,4/23/2025,Masters 1000,Outdoor,Clay,1st Round,3,Cerundolo J.M.,Kovacevic A.,Cerundolo J.M.,126,77,469,805,1.57,2.38,3-6 7-5 6-2
Mutua Madrid Open,4/23/2025,Masters 1000,Outdoor,Clay,1st Round,3,Michelsen A.,Bublik A.,Bublik A.,38,75,1445,820,1.91,1.91,6-7 6-7
Mutua Madrid Open,4/23/2025,Masters 1000,Outdoor,Clay,1st Round,3,Monfils G.,Gojo B.,Monfils G.,42,353,1255,141,1.57,2.38,1-6 6-2 6-4
Mutua Madrid Open,4/23/2025,Masters 1000,Outdoor,Clay,1st Round,3,Marozsan F.,Cobolli F.,Cobolli F.,58,36,955,1520,1.62,2.3,6-7 5-7
Mutua Madrid Open,4/24/2025,Masters 1000,Outdoor,Clay,1st Round,3,Nishikori K.,Vukic A.,Nishikori K.,64,83,898,758,1.36,3.2,6-4 3-6 6-3
Mutua Madrid Open,4/24/2025,Masters 1000,Outdoor,Clay,1st Round,3,Bellucci M.,Dzumhur D.,Dzumhur D.,66,63,893,906,2,1.8,6-4 4-6 2-6
Mutua Madrid Open,4/24/2025,Masters 1000,Outdoor,Clay,1st Round,3,Etcheverry T.,Medjedovic H.,Etcheverry T.,51,61,1010,911,2.38,1.57,6-4 6-7 6-4
Mutua Madrid Open,4/24/2025,Masters 1000,Outdoor,Clay,1st Round,3,Bergs Z.,Diallo G.,Diallo G.,50,78,1096,791,1.57,2.38,1-6 2-6
Mutua Madrid Open,4/24/2025,Masters 1000,Outdoor,Clay,1st Round,3,Sonego L.,Kecmanovic M.,Sonego L.,43,47,1245,1166,2.38,1.57,6-4 7-6
Mutua Madrid Open,4/24/2025,Masters 1000,Outdoor,Clay,1st Round,3,Halys Q.,Darderi L.,Darderi L.,52,46,1005,1229,3,1.4,4-6 4-6
Mutua Madrid Open,4/24/2025,Masters 1000,Outdoor,Clay,1st Round,3,Jarry N.,Altmaier D.,Jarry N.,57,67,965,892,2.2,1.67,6-3 6-2
Mutua Madrid Open,4/24/2025,Masters 1000,Outdoor,Clay,1st Round,3,Landaluce M.,Norrie C.,Norrie C.,148,91,388,667,3.5,1.3,7-6 5-7 4-6
Mutua Madrid Open,4/24/2025,Masters 1000,Outdoor,Clay,1st Round,3,Arnaldi M.,Coric B.,Arnaldi M.,44,104,1240,576,1.73,2.1,4-6 6-4 7-5
Mutua Madrid Open,4/24/2025,Masters 1000,Outdoor,Clay,1st Round,3,Moller E.,Fonseca J.,Fonseca J.,114,65,522,897,3.5,1.3,2-6 3-6
Mutua Madrid Open,4/24/2025,Masters 1000,Outdoor,Clay,1st Round,3,Giron M.,Tien L.,Giron M.,45,69,1240,880,1.73,2.1,6-1 1-6 7-6
Mutua Madrid Open,4/24/2025,Masters 1000,Outdoor,Clay,1st Round,3,Kopriva V.,Griekspoor T.,Griekspoor T.,95,34,619,1575,3.75,1.29,1-6 4-6
Mutua Madrid Open,4/24/2025,Masters 1000,Outdoor,Clay,1st Round,3,Opelka R.,Hijikata R.,Opelka R.,103,84,579,754,1.44,2.75,7-5 7-5
Mutua Madrid Open,4/24/2025,Masters 1000,Outdoor,Clay,1st Round,3,Bu Y.,Fearnley J.,Fearnley J.,72,68,869,883,2,1.8,3-6 6-7
Mutua Madrid Open,4/25/2025,Masters 1000,Outdoor,Clay,2nd Round,3,Bonzi B.,Hurkacz H.,Bonzi B.,62,28,908,1755,2.75,1.44,6-4 7-5
Mutua Madrid Open,4/25/2025,Masters 1000,Outdoor,Clay,2nd Round,3,Mayot H.,Cerundolo F.,Cerundolo F.,160,21,354,2225,7,1.1,3-6 4-6
Mutua Madrid Open,4/25/2025,Masters 1000,Outdoor,Clay,2nd Round,3,Comesana F.,Fils A.,Comesana F.,70,14,872,2920,4.5,1.2,7-6 6-4
Mutua Madrid Open,4/25/2025,Masters 1000,Outdoor,Clay,2nd Round,3,Rinderknech A.,Ruud C.,Ruud C.,76,15,809,2815,6.5,1.11,3-6 4-6
Mutua Madrid Open,4/25/2025,Masters 1000,Outdoor,Clay,2nd Round,3,Cerundolo J.M.,Auger-Aliassime F.,Cerundolo J.M.,126,19,469,2375,3.75,1.29,7-6 6-4
Mutua Madrid Open,4/25/2025,Masters 1000,Outdoor,Clay,2nd Round,3,Popyrin A.,Bublik A.,Bublik A.,26,75,1860,820,1.57,2.38,4-6 6-7
Mutua Madrid Open,4/25/2025,Masters 1000,Outdoor,Clay,2nd Round,3,Korda S.,Cina F.,Korda S.,24,373,2020,130,1.14,5.5,6-3 3-6 6-1
Mutua Madrid Open,4/25/2025,Masters 1000,Outdoor,Clay,2nd Round,3,Quinn E.,Mensik J.,Mensik J.,119,23,494,2032,3.2,1.36,6-7 1-6
Mutua Madrid Open,4/25/2025,Masters 1000,Outdoor,Clay,2nd Round,3,Zverev A.,Bautista Agut R.,Zverev A.,2,55,8085,979,1.05,8,6-2 6-2
Mutua Madrid Open,4/25/2025,Masters 1000,Outdoor,Clay,2nd Round,3,O Connell C.,Fritz T.,Fritz T.,87,4,745,5115,3.75,1.29,1-6 4-6
Mutua Madrid Open,4/25/2025,Masters 1000,Outdoor,Clay,2nd Round,3,Nakashima B.,Ofner S.,Nakashima B.,32,153,1605,378,1.67,2.2,6-3 7-6
Mutua Madrid Open,4/25/2025,Masters 1000,Outdoor,Clay,2nd Round,3,Navone M.,Shelton B.,Shelton B.,85,13,750,3020,2,1.8,6-4 6-7 3-6
Mutua Madrid Open,4/25/2025,Masters 1000,Outdoor,Clay,2nd Round,3,Davidovich Fokina A.,Borges N.,Davidovich Fokina A.,29,41,1745,1355,1.4,3,6-2 6-3
Mutua Madrid Open,4/26/2025,Masters 1000,Outdoor,Clay,2nd Round,3,Nishikori K.,Shapovalov D.,Shapovalov D.,64,30,898,1726,2.1,1.73,1-6 4-6
Mutua Madrid Open,4/26/2025,Masters 1000,Outdoor,Clay,2nd Round,3,Musetti L.,Etcheverry T.,Musetti L.,11,51,3200,1010,1.44,2.75,7-6 6-2
Mutua Madrid Open,4/26/2025,Masters 1000,Outdoor,Clay,2nd Round,3,Baez S.,Dzumhur D.,Dzumhur D.,33,63,1580,906,1.25,4,6-1 1-6 2-6
Mutua Madrid Open,4/26/2025,Masters 1000,Outdoor,Clay,2nd Round,3,Norrie C.,Lehecka J.,Norrie C.,91,27,667,1795,3,1.4,2-6 6-4 6-0
Mutua Madrid Open,4/26/2025,Masters 1000,Outdoor,Clay,2nd Round,3,Sonego L.,De Minaur A.,De Minaur A.,43,7,1245,3585,5,1.17,2-6 3-6
Mutua Madrid Open,4/26/2025,Masters 1000,Outdoor,Clay,2nd Round,3,Diallo G.,Majchrzak K.,Diallo G.,78,90,791,669,2,1.8,7-5 4-6 6-4
Mutua Madrid Open,4/26/2025,Masters 1000,Outdoor,Clay,2nd Round,3,Struff J.L.,Tsitsipas S.,Tsitsipas S.,79,18,790,2415,4,1.25,6-3 4-6 3-6
Mutua Madrid Open,4/26/2025,Masters 1000,Outdoor,Clay,2nd Round,3,Arnaldi M.,Djokovic N.,Arnaldi M.,44,5,1240,4120,3.5,1.3,6-3 6-4
Mutua Madrid Open,4/26/2025,Masters 1000,Outdoor,Clay,2nd Round,3,Machac T.,Fearnley J.,Fearnley J.,20,68,2235,883,1.44,2.75,6-1 3-6 2-6
Mutua Madrid Open,4/26/2025,Masters 1000,Outdoor,Clay,2nd Round,3,Dimitrov G.,Jarry N.,Dimitrov G.,16,57,2595,965,1.57,2.38,6-3 6-4
Mutua Madrid Open,4/26/2025,Masters 1000,Outdoor,Clay,2nd Round,3,Humbert U.,Muller A.,Muller A.,22,39,2185,1366,1.8,2,2-6 7-6 6-7
Mutua Madrid Open,4/26/2025,Masters 1000,Outdoor,Clay,2nd Round,3,Berrettini M.,Giron M.,Berrettini M.,31,45,1620,1240,1.2,4.5,6-7 7-6 6-1
Mutua Madrid Open,4/26/2025,Masters 1000,Outdoor,Clay,2nd Round,3,Griekspoor T.,Draper J.,Draper J.,34,6,1575,3820,2.3,1.62,3-6 4-6
Mutua Madrid Open,4/26/2025,Masters 1000,Outdoor,Clay,2nd Round,3,Khachanov K.,Opelka R.,Khachanov K.,25,103,1960,579,1.3,3.5,7-6 7-6
Mutua Madrid Open,4/26/2025,Masters 1000,Outdoor,Clay,2nd Round,3,Fonseca J.,Paul T.,Paul T.,65,12,897,3160,1.53,2.5,6-7 6-7
Mutua Madrid Open,4/27/2025,Masters 1000,Outdoor,Clay,3rd Round,3,Nakashima B.,Cobolli F.,Nakashima B.,32,36,1605,1520,2.38,1.57,7-5 6-3
Mutua Madrid Open,4/27/2025,Masters 1000,Outdoor,Clay,3rd Round,3,Rublev A.,Bublik A.,Bublik A.,8,75,3530,820,1.3,3.5,4-6 6-0 4-6
Mutua Madrid Open,4/27/2025,Masters 1000,Outdoor,Clay,3rd Round,3,Zverev A.,Davidovich Fokina A.,Zverev A.,2,29,8085,1745,1.33,3.4,2-6 7-6 7-6
Mutua Madrid Open,4/27/2025,Masters 1000,Outdoor,Clay,3rd Round,3,Cerundolo J.M.,Medvedev D.,Medvedev D.,126,10,469,3290,3.4,1.33,2-6 2-6
Mutua Madrid Open,4/27/2025,Masters 1000,Outdoor,Clay,3rd Round,3,Mensik J.,Shelton B.,Mensik J.,23,13,2032,3020,1.67,2.2,6-1 6-4
Mutua Madrid Open,4/27/2025,Masters 1000,Outdoor,Clay,3rd Round,3,Comesana F.,Cerundolo F.,Cerundolo F.,70,21,872,2225,4,1.25,4-6 4-6
Mutua Madrid Open,4/27/2025,Masters 1000,Outdoor,Clay,3rd Round,3,Ruud C.,Korda S.,Ruud C.,15,24,2815,2020,1.4,3,6-3 6-3
Mutua Madrid Open,4/28/2025,Masters 1000,Outdoor,Clay,3rd Round,3,Dzumhur D.,Arnaldi M.,Arnaldi M.,63,44,906,1240,3,1.4,3-6 4-6
Mutua Madrid Open,4/29/2025,Masters 1000,Outdoor,Clay,3rd Round,3,De Minaur A.,Shapovalov D.,De Minaur A.,7,30,3585,1726,1.22,4.33,6-3 7-6
Mutua Madrid Open,4/29/2025,Masters 1000,Outdoor,Clay,3rd Round,3,Khachanov K.,Paul T.,Paul T.,25,12,1960,3160,2.2,1.67,3-6 6-3 2-6
Mutua Madrid Open,4/29/2025,Masters 1000,Outdoor,Clay,3rd Round,3,Tiafoe F.,Muller A.,Tiafoe F.,17,39,2550,1366,1.62,2.3,6-3 6-3
Mutua Madrid Open,4/29/2025,Masters 1000,Outdoor,Clay,3rd Round,3,Norrie C.,Diallo G.,Diallo G.,91,78,667,791,1.8,2,6-2 4-6 4-6
Mutua Madrid Open,4/29/2025,Masters 1000,Outdoor,Clay,3rd Round,3,Dimitrov G.,Fearnley J.,Dimitrov G.,16,68,2595,883,1.33,3.4,6-4 7-6
Mutua Madrid Open,4/29/2025,Masters 1000,Outdoor,Clay,3rd Round,3,Tsitsipas S.,Musetti L.,Musetti L.,18,11,2415,3200,1.8,2,5-7 6-7
Mutua Madrid Open,4/29/2025,Masters 1000,Outdoor,Clay,4th Round,3,Mensik J.,Bublik A.,Mensik J.,23,75,2032,820,1.33,3.4,6-3 6-2
Mutua Madrid Open,4/29/2025,Masters 1000,Outdoor,Clay,4th Round,3,Zverev A.,Cerundolo F.,Cerundolo F.,2,21,8085,2225,1.44,2.75,5-7 3-6
Mutua Madrid Open,4/29/2025,Masters 1000,Outdoor,Clay,4th Round,3,Medvedev D.,Nakashima B.,Medvedev D.,10,32,3290,1605,1.36,3.2,3-6 6-1 6-4
Mutua Madrid Open,4/29/2025,Masters 1000,Outdoor,Clay,4th Round,3,Fritz T.,Ruud C.,Ruud C.,4,15,5115,2815,2.1,1.73,5-7 4-6
Mutua Madrid Open,4/30/2025,Masters 1000,Outdoor,Clay,4th Round,3,Arnaldi M.,Tiafoe F.,Arnaldi M.,44,17,1240,2550,1.73,2.1,6-3 7-5
Mutua Madrid Open,4/30/2025,Masters 1000,Outdoor,Clay,4th Round,3,Paul T.,Draper J.,Draper J.,12,6,3160,3820,2.5,1.53,2-6 2-6
Mutua Madrid Open,4/30/2025,Masters 1000,Outdoor,Clay,4th Round,3,Diallo G.,Dimitrov G.,Diallo G.,78,16,791,2595,3.2,1.36,5-7 7-6 6-4
Mutua Madrid Open,4/30/2025,Masters 1000,Outdoor,Clay,4th Round,3,De Minaur A.,Musetti L.,Musetti L.,7,11,3585,3200,1.67,2.2,4-6 2-6
Mutua Madrid Open,5/1/2025,Masters 1000,Outdoor,Clay,Quarterfinals,3,Ruud C.,Medvedev D.,Ruud C.,15,10,2815,3290,1.5,2.63,6-3 7-5
Mutua Madrid Open,5/1/2025,Masters 1000,Outdoor,Clay,Quarterfinals,3,Mensik J.,Cerundolo F.,Cerundolo F.,23,21,2032,2225,2.2,1.67,6-3 6-7 2-6
Mutua Madrid Open,5/1/2025,Masters 1000,Outdoor,Clay,Quarterfinals,3,Draper J.,Arnaldi M.,Draper J.,6,44,3820,1240,1.29,3.75,6-0 6-4
Mutua Madrid Open,5/1/2025,Masters 1000,Outdoor,Clay,Quarterfinals,3,Diallo G.,Musetti L.,Musetti L.,78,11,791,3200,4.5,1.2,4-6 3-6
Mutua Madrid Open,5/2/2025,Masters 1000,Outdoor,Clay,Semifinals,3,Ruud C.,Cerundolo F.,Ruud C.,15,21,2815,2225,1.8,2,6-4 7-5
Mutua Madrid Open,5/2/2025,Masters 1000,Outdoor,Clay,Semifinals,3,Musetti L.,Draper J.,Draper J.,11,6,3200,3820,2.5,1.53,3-6 6-7
Mutua Madrid Open,5/3/2025,Masters 1000,Outdoor,Clay,The Final,3,Ruud C.,Draper J.,Ruud C.,15,6,2815,3820,3,1.4,7-5 3-6 6-4
Internazionali BNL d'Italia,5/7/2025,Masters 1000,Outdoor,Clay,1st Round,3,Altmaier D.,Comesana F.,Comesana F.,71,63,872,906,2.2,1.67,1-6 5-7
Internazionali BNL d'Italia,5/7/2025,Masters 1000,Outdoor,Clay,1st Round,3,Moutet C.,Hijikata R.,Moutet C.,83,82,752,761,1.29,3.75,3-6 6-1 7-5
Internazionali BNL d'Italia,5/7/2025,Masters 1000,Outdoor,Clay,1st Round,3,Lehecka J.,Muller A.,Muller A.,38,39,1405,1403,1.5,2.63,6-2 3-6 6-7
Internazionali BNL d'Italia,5/7/2025,Masters 1000,Outdoor,Clay,1st Round,3,Thompson J.,Mpetshi G.,Thompson J.,41,36,1355,1464,1.62,2.3,3-6 6-3 7-6
Internazionali BNL d'Italia,5/7/2025,Masters 1000,Outdoor,Clay,1st Round,3,Carreno Busta P.,Ugo Carabelli C.,Ugo Carabelli C.,98,60,601,944,1.8,2,2-6 6-1 3-6
Internazionali BNL d'Italia,5/7/2025,Masters 1000,Outdoor,Clay,1st Round,3,Taberner C.,Kovacevic A.,Taberner C.,139,80,417,785,1.57,2.38,6-3 1-6 7-5
Internazionali BNL d'Italia,5/7/2025,Masters 1000,Outdoor,Clay,1st Round,3,Kecmanovic M.,Griekspoor T.,Griekspoor T.,47,35,1186,1505,2.38,1.57,6-4 3-6 0-6
Internazionali BNL d'Italia,5/7/2025,Masters 1000,Outdoor,Clay,1st Round,3,Burruchaga R.,Sonego L.,Burruchaga R.,135,44,439,1245,2.5,1.53,6-2 6-3
Internazionali BNL d'Italia,5/7/2025,Masters 1000,Outdoor,Clay,1st Round,3,Halys Q.,Kopriva V.,Kopriva V.,52,92,1015,655,2.63,1.5,4-6 3-6
Internazionali BNL d'Italia,5/7/2025,Masters 1000,Outdoor,Clay,1st Round,3,Lajovic D.,Nishioka Y.,Lajovic D.,131,74,446,833,1.25,4,7-5 6-1
Internazionali BNL d'Italia,5/7/2025,Masters 1000,Outdoor,Clay,1st Round,3,O Connell C.,Norrie C.,Norrie C.,81,91,765,667,2.5,1.53,3-6 2-6
Internazionali BNL d'Italia,5/7/2025,Masters 1000,Outdoor,Clay,1st Round,3,Passaro F.,Tseng C.H.,Passaro F.,101,102,593,593,2.5,1.53,6-0 2-6 6-3
Internazionali BNL d'Italia,5/7/2025,Masters 1000,Outdoor,Clay,1st Round,3,Medjedovic H.,Virtanen O.,Virtanen O.,72,130,871,455,1.22,4.33,4-6 4-6
Internazionali BNL d'Italia,5/7/2025,Masters 1000,Outdoor,Clay,1st Round,3,Djere L.,Etcheverry T.,Djere L.,64,51,902,1015,1.8,2,6-3 6-2
Internazionali BNL d'Italia,5/7/2025,Masters 1000,Outdoor,Clay,1st Round,3,Dzumhur D.,Gaubas V.,Gaubas V.,69,154,881,371,1.91,1.91,6-7 6-2 4-6
Internazionali BNL d'Italia,5/7/2025,Masters 1000,Outdoor,Clay,1st Round,3,Darderi L.,Bu Y.,Darderi L.,46,73,1204,857,1.33,3.4,7-6 6-3
Internazionali BNL d'Italia,5/8/2025,Masters 1000,Outdoor,Clay,1st Round,3,Shevchenko A.,De Jong J.,De Jong J.,97,93,605,640,2.38,1.57,2-6 4-6
Internazionali BNL d'Italia,5/8/2025,Masters 1000,Outdoor,Clay,1st Round,3,Bautista Agut R.,Arnaldi M.,Bautista Agut R.,56,37,969,1410,4,1.25,6-4 6-3
Internazionali BNL d'Italia,5/8/2025,Masters 1000,Outdoor,Clay,1st Round,3,Gaston H.,Jarry N.,Jarry N.,78,53,793,1010,2.38,1.57,6-7 4-6
Internazionali BNL d'Italia,5/8/2025,Masters 1000,Outdoor,Clay,1st Round,3,Vukic A.,Moreno De Alboran N.,Vukic A.,79,149,792,386,2.2,1.67,7-6 6-2
Internazionali BNL d'Italia,5/8/2025,Masters 1000,Outdoor,Clay,1st Round,3,Cina F.,Navone M.,Navone M.,323,99,160,600,4.5,1.2,3-6 3-6
Internazionali BNL d'Italia,5/8/2025,Masters 1000,Outdoor,Clay,1st Round,3,Marozsan F.,Fonseca J.,Marozsan F.,61,65,935,897,3,1.4,6-3 7-6
Internazionali BNL d'Italia,5/8/2025,Masters 1000,Outdoor,Clay,1st Round,3,Borges N.,Seyboth Wild T.,Seyboth Wild T.,40,120,1360,493,1.73,2.1,1-6 6-4 4-6
Internazionali BNL d'Italia,5/8/2025,Masters 1000,Outdoor,Clay,1st Round,3,Munar J.,Barrios M.,Munar J.,66,118,892,506,1.57,2.38,4-6 6-2 7-5
Internazionali BNL d'Italia,5/8/2025,Masters 1000,Outdoor,Clay,1st Round,3,Cobolli F.,Nardi L.,Nardi L.,34,95,1520,632,1.36,3.2,3-6 4-6
Internazionali BNL d'Italia,5/8/2025,Masters 1000,Outdoor,Clay,1st Round,3,Gigante M.,Rinderknech A.,Gigante M.,164,75,341,826,1.73,2.1,7-6 7-6
Internazionali BNL d'Italia,5/8/2025,Masters 1000,Outdoor,Clay,1st Round,3,Diallo G.,Giron M.,Giron M.,54,45,995,1245,1.53,2.5,6-3 3-6 4-6
Internazionali BNL d'Italia,5/8/2025,Masters 1000,Outdoor,Clay,1st Round,3,Bublik A.,Safiullin R.,Bublik A.,76,77,820,816,1.91,1.91,6-3 7-6
Internazionali BNL d'Italia,5/8/2025,Masters 1000,Outdoor,Clay,1st Round,3,Bellucci M.,Martinez P.,Martinez P.,68,49,891,1115,2.3,1.62,4-6 2-6
Internazionali BNL d'Italia,5/8/2025,Masters 1000,Outdoor,Clay,1st Round,3,Fearnley J.,Fognini F.,Fearnley J.,57,107,953,566,1.44,2.75,6-2 6-3
Internazionali BNL d'Italia,5/8/2025,Masters 1000,Outdoor,Clay,1st Round,3,Opelka R.,Tien L.,Tien L.,94,70,634,878,1.91,1.91,4-6 6-7
Internazionali BNL d'Italia,5/9/2025,Masters 1000,Outdoor,Clay,2nd Round,3,Passaro F.,Dimitrov G.,Passaro F.,101,15,593,2685,4,1.25,7-5 6-3
Internazionali BNL d'Italia,5/9/2025,Masters 1000,Outdoor,Clay,2nd Round,3,Burruchaga R.,Khachanov K.,Khachanov K.,135,24,439,1910,3.5,1.3,4-6 7-5 1-6
Internazionali BNL d'Italia,5/9/2025,Masters 1000,Outdoor,Clay,2nd Round,3,Fils A.,Griekspoor T.,Fils A.,14,35,2920,1505,1.5,2.63,6-2 6-2
Internazionali BNL d'Italia,5/9/2025,Masters 1000,Outdoor,Clay,2nd Round,3,Taberner C.,Popyrin A.,Popyrin A.,139,25,417,1860,2.75,1.44,1-6 6-7
Internazionali BNL d'Italia,5/9/2025,Masters 1000,Outdoor,Clay,2nd Round,3,Alcaraz C.,Lajovic D.,Alcaraz C.,3,131,7850,446,1.05,11,6-3 6-3
Internazionali BNL d'Italia,5/9/2025,Masters 1000,Outdoor,Clay,2nd Round,3,Muller A.,Tsitsipas S.,Tsitsipas S.,39,19,1403,2420,4,1.25,2-6 6-7
Internazionali BNL d'Italia,5/9/2025,Masters 1000,Outdoor,Clay,2nd Round,3,Djere L.,Michelsen A.,Djere L.,64,32,902,1570,1.44,2.75,6-0 6-3
Internazionali BNL d'Italia,5/9/2025,Masters 1000,Outdoor,Clay,2nd Round,3,Virtanen O.,Musetti L.,Musetti L.,130,9,455,3550,9,1.07,3-6 2-6
Internazionali BNL d'Italia,5/9/2025,Masters 1000,Outdoor,Clay,2nd Round,3,Medvedev D.,Norrie C.,Medvedev D.,11,91,3290,667,1.3,3.5,6-4 6-2
Internazionali BNL d'Italia,5/9/2025,Masters 1000,Outdoor,Clay,2nd Round,3,Baez S.,Kopriva V.,Kopriva V.,33,92,1540,655,1.44,2.75,6-3 4-6 4-6
Internazionali BNL d'Italia,5/9/2025,Masters 1000,Outdoor,Clay,2nd Round,3,Gaubas V.,Shapovalov D.,Gaubas V.,154,28,371,1726,2.75,1.44,6-3 6-4
Internazionali BNL d'Italia,5/9/2025,Masters 1000,Outdoor,Clay,2nd Round,3,Comesana F.,Rune H.,Rune H.,63,10,906,3440,3.2,1.36,6-3 3-6 4-6
Internazionali BNL d'Italia,5/9/2025,Masters 1000,Outdoor,Clay,2nd Round,3,Draper J.,Darderi L.,Draper J.,5,46,4440,1204,1.29,3.75,6-1 6-4
Internazionali BNL d'Italia,5/9/2025,Masters 1000,Outdoor,Clay,2nd Round,3,Ugo Carabelli C.,Zverev A.,Zverev A.,60,2,944,8085,8,1.08,2-6 1-6
Internazionali BNL d'Italia,5/10/2025,Masters 1000,Outdoor,Clay,2nd Round,3,Paul T.,Bautista Agut R.,Paul T.,12,56,3210,969,1.22,4.33,6-1 6-4
Internazionali BNL d'Italia,5/10/2025,Masters 1000,Outdoor,Clay,2nd Round,3,Fearnley J.,Berrettini M.,Berrettini M.,57,30,953,1670,3.5,1.3,4-6 6-7
Internazionali BNL d'Italia,5/10/2025,Masters 1000,Outdoor,Clay,2nd Round,3,Marozsan F.,Rublev A.,Marozsan F.,61,17,935,2580,2.2,1.67,7-5 4-6 6-3
Internazionali BNL d'Italia,5/10/2025,Masters 1000,Outdoor,Clay,2nd Round,3,Tiafoe F.,Ofner S.,Ofner S.,16,143,2640,398,1.62,2.3,2-6 7-6 3-6
Internazionali BNL d'Italia,5/10/2025,Masters 1000,Outdoor,Clay,2nd Round,3,Machac T.,Tien L.,Machac T.,20,70,2215,878,1.29,3.75,6-4 6-4
Internazionali BNL d'Italia,5/10/2025,Masters 1000,Outdoor,Clay,2nd Round,3,Vukic A.,Korda S.,Korda S.,79,23,792,2020,3.4,1.33,3-6 4-6
Internazionali BNL d'Italia,5/10/2025,Masters 1000,Outdoor,Clay,2nd Round,3,Hurkacz H.,Martinez P.,Hurkacz H.,31,49,1665,1115,1.57,2.38,6-1 7-5
Internazionali BNL d'Italia,5/10/2025,Masters 1000,Outdoor,Clay,2nd Round,3,Bublik A.,Ruud C.,Ruud C.,76,7,820,3715,5,1.17,4-6 6-4 3-6
Internazionali BNL d'Italia,5/10/2025,Masters 1000,Outdoor,Clay,2nd Round,3,Giron M.,Fritz T.,Giron M.,45,4,1245,4815,5,1.17,7-6 7-6
Internazionali BNL d'Italia,5/10/2025,Masters 1000,Outdoor,Clay,2nd Round,3,Davidovich Fokina A.,De Jong J.,De Jong J.,26,93,1745,640,1.3,3.5,0-6 2-6
Internazionali BNL d'Italia,5/10/2025,Masters 1000,Outdoor,Clay,2nd Round,3,Mensik J.,Gigante M.,Mensik J.,21,164,2182,341,1.2,4.5,7-6 7-5
Internazionali BNL d'Italia,5/10/2025,Masters 1000,Outdoor,Clay,2nd Round,3,Jarry N.,Cerundolo F.,Cerundolo F.,53,18,1010,2425,4.5,1.2,6-7 3-6
Internazionali BNL d'Italia,5/10/2025,Masters 1000,Outdoor,Clay,2nd Round,3,Dellien H.,Seyboth Wild T.,Dellien H.,103,120,587,493,2.5,1.53,4-6 6-3 6-4
Internazionali BNL d'Italia,5/10/2025,Masters 1000,Outdoor,Clay,2nd Round,3,Shelton B.,Munar J.,Munar J.,13,66,3020,892,1.73,2.1,2-6 1-6
Internazionali BNL d'Italia,5/10/2025,Masters 1000,Outdoor,Clay,2nd Round,3,Sinner J.,Navone M.,Sinner J.,1,99,9730,600,1.08,8,6-3 6-4
Internazionali BNL d'Italia,5/10/2025,Masters 1000,Outdoor,Clay,2nd Round,3,Nardi L.,De Minaur A.,De Minaur A.,95,8,632,3635,7,1.1,4-6 5-7
Internazionali BNL d'Italia,5/11/2025,Masters 1000,Outdoor,Clay,3rd Round,3,Medvedev D.,Popyrin A.,Medvedev D.,11,25,3290,1860,1.33,3.4,6-4 6-1
Internazionali BNL d'Italia,5/11/2025,Masters 1000,Outdoor,Clay,3rd Round,3,Tsitsipas S.,Fils A.,Fils A.,19,14,2420,2920,2.2,1.67,6-2 4-6 2-6
Internazionali BNL d'Italia,5/11/2025,Masters 1000,Outdoor,Clay,3rd Round,3,Moutet C.,Rune H.,Moutet C.,83,10,752,3440,4.5,1.2,7-5 5-7 7-6
Internazionali BNL d'Italia,5/11/2025,Masters 1000,Outdoor,Clay,3rd Round,3,Nakashima B.,Musetti L.,Musetti L.,29,9,1675,3550,5,1.17,4-6 3-6
Internazionali BNL d'Italia,5/11/2025,Masters 1000,Outdoor,Clay,3rd Round,3,Zverev A.,Gaubas V.,Zverev A.,2,154,8085,371,1.05,11,6-4 6-0
Internazionali BNL d'Italia,5/11/2025,Masters 1000,Outdoor,Clay,3rd Round,3,Kopriva V.,Draper J.,Draper J.,92,5,655,4440,7,1.1,4-6 3-6
Internazionali BNL d'Italia,5/11/2025,Masters 1000,Outdoor,Clay,3rd Round,3,Khachanov K.,Passaro F.,Khachanov K.,24,101,1910,593,1.4,3,6-3 6-0
Internazionali BNL d'Italia,5/11/2025,Masters 1000,Outdoor,Clay,3rd Round,3,Djere L.,Alcaraz C.,Alcaraz C.,64,3,902,7850,8,1.08,6-7 2-6
Internazionali BNL d'Italia,5/12/2025,Masters 1000,Outdoor,Clay,3rd Round,3,Paul T.,Machac T.,Paul T.,12,20,3210,2215,1.67,2.2,6-3 6-7 6-4
Internazionali BNL d'Italia,5/12/2025,Masters 1000,Outdoor,Clay,3rd Round,3,Dellien H.,De Minaur A.,De Minaur A.,103,8,587,3635,10,1.06,4-6 4-6
Internazionali BNL d'Italia,5/12/2025,Masters 1000,Outdoor,Clay,3rd Round,3,Mensik J.,Marozsan F.,Mensik J.,21,61,2182,935,1.73,2.1,6-4 7-6
Internazionali BNL d'Italia,5/12/2025,Masters 1000,Outdoor,Clay,3rd Round,3,Giron M.,Hurkacz H.,Hurkacz H.,45,31,1245,1665,2.75,1.44,3-6 6-1 1-6
Internazionali BNL d'Italia,5/12/2025,Masters 1000,Outdoor,Clay,3rd Round,3,Cerundolo F.,Ofner S.,Cerundolo F.,18,143,2425,398,1.14,5.5,6-2 6-4
Internazionali BNL d'Italia,5/12/2025,Masters 1000,Outdoor,Clay,3rd Round,3,De Jong J.,Sinner J.,Sinner J.,93,1,640,9730,10,1.06,4-6 2-6
Internazionali BNL d'Italia,5/12/2025,Masters 1000,Outdoor,Clay,3rd Round,3,Munar J.,Korda S.,Munar J.,66,23,892,2020,2.2,1.67,6-4 6-2
Internazionali BNL d'Italia,5/13/2025,Masters 1000,Outdoor,Clay,4th Round,3,Khachanov K.,Alcaraz C.,Alcaraz C.,24,3,1910,7850,8,1.08,3-6 6-3 5-7
Internazionali BNL d'Italia,5/13/2025,Masters 1000,Outdoor,Clay,4th Round,3,Draper J.,Moutet C.,Draper J.,5,83,4440,752,1.1,7,1-6 6-4 6-3
Internazionali BNL d'Italia,5/13/2025,Masters 1000,Outdoor,Clay,4th Round,3,Mensik J.,Hurkacz H.,Hurkacz H.,21,31,2182,1665,1.4,3,6-7 6-4 6-7
Internazionali BNL d'Italia,5/13/2025,Masters 1000,Outdoor,Clay,4th Round,3,Musetti L.,Medvedev D.,Musetti L.,9,11,3550,3290,1.5,2.63,7-5 6-4
Internazionali BNL d'Italia,5/13/2025,Masters 1000,Outdoor,Clay,4th Round,3,Cerundolo F.,Sinner J.,Sinner J.,18,1,2425,9730,3.75,1.29,6-7 3-6
Internazionali BNL d'Italia,5/13/2025,Masters 1000,Outdoor,Clay,4th Round,3,Zverev A.,Fils A.,Zverev A.,2,14,8085,2920,1.57,2.38,7-6 6-1
Internazionali BNL d'Italia,5/13/2025,Masters 1000,Outdoor,Clay,4th Round,3,De Minaur A.,Paul T.,Paul T.,8,12,3635,3210,1.53,2.5,5-7 3-6
Internazionali BNL d'Italia,5/14/2025,Masters 1000,Outdoor,Clay,4th Round,3,Ruud C.,Munar J.,Ruud C.,7,66,3715,892,1.2,4.5,6-3 6-4
Internazionali BNL d'Italia,5/14/2025,Masters 1000,Outdoor,Clay,Quarterfinals,3,Draper J.,Alcaraz C.,Alcaraz C.,5,3,4440,7850,3.4,1.33,4-6 4-6
Internazionali BNL d'Italia,5/14/2025,Masters 1000,Outdoor,Clay,Quarterfinals,3,Musetti L.,Zverev A.,Musetti L.,9,2,3550,8085,2.38,1.57,7-6 6-4
Internazionali BNL d'Italia,5/15/2025,Masters 1000,Outdoor,Clay,Quarterfinals,3,Hurkacz H.,Paul T.,Paul T.,31,12,1665,3210,3,1.4,6-7 3-6
Internazionali BNL d'Italia,5/15/2025,Masters 1000,Outdoor,Clay,Quarterfinals,3,Sinner J.,Ruud C.,Sinner J.,1,7,9730,3715,1.29,3.75,6-0 6-1
Internazionali BNL d'Italia,5/16/2025,Masters 1000,Outdoor,Clay,Semifinals,3,Musetti L.,Alcaraz C.,Alcaraz C.,9,3,3550,7850,3.2,1.36,3-6 6-7
Internazionali BNL d'Italia,5/16/2025,Masters 1000,Outdoor,Clay,Semifinals,3,Sinner J.,Paul T.,Sinner J.,1,12,9730,3210,1.08,8,1-6 6-0 6-3
Internazionali BNL d'Italia,5/18/2025,Masters 1000,Outdoor,Clay,The Final,3,Sinner J.,Alcaraz C.,Alcaraz C.,1,3,9730,7850,1.62,2.3,6-7 1-6
French Open,5/25/2025,Grand Slam,Outdoor,Clay,1st Round,5,Schoolkate T.,Fucsovics M.,Fucsovics M.,128,124,464,468,8,1.08,4-6 2-6 2-6
French Open,5/25/2025,Grand Slam,Outdoor,Clay,1st Round,5,Medjedovic H.,Majchrzak K.,Medjedovic H.,74,96,811,645,1.57,2.38,6-3 6-3 7-6
French Open,5/25/2025,Grand Slam,Outdoor,Clay,1st Round,5,Moller E.,Paul T.,Paul T.,112,12,511,3210,7,1.1,7-6 2-6 3-6 1-6
French Open,5/25/2025,Grand Slam,Outdoor,Clay,1st Round,5,Navone M.,Nakashima B.,Navone M.,97,32,620,1690,1.5,2.63,7-6 4-6 6-1 6-2
French Open,5/25/2025,Grand Slam,Outdoor,Clay,1st Round,5,Bergs Z.,Mpetshi G.,Mpetshi G.,50,37,1051,1414,2.1,1.73,6-4 3-6 6-7 4-6
French Open,5/25/2025,Grand Slam,Outdoor,Clay,1st Round,5,Opelka R.,Hijikata R.,Opelka R.,93,78,651,792,1.44,2.75,1-6 6-3 7-5 7-6
French Open,5/25/2025,Grand Slam,Outdoor,Clay,1st Round,5,Comesana F.,Carreno Busta P.,Carreno Busta P.,64,99,911,615,1.5,2.63,2-6 6-7 5-7
French Open,5/25/2025,Grand Slam,Outdoor,Clay,1st Round,5,Dzumhur D.,Tirante T.A.,Dzumhur D.,69,132,875,453,1.73,2.1,3-6 6-4 6-3 7-5
French Open,5/25/2025,Grand Slam,Outdoor,Clay,1st Round,5,Monteiro T.,Kopriva V.,Kopriva V.,131,86,454,715,3,1.4,4-6 3-6 6-4 7-6 1-6
French Open,5/25/2025,Grand Slam,Outdoor,Clay,1st Round,5,Musetti L.,Hanfmann Y.,Musetti L.,7,142,3860,410,1.05,11,7-5 6-2 6-0
French Open,5/25/2025,Grand Slam,Outdoor,Clay,1st Round,5,Michelsen A.,Cerundolo J.M.,Cerundolo J.M.,33,109,1550,530,2,1.8,3-6 2-6 4-6
French Open,5/25/2025,Grand Slam,Outdoor,Clay,1st Round,5,Galan D.E.,Royer V.,Galan D.E.,122,120,477,478,2.2,1.67,7-6 6-3 3-6 6-7 7-5
French Open,5/25/2025,Grand Slam,Outdoor,Clay,1st Round,5,Safiullin R.,Tiafoe F.,Tiafoe F.,72,16,816,2665,3,1.4,4-6 5-7 4-6
French Open,5/25/2025,Grand Slam,Outdoor,Clay,1st Round,5,Marozsan F.,Nardi L.,Marozsan F.,56,95,990,645,1.22,4.33,6-2 6-3 7-6
French Open,5/25/2025,Grand Slam,Outdoor,Clay,1st Round,5,Hassan B.,Gigante M.,Gigante M.,220,167,253,338,2.63,1.5,4-6 2-6 0-6
French Open,5/25/2025,Grand Slam,Outdoor,Clay,1st Round,5,Nava E.,Van De Zandschulp B.,Nava E.,137,89,433,670,2.1,1.73,6-2 7-5 7-5
French Open,5/25/2025,Grand Slam,Outdoor,Clay,1st Round,5,Faria J.,Brooksby J.,Brooksby J.,115,161,493,347,2.38,1.57,1-6 6-3 3-6 2-6
French Open,5/25/2025,Grand Slam,Outdoor,Clay,1st Round,5,Shelton B.,Sonego L.,Shelton B.,13,44,2980,1205,1.62,2.3,6-4 4-6 3-6 6-2 6-3
French Open,5/25/2025,Grand Slam,Outdoor,Clay,1st Round,5,Jacquet K.,Borges N.,Borges N.,150,41,388,1285,2.38,1.57,6-3 7-6 4-6 3-6 3-6
French Open,5/26/2025,Grand Slam,Outdoor,Clay,1st Round,5,Korda S.,Darderi L.,Korda S.,23,45,2020,1159,1.91,1.91,6-2 4-6 6-3 6-2
French Open,5/26/2025,Grand Slam,Outdoor,Clay,1st Round,5,Blanchet U.,Gaston H.,Gaston H.,193,83,289,753,2.75,1.44,6-2 0-6 6-2 3-6 4-6
French Open,5/26/2025,Grand Slam,Outdoor,Clay,1st Round,5,Kecmanovic M.,Baez S.,Kecmanovic M.,46,38,1146,1410,2.2,1.67,6-7 6-7 6-4 6-2 6-2
French Open,5/26/2025,Grand Slam,Outdoor,Clay,1st Round,5,Ramos A.,Ruud C.,Ruud C.,251,8,224,3655,13,1.04,3-6 4-6 2-6
French Open,5/26/2025,Grand Slam,Outdoor,Clay,1st Round,5,Tabilo A.,Cazaux A.,Tabilo A.,61,113,940,508,1.57,2.38,5-7 6-3 6-2 1-6 6-3
French Open,5/26/2025,Grand Slam,Outdoor,Clay,1st Round,5,Zeppieri G.,Alcaraz C.,Alcaraz C.,310,2,172,8850,26,1.01,3-6 4-6 2-6
French Open,5/26/2025,Grand Slam,Outdoor,Clay,1st Round,5,Tsitsipas S.,Etcheverry T.,Tsitsipas S.,20,53,2270,1025,1.2,4.5,7-5 6-3 6-4
French Open,5/26/2025,Grand Slam,Outdoor,Clay,1st Round,5,Llamas Ruiz P.,Davidovich Fokina A.,Davidovich Fokina A.,872,29,22,1770,7,1.1,3-6 2-6 7-6 3-6
French Open,5/26/2025,Grand Slam,Outdoor,Clay,1st Round,5,Altmaier D.,Fritz T.,Altmaier D.,66,4,906,4675,3.75,1.29,7-5 3-6 6-3 6-1
French Open,5/26/2025,Grand Slam,Outdoor,Clay,1st Round,5,Bautista Agut R.,Rune H.,Rune H.,49,10,1064,3440,5.5,1.14,7-6 4-6 3-6 2-6
French Open,5/26/2025,Grand Slam,Outdoor,Clay,1st Round,5,Fearnley J.,Wawrinka S.,Fearnley J.,55,138,991,432,1.5,2.63,7-6 6-3 6-2
French Open,5/26/2025,Grand Slam,Outdoor,Clay,1st Round,5,Vukic A.,Khachanov K.,Khachanov K.,80,24,783,1960,7,1.1,4-6 4-6 4-6
French Open,5/26/2025,Grand Slam,Outdoor,Clay,1st Round,5,Diallo G.,Cerundolo F.,Diallo G.,54,18,997,2475,6.5,1.11,7-5 6-3 6-4
French Open,5/26/2025,Grand Slam,Outdoor,Clay,1st Round,5,Thompson J.,Lehecka J.,Lehecka J.,40,34,1375,1505,5.5,1.14,4-6 2-6 1-6
French Open,5/26/2025,Grand Slam,Outdoor,Clay,1st Round,5,Ofner S.,Struff J.L.,Ofner S.,108,87,533,690,1.36,3.2,7-6 6-3 6-7 6-2
French Open,5/26/2025,Grand Slam,Outdoor,Clay,1st Round,5,Atmane T.,Gasquet R.,Gasquet R.,121,166,477,339,1.57,2.38,2-6 6-2 3-6 0-6
French Open,5/26/2025,Grand Slam,Outdoor,Clay,1st Round,5,Shapovalov D.,Martinez P.,Shapovalov D.,31,48,1701,1070,1.5,2.63,6-2 6-0 6-3
French Open,5/26/2025,Grand Slam,Outdoor,Clay,1st Round,5,Bu Y.,Misolic F.,Misolic F.,70,153,874,374,2.38,1.57,7-5 6-7 6-7 1-6
French Open,5/26/2025,Grand Slam,Outdoor,Clay,1st Round,5,Fils A.,Jarry N.,Fils A.,14,149,2845,390,1.14,5.5,6-3 6-4 6-7 6-3
French Open,5/26/2025,Grand Slam,Outdoor,Clay,1st Round,5,O Connell C.,Humbert U.,Humbert U.,82,21,762,2155,2.75,1.44,5-7 3-6 6-7
French Open,5/26/2025,Grand Slam,Outdoor,Clay,1st Round,5,Munar J.,Ugo Carabelli C.,Munar J.,57,51,962,1040,1.57,2.38,6-4 6-1 7-5
French Open,5/26/2025,Grand Slam,Outdoor,Clay,1st Round,5,Giron M.,Griekspoor T.,Griekspoor T.,43,35,1265,1485,3.5,1.3,6-4 3-6 4-6 5-7
French Open,5/26/2025,Grand Slam,Outdoor,Clay,1st Round,5,Sinner J.,Rinderknech A.,Sinner J.,1,75,10380,801,1.01,29,6-4 6-3 7-5
French Open,5/27/2025,Grand Slam,Outdoor,Clay,1st Round,5,Djere L.,De Minaur A.,De Minaur A.,59,9,952,3635,4.5,1.2,3-6 4-6 6-7
French Open,5/27/2025,Grand Slam,Outdoor,Clay,1st Round,5,Gomez F.A.,Kovacevic A.,Gomez F.A.,144,76,405,799,2.3,1.62,4-6 6-4 6-4 6-1
French Open,5/27/2025,Grand Slam,Outdoor,Clay,1st Round,5,Medvedev D.,Norrie C.,Norrie C.,11,81,3290,762,1.2,4.5,5-7 3-6 6-4 6-1 5-7
French Open,5/27/2025,Grand Slam,Outdoor,Clay,1st Round,5,Shevchenko A.,Lajovic D.,Shevchenko A.,103,125,580,466,2.75,1.44,6-2 6-4 7-6
French Open,5/27/2025,Grand Slam,Outdoor,Clay,1st Round,5,Quinn E.,Dimitrov G.,Dimitrov G.,106,17,538,2595,3.4,1.33,2-6 3-6 6-2
French Open,5/27/2025,Grand Slam,Outdoor,Clay,1st Round,5,Bublik A.,Duckworth J.,Bublik A.,62,92,915,651,1.14,5.5,6-2 6-4 6-4
French Open,5/27/2025,Grand Slam,Outdoor,Clay,1st Round,5,Tien L.,Zverev A.,Zverev A.,67,3,893,7285,15,1.03,3-6 3-6 4-6
French Open,5/27/2025,Grand Slam,Outdoor,Clay,1st Round,5,De Jong J.,Passaro F.,De Jong J.,88,139,690,423,1.53,2.5,3-6 6-7 6-4 7-6 6-1
French Open,5/27/2025,Grand Slam,Outdoor,Clay,1st Round,5,Muller A.,Mensik J.,Mensik J.,39,19,1388,2272,3,1.4,5-7 7-6 5-7 3-6
French Open,5/27/2025,Grand Slam,Outdoor,Clay,1st Round,5,Walton A.,Marterer M.,Walton A.,91,239,653,233,4,1.25,7-6 4-6 6-3 2-6 6-2
French Open,5/27/2025,Grand Slam,Outdoor,Clay,1st Round,5,Bonzi B.,Herbert P.,Herbert P.,60,147,943,399,1.57,2.38,5-7 6-3 6-4 5-7 2-6
French Open,5/27/2025,Grand Slam,Outdoor,Clay,1st Round,5,Djokovic N.,McDonald M.,Djokovic N.,6,98,4230,617,1.02,21,6-3 6-3 6-3
French Open,5/27/2025,Grand Slam,Outdoor,Clay,1st Round,5,Basilashvili N.,Rocha H.,Rocha H.,133,200,449,278,1.44,2.75,6-7 6-2 6-7 6-2 2-6
French Open,5/27/2025,Grand Slam,Outdoor,Clay,1st Round,5,Rublev A.,Harris L.,Rublev A.,15,227,2820,244,1.07,9,6-4 4-6 6-3 6-1
French Open,5/27/2025,Grand Slam,Outdoor,Clay,1st Round,5,Bellucci M.,Draper J.,Draper J.,68,5,891,4610,19,1.02,6-3 1-6 4-6 2-6
French Open,5/27/2025,Grand Slam,Outdoor,Clay,1st Round,5,Arnaldi M.,Auger-Aliassime F.,Arnaldi M.,36,27,1415,1875,2,1.8,5-7 2-6 6-3 6-4 6-2
French Open,5/27/2025,Grand Slam,Outdoor,Clay,1st Round,5,Cilic M.,Cobolli F.,Cobolli F.,104,26,563,1920,3,1.4,2-6 1-6 3-6
French Open,5/27/2025,Grand Slam,Outdoor,Clay,1st Round,5,Moutet C.,Tabur C.,Moutet C.,73,280,812,196,1.22,4.33,6-3 7-6 6-3
French Open,5/27/2025,Grand Slam,Outdoor,Clay,1st Round,5,Hurkacz H.,Fonseca J.,Fonseca J.,28,65,1830,907,2,1.8,2-6 4-6 2-6
French Open,5/27/2025,Grand Slam,Outdoor,Clay,1st Round,5,Monfils G.,Dellien H.,Monfils G.,42,90,1265,656,1.33,3.4,4-6 3-6 6-1 7-6 6-1
French Open,5/28/2025,Grand Slam,Outdoor,Clay,2nd Round,5,Galan D.E.,Musetti L.,Musetti L.,122,7,477,3860,17,1.03,4-6 0-6 4-6
French Open,5/28/2025,Grand Slam,Outdoor,Clay,2nd Round,5,Medjedovic H.,Cerundolo J.M.,Medjedovic H.,74,109,811,530,1.44,2.75,6-3 6-4 7-5
French Open,5/28/2025,Grand Slam,Outdoor,Clay,2nd Round,5,Kopriva V.,Altmaier D.,Altmaier D.,86,66,715,906,2.63,1.5,2-6 6-4 3-6 5-7
French Open,5/28/2025,Grand Slam,Outdoor,Clay,2nd Round,5,Popyrin A.,Tabilo A.,Popyrin A.,25,61,1950,940,1.5,2.63,7-5 6-3 6-4
French Open,5/28/2025,Grand Slam,Outdoor,Clay,2nd Round,5,Kecmanovic M.,Halys Q.,Halys Q.,46,52,1146,1039,1.57,2.38,6-4 3-6 6-7 5-7
French Open,5/28/2025,Grand Slam,Outdoor,Clay,2nd Round,5,Navone M.,Opelka R.,Navone M.,97,93,620,651,1.25,4,6-1 7-6 6-3
French Open,5/28/2025,Grand Slam,Outdoor,Clay,2nd Round,5,Ruud C.,Borges N.,Borges N.,8,41,3655,1285,1.08,8,6-2 4-6 1-6 0-6
French Open,5/28/2025,Grand Slam,Outdoor,Clay,2nd Round,5,Khachanov K.,Ofner S.,Khachanov K.,24,108,1960,533,1.44,2.75,7-5 3-6 7-5 4-6 6-2
French Open,5/28/2025,Grand Slam,Outdoor,Clay,2nd Round,5,Marozsan F.,Alcaraz C.,Alcaraz C.,56,2,990,8850,15,1.03,1-6 6-4 1-6 2-6
French Open,5/28/2025,Grand Slam,Outdoor,Clay,2nd Round,5,Dzumhur D.,Mpetshi G.,Dzumhur D.,69,37,875,1414,2.63,1.5,7-6 6-3 4-6 6-4
French Open,5/28/2025,Grand Slam,Outdoor,Clay,2nd Round,5,Fucsovics M.,Paul T.,Paul T.,124,12,468,3210,5,1.17,6-4 6-2 3-6 5-7 4-6
French Open,5/28/2025,Grand Slam,Outdoor,Clay,2nd Round,5,Gigante M.,Tsitsipas S.,Gigante M.,167,20,338,2270,8,1.08,6-4 5-7 6-2 6-4
French Open,5/28/2025,Grand Slam,Outdoor,Clay,2nd Round,5,Brooksby J.,Korda S.,Korda S.,161,23,347,2020,3.4,1.33,1-6 2-6 6-7
French Open,5/28/2025,Grand Slam,Outdoor,Clay,2nd Round,5,Tiafoe F.,Carreno Busta P.,Tiafoe F.,16,99,2665,615,1.53,2.5,6-4 6-3 6-1
French Open,5/28/2025,Grand Slam,Outdoor,Clay,2nd Round,5,Nava E.,Rune H.,Rune H.,137,10,433,3440,6,1.13,3-6 6-7 3-6
French Open,5/29/2025,Grand Slam,Outdoor,Clay,2nd Round,5,Bublik A.,De Minaur A.,Bublik A.,62,9,915,3635,8,1.08,2-6 2-6 6-4 6-3 6-2
French Open,5/29/2025,Grand Slam,Outdoor,Clay,2nd Round,5,Davidovich Fokina A.,Lehecka J.,Lehecka J.,29,34,1770,1505,1.73,2.1,3-6 6-3 1-6 2-6
French Open,5/29/2025,Grand Slam,Outdoor,Clay,2nd Round,5,Fils A.,Munar J.,Fils A.,14,57,2845,962,1.17,5,7-6 7-6 2-6 0-6 6-4
French Open,5/29/2025,Grand Slam,Outdoor,Clay,2nd Round,5,Mensik J.,Rocha H.,Rocha H.,19,200,2272,278,1.05,11,6-2 6-1 4-6 3-6 3-6
French Open,5/29/2025,Grand Slam,Outdoor,Clay,2nd Round,5,Zverev A.,De Jong J.,Zverev A.,3,88,7285,690,1.04,13,3-6 6-1 6-2 6-3
French Open,5/29/2025,Grand Slam,Outdoor,Clay,2nd Round,5,Diallo G.,Griekspoor T.,Griekspoor T.,54,35,997,1485,2.5,1.53,5-7 6-7 6-1 3-6
French Open,5/29/2025,Grand Slam,Outdoor,Clay,2nd Round,5,Sinner J.,Gasquet R.,Sinner J.,1,166,10380,339,1.01,34,6-3 6-0 6-4
French Open,5/29/2025,Grand Slam,Outdoor,Clay,2nd Round,5,Walton A.,Rublev A.,Rublev A.,91,15,653,2820,15,1.03,6-7 1-6 6-7
French Open,5/29/2025,Grand Slam,Outdoor,Clay,2nd Round,5,Cobolli F.,Arnaldi M.,Cobolli F.,26,36,1920,1415,1.73,2.1,6-3 6-3 6-7 6-1
French Open,5/29/2025,Grand Slam,Outdoor,Clay,2nd Round,5,Herbert P.,Fonseca J.,Fonseca J.,147,65,399,907,15,1.03,6-7 6-7 4-6
French Open,5/29/2025,Grand Slam,Outdoor,Clay,2nd Round,5,Norrie C.,Gomez F.A.,Norrie C.,81,144,762,405,1.13,6,7-6 6-2 6-1
French Open,5/29/2025,Grand Slam,Outdoor,Clay,2nd Round,5,Shevchenko A.,Quinn E.,Quinn E.,103,106,580,538,1.73,2.1,4-6 6-4 7-6 6-7 5-7
French Open,5/29/2025,Grand Slam,Outdoor,Clay,2nd Round,5,Djokovic N.,Moutet C.,Djokovic N.,6,73,4230,812,1.07,9,6-3 6-2 7-6
French Open,5/29/2025,Grand Slam,Outdoor,Clay,2nd Round,5,Shapovalov D.,Misolic F.,Misolic F.,31,153,1701,374,1.57,2.38,6-7 6-7 6-4 6-4 3-6
French Open,5/29/2025,Grand Slam,Outdoor,Clay,2nd Round,5,Draper J.,Monfils G.,Draper J.,5,42,4610,1265,1.13,6,6-3 4-6 6-3 7-5
French Open,5/30/2025,Grand Slam,Outdoor,Clay,3rd Round,5,Navone M.,Musetti L.,Musetti L.,97,7,620,3860,7,1.1,6-4 4-6 3-6 2-6
French Open,5/30/2025,Grand Slam,Outdoor,Clay,3rd Round,5,Paul T.,Khachanov K.,Paul T.,12,24,3210,1960,2.1,1.73,6-3 3-6 7-6 3-6 6-3
French Open,5/30/2025,Grand Slam,Outdoor,Clay,3rd Round,5,Borges N.,Popyrin A.,Popyrin A.,41,25,1285,1950,2.1,1.73,4-6 6-7 6-7
French Open,5/30/2025,Grand Slam,Outdoor,Clay,3rd Round,5,Rune H.,Halys Q.,Rune H.,10,52,3440,1039,1.17,5,4-6 6-2 5-7 7-5 6-2
French Open,5/30/2025,Grand Slam,Outdoor,Clay,3rd Round,5,Medjedovic H.,Altmaier D.,Altmaier D.,74,66,811,906,1.53,2.5,6-4 3-6 3-6 2-6
French Open,5/30/2025,Grand Slam,Outdoor,Clay,3rd Round,5,Shelton B.,Gigante M.,Shelton B.,13,167,2980,338,1.53,2.5,6-3 6-3 6-4
French Open,5/30/2025,Grand Slam,Outdoor,Clay,3rd Round,5,Korda S.,Tiafoe F.,Tiafoe F.,23,16,2020,2665,1.8,2,6-7 3-6 4-6
French Open,5/30/2025,Grand Slam,Outdoor,Clay,3rd Round,5,Alcaraz C.,Dzumhur D.,Alcaraz C.,2,69,8850,875,1.01,34,6-1 6-3 4-6 6-4
French Open,5/31/2025,Grand Slam,Outdoor,Clay,3rd Round,5,Quinn E.,Griekspoor T.,Griekspoor T.,106,35,538,1485,5,1.17,6-4 1-6 7-6 1-6 4-6
French Open,5/31/2025,Grand Slam,Outdoor,Clay,3rd Round,5,Sinner J.,Lehecka J.,Sinner J.,1,34,10380,1505,1.07,9,6-0 6-1 6-2
French Open,5/31/2025,Grand Slam,Outdoor,Clay,3rd Round,5,Cobolli F.,Zverev A.,Zverev A.,26,3,1920,7285,5,1.17,2-6 6-7 1-6
French Open,5/31/2025,Grand Slam,Outdoor,Clay,3rd Round,5,Draper J.,Fonseca J.,Draper J.,5,65,4610,907,1.5,2.63,6-2 6-4 6-2
French Open,5/31/2025,Grand Slam,Outdoor,Clay,3rd Round,5,Rocha H.,Bublik A.,Bublik A.,200,62,278,915,3.5,1.3,5-7 1-6 2-6
French Open,5/31/2025,Grand Slam,Outdoor,Clay,3rd Round,5,Norrie C.,Fearnley J.,Norrie C.,81,55,762,991,1.73,2.1,6-3 7-6 6-2
French Open,5/31/2025,Grand Slam,Outdoor,Clay,3rd Round,5,Misolic F.,Djokovic N.,Djokovic N.,153,6,374,4230,11,1.05,3-6 4-6 2-6
French Open,6/1/2025,Grand Slam,Outdoor,Clay,4th Round,5,Paul T.,Popyrin A.,Paul T.,12,25,3210,1950,1.57,2.38,6-3 6-3 6-3
French Open,6/1/2025,Grand Slam,Outdoor,Clay,4th Round,5,Shelton B.,Alcaraz C.,Alcaraz C.,13,2,2980,8850,11,1.05,6-7 3-6 6-4 4-6
French Open,6/1/2025,Grand Slam,Outdoor,Clay,4th Round,5,Tiafoe F.,Altmaier D.,Tiafoe F.,16,66,2665,906,1.5,2.63,6-3 6-4 7-6
French Open,6/1/2025,Grand Slam,Outdoor,Clay,4th Round,5,Rune H.,Musetti L.,Musetti L.,10,7,3440,3860,2.75,1.44,5-7 6-3 3-6 2-6
French Open,6/2/2025,Grand Slam,Outdoor,Clay,4th Round,5,Djokovic N.,Norrie C.,Djokovic N.,6,81,4230,762,1.08,8,6-2 6-3 6-2
French Open,6/2/2025,Grand Slam,Outdoor,Clay,4th Round,5,Draper J.,Bublik A.,Bublik A.,5,62,4610,915,1.07,9,7-5 3-6 2-6 4-6
French Open,6/2/2025,Grand Slam,Outdoor,Clay,4th Round,5,Sinner J.,Rublev A.,Sinner J.,1,15,10380,2820,1.05,11,6-1 6-3 6-4
French Open,6/3/2025,Grand Slam,Outdoor,Clay,Quarterfinals,5,Tiafoe F.,Musetti L.,Musetti L.,16,7,2665,3860,4.33,1.22,2-6 6-4 5-7 2-6
French Open,6/3/2025,Grand Slam,Outdoor,Clay,Quarterfinals,5,Alcaraz C.,Paul T.,Alcaraz C.,2,12,8850,3210,1.08,8,6-0 6-1 6-4
French Open,6/4/2025,Grand Slam,Outdoor,Clay,Quarterfinals,5,Bublik A.,Sinner J.,Sinner J.,62,1,915,10380,17,1.03,1-6 5-7 0-6
French Open,6/4/2025,Grand Slam,Outdoor,Clay,Quarterfinals,5,Djokovic N.,Zverev A.,Djokovic N.,6,3,4230,7285,1.91,1.91,4-6 6-3 6-2 6-4
French Open,6/6/2025,Grand Slam,Outdoor,Clay,Semifinals,5,Djokovic N.,Sinner J.,Sinner J.,6,1,4230,10380,4.33,1.22,4-6 5-7 6-7
French Open,6/8/2025,Grand Slam,Outdoor,Clay,The Final,5,Alcaraz C.,Sinner J.,Alcaraz C.,2,1,8850,10380,2,1.83,4-6 6-7 6-4 7-6 7-6
Wimbledon,6/30/2025,Grand Slam,Outdoor,Grass,1st Round,5,Tarvet O.,Riedi L.,Tarvet O.,733,503,36,77,2.1,1.75,6-4 6-4 6-4
Wimbledon,6/30/2025,Grand Slam,Outdoor,Grass,1st Round,5,Dellien H.,Lehecka J.,Lehecka J.,79,25,751,1965,15,1.02,6-4 2-6 2-6 6-7
Wimbledon,6/30/2025,Grand Slam,Outdoor,Grass,1st Round,5,Thompson J.,Kopriva V.,Thompson J.,44,78,1200,757,1.4,3,3-6 4-6 6-3 7-6 6-1
Wimbledon,6/30/2025,Grand Slam,Outdoor,Grass,1st Round,5,O Connell C.,Mannarino A.,Mannarino A.,77,123,775,477,2.9,1.36,2-6 4-6 3-6
Wimbledon,6/30/2025,Grand Slam,Outdoor,Grass,1st Round,5,Bellucci M.,Crawford O.,Bellucci M.,73,248,864,229,1.3,3.6,6-7 6-3 6-4 6-4
Wimbledon,6/30/2025,Grand Slam,Outdoor,Grass,1st Round,5,Medvedev D.,Bonzi B.,Bonzi B.,9,64,3420,930,1.07,8.5,6-7 6-3 6-7 2-6
Wimbledon,6/30/2025,Grand Slam,Outdoor,Grass,1st Round,5,Tien L.,Basavareddy N.,Tien L.,62,100,940,595,1.5,2.6,7-6 6-3 6-2
Wimbledon,6/30/2025,Grand Slam,Outdoor,Grass,1st Round,5,Moller E.,Tiafoe F.,Tiafoe F.,117,12,499,2990,9,1.04,3-6 4-6 2-6
Wimbledon,6/30/2025,Grand Slam,Outdoor,Grass,1st Round,5,Norrie C.,Bautista Agut R.,Norrie C.,61,42,952,1236,1.83,1.91,6-3 3-6 6-4 7-6
Wimbledon,6/30/2025,Grand Slam,Outdoor,Grass,1st Round,5,Popyrin A.,Fery A.,Fery A.,22,461,2140,91,1.22,4.33,4-6 1-6 6-4 4-6
Wimbledon,6/30/2025,Grand Slam,Outdoor,Grass,1st Round,5,Harris L.,Bergs Z.,Harris L.,320,50,159,1079,2.5,1.5,7-6 7-6 6-7 6-2
Wimbledon,6/30/2025,Grand Slam,Outdoor,Grass,1st Round,5,Rune H.,Jarry N.,Jarry N.,8,143,3530,418,1.29,3.75,6-4 6-4 5-7 3-6 4-6
Wimbledon,6/30/2025,Grand Slam,Outdoor,Grass,1st Round,5,Alcaraz C.,Fognini F.,Alcaraz C.,2,138,9300,437,1.01,17,7-5 6-7 7-5 2-6 6-1
Wimbledon,6/30/2025,Grand Slam,Outdoor,Grass,1st Round,5,Safiullin R.,Darderi L.,Darderi L.,75,59,831,989,1.4,3,6-7 6-1 7-6 3-6 1-6
Wimbledon,6/30/2025,Grand Slam,Outdoor,Grass,1st Round,5,Borges N.,Cerundolo F.,Borges N.,37,19,1400,2285,2.4,1.53,4-6 6-3 7-6 6-0
Wimbledon,6/30/2025,Grand Slam,Outdoor,Grass,1st Round,5,Duckworth J.,Auger-Aliassime F.,Auger-Aliassime F.,103,28,566,1825,4.5,1.18,2-6 6-3 7-6 4-6 4-6
Wimbledon,6/30/2025,Grand Slam,Outdoor,Grass,1st Round,5,Fonseca J.,Fearnley J.,Fonseca J.,54,51,1016,1060,1.5,2.63,6-4 6-1 7-6
Wimbledon,6/30/2025,Grand Slam,Outdoor,Grass,1st Round,5,Searle H.,Quinn E.,Quinn E.,421,89,106,682,2.8,1.44,6-4 2-6 6-7 2-6
Wimbledon,6/30/2025,Grand Slam,Outdoor,Grass,1st Round,5,Harris B.,Lajovic D.,Harris B.,151,118,383,498,1.4,2.8,6-3 6-2 6-4
Wimbledon,6/30/2025,Grand Slam,Outdoor,Grass,1st Round,5,McDonald M.,Khachanov K.,Khachanov K.,88,20,689,2240,4.33,1.22,5-7 4-6 4-6
Wimbledon,6/30/2025,Grand Slam,Outdoor,Grass,1st Round,5,Garin C.,Rodesch C.,Garin C.,110,163,525,346,1.67,2.2,7-6 6-4 6-4
Wimbledon,6/30/2025,Grand Slam,Outdoor,Grass,1st Round,5,Djere L.,Rublev A.,Rublev A.,60,14,961,2920,4,1.22,0-6 6-7 7-6 6-7
Wimbledon,6/30/2025,Grand Slam,Outdoor,Grass,1st Round,5,Struff J.L.,Misolic F.,Struff J.L.,125,111,475,518,1.67,2.25,6-2 5-7 6-3 6-3
Wimbledon,6/30/2025,Grand Slam,Outdoor,Grass,1st Round,5,Berrettini M.,Majchrzak K.,Majchrzak K.,35,109,1515,527,1.13,6,6-4 2-6 4-6 7-5 3-6
Wimbledon,6/30/2025,Grand Slam,Outdoor,Grass,1st Round,5,Davidovich Fokina A.,Holt B.,Davidovich Fokina A.,27,99,1845,600,1.22,4.33,6-2 6-4 7-5
Wimbledon,6/30/2025,Grand Slam,Outdoor,Grass,1st Round,5,Griekspoor T.,Brooksby J.,Brooksby J.,29,101,1755,577,1.4,2.75,2-6 5-7 3-6
Wimbledon,6/30/2025,Grand Slam,Outdoor,Grass,1st Round,5,Diallo G.,Altmaier D.,Diallo G.,40,57,1322,998,1.2,4.5,6-1 6-2 6-4
Wimbledon,7/1/2025,Grand Slam,Outdoor,Grass,1st Round,5,Tseng C.H.,Vukic A.,Vukic A.,96,93,643,664,4,1.25,3-6 4-6 6-4 6-7
Wimbledon,7/1/2025,Grand Slam,Outdoor,Grass,1st Round,5,Marozsan F.,McCabe J.,Marozsan F.,58,181,990,308,1.44,2.8,6-1 6-4 6-3
Wimbledon,7/1/2025,Grand Slam,Outdoor,Grass,1st Round,5,Michelsen A.,Kecmanovic M.,Kecmanovic M.,32,49,1670,1106,1.44,2.8,2-6 6-3 3-6 6-3 6-7
Wimbledon,7/1/2025,Grand Slam,Outdoor,Grass,1st Round,5,Sonego L.,Faria J.,Sonego L.,47,116,1171,503,1.3,3.6,6-3 6-4 6-2
Wimbledon,7/1/2025,Grand Slam,Outdoor,Grass,1st Round,5,Monday J.,Paul T.,Paul T.,224,13,249,2970,8.5,1.05,4-6 4-6 2-6
Wimbledon,7/1/2025,Grand Slam,Outdoor,Grass,1st Round,5,De Minaur A.,Carballes Baena R.,De Minaur A.,11,74,3085,849,1.01,13,6-2 6-2 7-6
Wimbledon,7/1/2025,Grand Slam,Outdoor,Grass,1st Round,5,Walton A.,Cazaux A.,Cazaux A.,90,115,678,505,2.5,1.53,3-6 6-7 6-4 7-6 1-6
Wimbledon,7/1/2025,Grand Slam,Outdoor,Grass,1st Round,5,Basilashvili N.,Musetti L.,Basilashvili N.,126,7,474,4140,3.4,1.3,6-2 4-6 7-5 6-1
Wimbledon,7/1/2025,Grand Slam,Outdoor,Grass,1st Round,5,Eubanks C.,De Jong J.,De Jong J.,130,106,454,548,2.1,1.75,3-6 7-6 7-6 3-6 6-7
Wimbledon,7/1/2025,Grand Slam,Outdoor,Grass,1st Round,5,Navone M.,Shapovalov D.,Navone M.,91,30,670,1676,6,1.13,3-6 6-4 6-1 6-4
Wimbledon,7/1/2025,Grand Slam,Outdoor,Grass,1st Round,5,Bublik A.,Munar J.,Munar J.,31,55,1675,1012,1.22,4.33,4-6 6-3 6-4 6-7 2-6
Wimbledon,7/1/2025,Grand Slam,Outdoor,Grass,1st Round,5,Sinner J.,Nardi L.,Sinner J.,1,95,10430,655,1.01,13,6-4 6-3 6-0
Wimbledon,7/1/2025,Grand Slam,Outdoor,Grass,1st Round,5,Loffhagen G.,Martinez P.,Martinez P.,293,52,185,1030,1.3,3.6,6-2 2-6 4-6 2-6
Wimbledon,7/1/2025,Grand Slam,Outdoor,Grass,1st Round,5,Van De Zandschulp B.,Arnaldi M.,Van De Zandschulp B.,92,43,670,1215,2.25,1.67,7-6 7-6 6-4
Wimbledon,7/1/2025,Grand Slam,Outdoor,Grass,1st Round,5,Zeppieri G.,Mochizuki S.,Mochizuki S.,351,144,140,413,2.6,1.5,6-2 6-3 3-6 6-7 5-7
Wimbledon,7/1/2025,Grand Slam,Outdoor,Grass,1st Round,5,Evans D.,Clarke J.,Evans D.,154,196,375,283,1.18,5,6-1 7-5 6-2
Wimbledon,7/1/2025,Grand Slam,Outdoor,Grass,1st Round,5,Comesana F.,Moutet C.,Moutet C.,65,69,914,894,2.8,1.45,4-6 4-6 2-6
Wimbledon,7/1/2025,Grand Slam,Outdoor,Grass,1st Round,5,Fritz T.,Mpetshi G.,Fritz T.,5,36,4635,1411,1.15,5.5,6-7 6-7 6-4 7-6 6-4
Wimbledon,7/1/2025,Grand Slam,Outdoor,Grass,1st Round,5,Halys Q.,Holmgren A.,Holmgren A.,46,192,1174,285,1.17,5,6-7 3-6 4-6
Wimbledon,7/1/2025,Grand Slam,Outdoor,Grass,1st Round,5,Machac T.,Dzumhur D.,Machac T.,23,67,2110,900,1.2,4.5,6-3 6-2 6-4
Wimbledon,7/1/2025,Grand Slam,Outdoor,Grass,1st Round,5,Zverev A.,Rinderknech A.,Rinderknech A.,3,72,6500,873,1.08,7.5,6-7 7-6 3-6 7-6 4-6
Wimbledon,7/1/2025,Grand Slam,Outdoor,Grass,1st Round,5,Cobolli F.,Zhukayev B.,Cobolli F.,24,247,2035,229,1.33,3.4,6-3 7-6 6-1
Wimbledon,7/1/2025,Grand Slam,Outdoor,Grass,1st Round,5,Gaston H.,Mensik J.,Mensik J.,86,17,693,2356,8.5,1.07,1-6 6-4 2-6 2-6
Wimbledon,7/1/2025,Grand Slam,Outdoor,Grass,1st Round,5,Cilic M.,Collignon R.,Cilic M.,83,85,722,705,1.08,7,6-3 6-4 6-3
Wimbledon,7/1/2025,Grand Slam,Outdoor,Grass,1st Round,5,Bolt A.,Shelton B.,Shelton B.,179,10,309,3130,4,1.25,4-6 6-7 6-7
Wimbledon,7/1/2025,Grand Slam,Outdoor,Grass,1st Round,5,Opelka R.,Shevchenko A.,Opelka R.,70,98,877,610,1.33,3.25,6-3 7-5 7-6
Wimbledon,7/1/2025,Grand Slam,Outdoor,Grass,1st Round,5,Humbert U.,Monfils G.,Monfils G.,18,48,2285,1165,1.33,3.4,4-6 6-3 7-6 5-7 2-6
Wimbledon,7/1/2025,Grand Slam,Outdoor,Grass,1st Round,5,Fucsovics M.,Kovacevic A.,Fucsovics M.,105,76,564,799,1.25,3.75,6-3 6-7 6-1 5-7 6-4
Wimbledon,7/1/2025,Grand Slam,Outdoor,Grass,1st Round,5,Nishioka Y.,Dimitrov G.,Dimitrov G.,82,21,724,2155,5,1.18,2-6 3-6 4-6
Wimbledon,7/1/2025,Grand Slam,Outdoor,Grass,1st Round,5,Hijikata R.,Goffin D.,Hijikata R.,87,63,693,930,1.6,2.38,6-3 6-1 6-1
Wimbledon,7/1/2025,Grand Slam,Outdoor,Grass,1st Round,5,Etcheverry T.,Pinnington Jones J.,Pinnington Jones J.,53,281,1025,196,1.45,2.75,6-7 3-6 5-7
Wimbledon,7/1/2025,Grand Slam,Outdoor,Grass,1st Round,5,Giron M.,Ugo Carabelli C.,Giron M.,45,56,1200,1006,1.06,9,7-6 7-6 6-3
Wimbledon,7/1/2025,Grand Slam,Outdoor,Grass,1st Round,5,Muller A.,Djokovic N.,Djokovic N.,41,6,1311,4630,15,1.02,1-6 7-6 2-6 2-6
Wimbledon,7/2/2025,Grand Slam,Outdoor,Grass,1st Round,5,Nakashima B.,Bu Y.,Nakashima B.,34,71,1650,874,1.13,6,6-4 4-6 7-6 6-4
Wimbledon,7/2/2025,Grand Slam,Outdoor,Grass,2nd Round,5,Tiafoe F.,Norrie C.,Norrie C.,12,61,2990,952,1.53,2.5,6-4 4-6 3-6 5-7
Wimbledon,7/2/2025,Grand Slam,Outdoor,Grass,2nd Round,5,Fonseca J.,Brooksby J.,Fonseca J.,54,101,1016,577,1.44,2.8,6-4 5-7 6-2 6-4
Wimbledon,7/2/2025,Grand Slam,Outdoor,Grass,2nd Round,5,Royer V.,Mannarino A.,Mannarino A.,113,123,513,477,2.8,1.44,4-6 4-6 7-5 6-7
Wimbledon,7/2/2025,Grand Slam,Outdoor,Grass,2nd Round,5,Jarry N.,Tien L.,Jarry N.,143,62,418,940,1.67,2.2,6-2 6-2 6-3
Wimbledon,7/2/2025,Grand Slam,Outdoor,Grass,2nd Round,5,Mochizuki S.,Khachanov K.,Khachanov K.,144,20,413,2240,5.5,1.14,6-1 6-7 6-4 3-6 4-6
Wimbledon,7/2/2025,Grand Slam,Outdoor,Grass,2nd Round,5,Rublev A.,Harris L.,Rublev A.,14,320,2920,159,1.29,3.75,6-7 6-4 7-6 6-3
Wimbledon,7/2/2025,Grand Slam,Outdoor,Grass,2nd Round,5,Harris B.,Borges N.,Borges N.,151,37,383,1400,2.5,1.53,3-6 4-6 6-7
Wimbledon,7/2/2025,Grand Slam,Outdoor,Grass,2nd Round,5,Alcaraz C.,Tarvet O.,Alcaraz C.,2,733,9300,36,1.01,12,6-1 6-4 6-4
Wimbledon,7/2/2025,Grand Slam,Outdoor,Grass,2nd Round,5,Bonzi B.,Thompson J.,Thompson J.,64,44,930,1200,1.53,2.5,5-7 7-6 6-4 2-6 4-6
Wimbledon,7/2/2025,Grand Slam,Outdoor,Grass,2nd Round,5,Bellucci M.,Lehecka J.,Bellucci M.,73,25,864,1965,4.5,1.2,7-6 6-1 7-5
Wimbledon,7/2/2025,Grand Slam,Outdoor,Grass,2nd Round,5,Quinn E.,Majchrzak K.,Majchrzak K.,89,109,682,527,1.62,2.2,1-6 4-6 3-6
Wimbledon,7/2/2025,Grand Slam,Outdoor,Grass,2nd Round,5,Fritz T.,Diallo G.,Fritz T.,5,40,4635,1322,1.3,3.6,3-6 6-3 7-6 4-6 6-3
Wimbledon,7/3/2025,Grand Slam,Outdoor,Grass,2nd Round,5,De Jong J.,Kecmanovic M.,Kecmanovic M.,106,49,548,1106,3,1.4,6-1 3-6 2-6 4-6
Wimbledon,7/3/2025,Grand Slam,Outdoor,Grass,2nd Round,5,Mensik J.,Giron M.,Mensik J.,17,45,2356,1200,1.53,2.5,6-4 3-6 6-4 7-6
Wimbledon,7/3/2025,Grand Slam,Outdoor,Grass,2nd Round,5,Cazaux A.,De Minaur A.,De Minaur A.,115,11,505,3085,8,1.08,6-4 2-6 4-6 0-6
Wimbledon,7/3/2025,Grand Slam,Outdoor,Grass,2nd Round,5,Cobolli F.,Pinnington Jones J.,Cobolli F.,24,281,2035,196,1.36,3.2,6-1 7-6 6-2
Wimbledon,7/3/2025,Grand Slam,Outdoor,Grass,2nd Round,5,Moutet C.,Dimitrov G.,Dimitrov G.,69,21,894,2155,2.38,1.6,5-7 6-4 5-7 5-7
Wimbledon,7/3/2025,Grand Slam,Outdoor,Grass,2nd Round,5,Davidovich Fokina A.,Van De Zandschulp B.,Davidovich Fokina A.,27,92,1845,670,1.3,3.6,6-1 4-6 6-3 7-6
Wimbledon,7/3/2025,Grand Slam,Outdoor,Grass,2nd Round,5,Marozsan F.,Munar J.,Munar J.,58,55,990,1012,2,1.8,2-6 3-6 6-7
Wimbledon,7/3/2025,Grand Slam,Outdoor,Grass,2nd Round,5,Struff J.L.,Auger-Aliassime F.,Struff J.L.,125,28,475,1825,3.25,1.33,3-6 7-6 6-3 6-4
Wimbledon,7/3/2025,Grand Slam,Outdoor,Grass,2nd Round,5,Garin C.,Rinderknech A.,Rinderknech A.,110,72,525,873,2.25,1.67,6-3 3-6 6-7 6-4 3-6
Wimbledon,7/3/2025,Grand Slam,Outdoor,Grass,2nd Round,5,Djokovic N.,Evans D.,Djokovic N.,6,154,4630,375,1.06,9,6-3 6-2 6-0
Wimbledon,7/3/2025,Grand Slam,Outdoor,Grass,2nd Round,5,Fery A.,Darderi L.,Darderi L.,461,59,91,989,1.7,2.1,4-6 3-6 3-6
Wimbledon,7/3/2025,Grand Slam,Outdoor,Grass,2nd Round,5,Holmgren A.,Machac T.,Holmgren A.,192,23,285,2110,5.5,1.15,7-6 6-7 6-7 7-5 7-6
Wimbledon,7/3/2025,Grand Slam,Outdoor,Grass,2nd Round,5,Navone M.,Martinez P.,Martinez P.,91,52,670,1030,1.5,2.63,5-7 5-7 6-7
Wimbledon,7/3/2025,Grand Slam,Outdoor,Grass,2nd Round,5,Nakashima B.,Opelka R.,Nakashima B.,34,70,1650,877,1.4,3,7-5 6-2 6-7 6-3
Wimbledon,7/3/2025,Grand Slam,Outdoor,Grass,2nd Round,5,Paul T.,Ofner S.,Ofner S.,13,165,2970,343,1.15,5.5,6-1 5-7 4-6 5-7
Wimbledon,7/3/2025,Grand Slam,Outdoor,Grass,2nd Round,5,Cilic M.,Draper J.,Cilic M.,83,4,722,4650,6.5,1.12,6-4 6-3 1-6 6-4
Wimbledon,7/3/2025,Grand Slam,Outdoor,Grass,2nd Round,5,Basilashvili N.,Sonego L.,Sonego L.,126,47,474,1171,2.8,1.44,1-6 3-6 7-6 6-7
Wimbledon,7/3/2025,Grand Slam,Outdoor,Grass,2nd Round,5,Sinner J.,Vukic A.,Sinner J.,1,93,10430,664,1.01,17,6-1 6-1 6-3
Wimbledon,7/4/2025,Grand Slam,Outdoor,Grass,2nd Round,5,Monfils G.,Fucsovics M.,Fucsovics M.,48,105,1165,564,1.91,1.9,4-6 6-1 6-4 6-7 4-6
Wimbledon,7/4/2025,Grand Slam,Outdoor,Grass,2nd Round,5,Shelton B.,Hijikata R.,Shelton B.,10,87,3130,693,1.22,4.33,6-2 7-5 6-4
Wimbledon,7/4/2025,Grand Slam,Outdoor,Grass,3rd Round,5,Davidovich Fokina A.,Fritz T.,Fritz T.,27,5,1845,4635,3.75,1.25,4-6 3-6 7-6 1-6
Wimbledon,7/4/2025,Grand Slam,Outdoor,Grass,3rd Round,5,Rublev A.,Mannarino A.,Rublev A.,14,123,2920,477,1.25,3.75,7-5 6-2 6-3
Wimbledon,7/4/2025,Grand Slam,Outdoor,Grass,3rd Round,5,Bellucci M.,Norrie C.,Norrie C.,73,61,864,952,2.3,1.57,6-7 4-6 3-6
Wimbledon,7/4/2025,Grand Slam,Outdoor,Grass,3rd Round,5,Thompson J.,Darderi L.,Thompson J.,44,59,1200,989,1.67,2.1,6-4 6-4 3-6 6-3
Wimbledon,7/4/2025,Grand Slam,Outdoor,Grass,3rd Round,5,Rinderknech A.,Majchrzak K.,Majchrzak K.,72,109,873,527,1.9,1.91,3-6 6-7 6-7
Wimbledon,7/4/2025,Grand Slam,Outdoor,Grass,3rd Round,5,Jarry N.,Fonseca J.,Jarry N.,143,54,418,1016,2.9,1.4,6-3 6-4 3-6 7-6
Wimbledon,7/4/2025,Grand Slam,Outdoor,Grass,3rd Round,5,Borges N.,Khachanov K.,Khachanov K.,37,20,1400,2240,3,1.4,6-7 6-4 6-4 3-6 6-7
Wimbledon,7/4/2025,Grand Slam,Outdoor,Grass,3rd Round,5,Alcaraz C.,Struff J.L.,Alcaraz C.,2,125,9300,475,1.04,11,6-1 3-6 6-3 6-4
Wimbledon,7/5/2025,Grand Slam,Outdoor,Grass,3rd Round,5,Mensik J.,Cobolli F.,Cobolli F.,17,24,2356,2035,1.53,2.5,2-6 4-6 2-6
Wimbledon,7/5/2025,Grand Slam,Outdoor,Grass,3rd Round,5,Sinner J.,Martinez P.,Sinner J.,1,52,10430,1030,1.01,19,6-1 6-3 6-1
Wimbledon,7/5/2025,Grand Slam,Outdoor,Grass,3rd Round,5,Ofner S.,Dimitrov G.,Dimitrov G.,165,21,343,2155,3.75,1.29,3-6 4-6 6-7
Wimbledon,7/5/2025,Grand Slam,Outdoor,Grass,3rd Round,5,Sonego L.,Nakashima B.,Sonego L.,47,34,1171,1650,2.6,1.5,6-7 7-6 7-6 3-6 7-6
Wimbledon,7/5/2025,Grand Slam,Outdoor,Grass,3rd Round,5,Holmgren A.,De Minaur A.,De Minaur A.,192,11,285,3085,8,1.06,4-6 6-7 3-6
Wimbledon,7/5/2025,Grand Slam,Outdoor,Grass,3rd Round,5,Cilic M.,Munar J.,Cilic M.,83,55,722,1012,1.53,2.5,6-3 3-6 6-2 6-4
Wimbledon,7/5/2025,Grand Slam,Outdoor,Grass,3rd Round,5,Fucsovics M.,Shelton B.,Shelton B.,105,10,564,3130,3.6,1.3,3-6 6-7 2-6
Wimbledon,7/5/2025,Grand Slam,Outdoor,Grass,3rd Round,3,Djokovic N.,Kecmanovic M.,Djokovic N.,6,49,4630,1106,1.04,9.5,6-3 6-0 6-4
Wimbledon,7/6/2025,Grand Slam,Outdoor,Grass,4th Round,5,Majchrzak K.,Khachanov K.,Khachanov K.,109,20,527,2240,3.2,1.36,4-6 2-6 3-6
Wimbledon,7/6/2025,Grand Slam,Outdoor,Grass,4th Round,5,Norrie C.,Jarry N.,Norrie C.,61,143,952,418,1.83,1.91,6-3 7-6 6-7 6-7 6-3
Wimbledon,7/6/2025,Grand Slam,Outdoor,Grass,4th Round,5,Rublev A.,Alcaraz C.,Alcaraz C.,14,2,2920,9300,7,1.08,7-6 3-6 4-6 4-6
Wimbledon,7/7/2025,Grand Slam,Outdoor,Grass,4th Round,5,Cobolli F.,Cilic M.,Cobolli F.,24,83,2035,722,1.83,2,6-4 6-4 6-7 7-6
Wimbledon,7/7/2025,Grand Slam,Outdoor,Grass,4th Round,5,De Minaur A.,Djokovic N.,Djokovic N.,11,6,3085,4630,5,1.17,6-1 4-6 4-6 4-6
Wimbledon,7/7/2025,Grand Slam,Outdoor,Grass,4th Round,5,Shelton B.,Sonego L.,Shelton B.,10,47,3130,1171,1.29,3.75,3-6 6-1 7-6 7-5
Wimbledon,7/8/2025,Grand Slam,Outdoor,Grass,Quarterfinals,5,Khachanov K.,Fritz T.,Fritz T.,20,5,2240,4635,3.75,1.29,3-6 4-6 6-1 6-7
Wimbledon,7/8/2025,Grand Slam,Outdoor,Grass,Quarterfinals,5,Alcaraz C.,Norrie C.,Alcaraz C.,2,61,9300,952,1.06,9,6-2 6-3 6-3
Wimbledon,7/9/2025,Grand Slam,Outdoor,Grass,Quarterfinals,5,Shelton B.,Sinner J.,Sinner J.,10,1,3130,10430,3.6,1.25,6-7 4-6 4-6
Wimbledon,7/9/2025,Grand Slam,Outdoor,Grass,Quarterfinals,5,Djokovic N.,Cobolli F.,Djokovic N.,6,24,4630,2035,1.1,7,6-7 6-2 7-5 6-4
Wimbledon,7/11/2025,Grand Slam,Outdoor,Grass,Semifinals,5,Fritz T.,Alcaraz C.,Alcaraz C.,5,2,4635,9300,4.75,1.17,4-6 7-5 3-6 6-7
Wimbledon,7/11/2025,Grand Slam,Outdoor,Grass,Semifinals,5,Sinner J.,Djokovic N.,Sinner J.,1,6,10430,4630,1.4,2.8,6-3 6-3 6-4
Wimbledon,7/13/2025,Grand Slam,Outdoor,Grass,The Final,5,Alcaraz C.,Sinner J.,Sinner J.,2,1,9300,10430,2,1.83,6-4 4-6 4-6 4-6
Canadian Open,7/27/2025,Masters 1000,Outdoor,Hard,1st Round,3,Walton A.,Bonzi B.,Walton A.,88,66,706,905,1.87,1.87,4-6 6-0 6-3
Canadian Open,7/27/2025,Masters 1000,Outdoor,Hard,1st Round,3,Ofner S.,Opelka R.,Opelka R.,141,74,433,827,2.5,1.53,6-7 5-7
Canadian Open,7/27/2025,Masters 1000,Outdoor,Hard,1st Round,3,Tien L.,Smith C.,Tien L.,61,136,940,448,1.5,2.63,6-4 7-5
Canadian Open,7/27/2025,Masters 1000,Outdoor,Hard,1st Round,3,Monfils G.,Barrios M.,Barrios M.,48,143,1115,425,1.25,4,4-6 6-4 6-7
Canadian Open,7/27/2025,Masters 1000,Outdoor,Hard,1st Round,3,Mpetshi G.,Mochizuki S.,Mpetshi G.,43,122,1205,491,1.44,2.7,6-4 6-2
Canadian Open,7/27/2025,Masters 1000,Outdoor,Hard,1st Round,3,Herbert P.,Etcheverry T.,Etcheverry T.,142,60,431,960,2.6,1.5,4-6 6-4 5-7
Canadian Open,7/27/2025,Masters 1000,Outdoor,Hard,1st Round,3,Ficovich J.P.,Fearnley J.,Ficovich J.P.,140,55,435,1007,4,1.25,6-2 6-3
Canadian Open,7/27/2025,Masters 1000,Outdoor,Hard,1st Round,3,Blanchet U.,Safiullin R.,Safiullin R.,231,82,243,741,2.8,1.4,6-4 2-6 6-7
Canadian Open,7/27/2025,Masters 1000,Outdoor,Hard,1st Round,3,Arseneault N.,Royer V.,Arseneault N.,638,111,51,579,7.5,1.08,6-3 7-6
Canadian Open,7/27/2025,Masters 1000,Outdoor,Hard,1st Round,3,Bergs Z.,Nava E.,Nava E.,52,114,1049,539,1.62,2.3,1-6 6-7
Canadian Open,7/28/2025,Masters 1000,Outdoor,Hard,1st Round,3,Bagnis F.,Pospisil V.,Bagnis F.,689,1250,44,6,1.14,5,6-2 3-6 6-3
Canadian Open,7/28/2025,Masters 1000,Outdoor,Hard,1st Round,3,Halys Q.,Kecmanovic M.,Kecmanovic M.,69,50,886,1106,2.5,1.53,6-4 4-6 5-7
Canadian Open,7/28/2025,Masters 1000,Outdoor,Hard,1st Round,3,Duckworth J.,Shang J.,Duckworth J.,106,109,600,580,1.6,2.38,6-3 7-6
Canadian Open,7/28/2025,Masters 1000,Outdoor,Hard,1st Round,3,Kopriva V.,Bu Y.,Bu Y.,80,76,756,793,3,1.4,6-7 2-6
Canadian Open,7/28/2025,Masters 1000,Outdoor,Hard,1st Round,3,McDonald M.,Goffin D.,McDonald M.,96,65,655,914,1.5,2.5,6-4 6-4
Canadian Open,7/28/2025,Masters 1000,Outdoor,Hard,1st Round,3,Nishioka Y.,Quinn E.,Quinn E.,131,86,459,726,2.1,1.7,6-7 2-6
Canadian Open,7/28/2025,Masters 1000,Outdoor,Hard,1st Round,3,O Connell C.,Tseng C.H.,O Connell C.,78,107,775,599,1.62,2.3,6-1 6-2
Canadian Open,7/28/2025,Masters 1000,Outdoor,Hard,1st Round,3,Martin D.,Munar J.,Munar J.,560,51,65,1087,15,1.02,3-6 0-6
Canadian Open,7/28/2025,Masters 1000,Outdoor,Hard,1st Round,3,Svrcina D.,Blockx A.,Svrcina D.,120,121,514,492,2.7,1.45,6-4 6-2
Canadian Open,7/28/2025,Masters 1000,Outdoor,Hard,1st Round,3,Martinez P.,Vukic A.,Vukic A.,68,99,890,639,3.2,1.36,5-7 3-6
Canadian Open,7/28/2025,Masters 1000,Outdoor,Hard,1st Round,3,Watanuki Y.,Altmaier D.,Watanuki Y.,158,58,358,973,2,1.8,3-6 6-1 6-4
Canadian Open,7/28/2025,Masters 1000,Outdoor,Hard,1st Round,3,Fonseca J.,Schoolkate T.,Schoolkate T.,49,103,1110,616,1.22,4,6-7 4-6
Canadian Open,7/28/2025,Masters 1000,Outdoor,Hard,1st Round,3,Mannarino A.,Giron M.,Mannarino A.,94,59,661,960,2.9,1.36,6-4 6-4
Canadian Open,7/28/2025,Masters 1000,Outdoor,Hard,1st Round,3,Dzumhur D.,Comesana F.,Comesana F.,54,71,1028,874,2.63,1.45,3-6 5-7
Canadian Open,7/28/2025,Masters 1000,Outdoor,Hard,1st Round,3,Boyer T.,Kovacevic A.,Boyer T.,123,62,480,929,3.2,1.36,7-5 7-6
Canadian Open,7/28/2025,Masters 1000,Outdoor,Hard,1st Round,3,Coric B.,Gigante M.,Gigante M.,92,125,680,476,1.85,1.95,6-4 2-6 6-7
Canadian Open,7/29/2025,Masters 1000,Outdoor,Hard,1st Round,3,Carreno Busta P.,Draxl L.,Carreno Busta P.,93,113,662,548,2.5,1.5,2-6 6-4 6-4
Canadian Open,7/29/2025,Masters 1000,Outdoor,Hard,1st Round,3,Dellien H.,Marozsan F.,Marozsan F.,98,56,654,1005,6.5,1.12,2-6 2-6
Canadian Open,7/29/2025,Masters 1000,Outdoor,Hard,1st Round,3,Galarneau A.,Rinderknech A.,Galarneau A.,193,64,285,914,2.4,1.57,7-6 6-3
Canadian Open,7/29/2025,Masters 1000,Outdoor,Hard,1st Round,3,Brooksby J.,Moutet C.,Moutet C.,102,46,627,1139,2.1,1.75,2-6 1-6
Canadian Open,7/29/2025,Masters 1000,Outdoor,Hard,2nd Round,3,Nava E.,Atmane T.,Nava E.,114,132,539,458,1.29,3.75,6-2 7-5
Canadian Open,7/29/2025,Masters 1000,Outdoor,Hard,2nd Round,3,Barrios M.,Michelsen A.,Michelsen A.,143,34,425,1555,4.33,1.22,6-7 3-6
Canadian Open,7/29/2025,Masters 1000,Outdoor,Hard,2nd Round,3,Rune H.,Mpetshi G.,Rune H.,9,43,3250,1205,1.6,2.38,7-6 6-3
Canadian Open,7/29/2025,Masters 1000,Outdoor,Hard,2nd Round,3,Kecmanovic M.,Muller A.,Muller A.,50,40,1106,1271,1.5,2.6,6-2 3-6 5-7
Canadian Open,7/29/2025,Masters 1000,Outdoor,Hard,2nd Round,3,Khachanov K.,Ficovich J.P.,Khachanov K.,16,140,2590,435,1.12,6.5,6-4 6-2
Canadian Open,7/29/2025,Masters 1000,Outdoor,Hard,2nd Round,3,Duckworth J.,Musetti L.,Musetti L.,106,10,600,3195,3.6,1.3,5-7 1-6
Canadian Open,7/29/2025,Masters 1000,Outdoor,Hard,2nd Round,3,Popyrin A.,Arseneault N.,Popyrin A.,26,638,2050,51,1.06,9,7-6 6-3
Canadian Open,7/29/2025,Masters 1000,Outdoor,Hard,2nd Round,3,Griekspoor T.,Etcheverry T.,Etcheverry T.,31,60,1715,960,1.44,2.8,4-6 6-7
Canadian Open,7/29/2025,Masters 1000,Outdoor,Hard,2nd Round,3,Cerundolo F.,Munar J.,Cerundolo F.,24,51,2085,1087,1.87,1.87,7-6 4-6 6-4
Canadian Open,7/29/2025,Masters 1000,Outdoor,Hard,2nd Round,3,Safiullin R.,Ruud C.,Ruud C.,82,13,741,2905,2.8,1.45,3-6 3-6
Canadian Open,7/29/2025,Masters 1000,Outdoor,Hard,2nd Round,3,Borges N.,Bagnis F.,Borges N.,42,689,1265,44,1.15,5.5,5-7 7-6 6-2
Canadian Open,7/29/2025,Masters 1000,Outdoor,Hard,2nd Round,3,Svrcina D.,Medvedev D.,Medvedev D.,120,14,514,2720,8.5,1.07,6-7 4-6
Canadian Open,7/30/2025,Masters 1000,Outdoor,Hard,2nd Round,3,Tien L.,Shapovalov D.,Tien L.,61,29,940,1836,2.38,1.6,7-6 7-5
Canadian Open,7/30/2025,Masters 1000,Outdoor,Hard,2nd Round,3,Machac T.,Opelka R.,Opelka R.,22,74,2110,827,1.62,2.3,6-7 7-6 3-6
Canadian Open,7/30/2025,Masters 1000,Outdoor,Hard,2nd Round,3,Arnaldi M.,Schoolkate T.,Arnaldi M.,41,103,1265,616,1.6,2.25,6-3 3-6 6-3
Canadian Open,7/30/2025,Masters 1000,Outdoor,Hard,2nd Round,3,Walton A.,Zverev A.,Zverev A.,88,3,706,6030,6,1.1,6-7 4-6
Canadian Open,7/30/2025,Masters 1000,Outdoor,Hard,2nd Round,3,Rublev A.,Gaston H.,Rublev A.,11,126,3110,473,1.1,7,6-2 6-3
Canadian Open,7/30/2025,Masters 1000,Outdoor,Hard,2nd Round,3,Mannarino A.,Shelton B.,Shelton B.,94,7,661,3520,5,1.18,2-6 3-6
Canadian Open,7/30/2025,Masters 1000,Outdoor,Hard,2nd Round,3,Vukic A.,Norrie C.,Vukic A.,99,39,639,1277,2.9,1.36,6-3 6-7 6-3
Canadian Open,7/30/2025,Masters 1000,Outdoor,Hard,2nd Round,3,Bu Y.,Sonego L.,Sonego L.,76,38,793,1281,2.1,1.7,1-6 4-6
Canadian Open,7/30/2025,Masters 1000,Outdoor,Hard,2nd Round,3,Cobolli F.,Galarneau A.,Cobolli F.,17,193,2385,285,1.22,4.33,6-4 5-7 6-4
Canadian Open,7/30/2025,Masters 1000,Outdoor,Hard,2nd Round,3,Gigante M.,Diallo G.,Diallo G.,125,36,476,1333,3.6,1.3,3-6 6-7
Canadian Open,7/30/2025,Masters 1000,Outdoor,Hard,2nd Round,3,Nakashima B.,Quinn E.,Nakashima B.,32,86,1700,726,1.4,3,7-6 6-4
Canadian Open,7/30/2025,Masters 1000,Outdoor,Hard,2nd Round,3,Boyer T.,Mensik J.,Mensik J.,123,18,480,2362,4.5,1.2,4-6 4-6
Canadian Open,7/30/2025,Masters 1000,Outdoor,Hard,2nd Round,3,Tiafoe F.,Watanuki Y.,Tiafoe F.,12,158,2990,358,1.36,3.2,1-6 7-5 7-6
Canadian Open,7/30/2025,Masters 1000,Outdoor,Hard,2nd Round,3,McDonald M.,Lehecka J.,Lehecka J.,96,27,655,2015,3.25,1.3,6-7 4-6
Canadian Open,7/30/2025,Masters 1000,Outdoor,Hard,2nd Round,3,Davidovich Fokina A.,Moutet C.,Davidovich Fokina A.,19,46,2225,1139,1.62,2.3,6-4 6-3
Canadian Open,7/31/2025,Masters 1000,Outdoor,Hard,2nd Round,3,Auger-Aliassime F.,Marozsan F.,Marozsan F.,28,56,1865,1005,1.53,2.5,4-6 4-6
Canadian Open,7/31/2025,Masters 1000,Outdoor,Hard,2nd Round,3,O Connell C.,Tsitsipas S.,O Connell C.,78,30,775,1825,3,1.36,6-4 4-6 6-2
Canadian Open,7/31/2025,Masters 1000,Outdoor,Hard,2nd Round,3,Carreno Busta P.,Fils A.,Fils A.,93,21,662,2130,3,1.4,3-6 4-6
Canadian Open,7/31/2025,Masters 1000,Outdoor,Hard,2nd Round,3,Fritz T.,Carballes Baena R.,Fritz T.,4,89,5135,690,1.05,10,7-5 7-6
Canadian Open,7/31/2025,Masters 1000,Outdoor,Hard,2nd Round,3,Comesana F.,De Minaur A.,De Minaur A.,71,8,874,3335,7,1.1,4-6 2-6
Canadian Open,7/31/2025,Masters 1000,Outdoor,Hard,3rd Round,3,Khachanov K.,Nava E.,Khachanov K.,16,114,2590,539,1.25,4,6-7 6-4 6-1
Canadian Open,7/31/2025,Masters 1000,Outdoor,Hard,3rd Round,3,Musetti L.,Michelsen A.,Michelsen A.,10,34,3195,1555,1.53,2.5,6-3 6-7 4-6
Canadian Open,7/31/2025,Masters 1000,Outdoor,Hard,3rd Round,3,Cerundolo F.,Etcheverry T.,Cerundolo F.,24,60,2085,960,1.53,2.5,6-3 6-4
Canadian Open,7/31/2025,Masters 1000,Outdoor,Hard,3rd Round,3,Borges N.,Ruud C.,Ruud C.,42,13,1265,2905,2.5,1.5,5-7 4-6
Canadian Open,7/31/2025,Masters 1000,Outdoor,Hard,3rd Round,3,Tien L.,Opelka R.,Tien L.,61,74,940,827,1.73,2.1,7-6 6-3
Canadian Open,8/1/2025,Masters 1000,Outdoor,Hard,3rd Round,3,Arnaldi M.,Zverev A.,Zverev A.,41,3,1265,6030,4.5,1.22,7-6 3-6 2-6
Canadian Open,8/1/2025,Masters 1000,Outdoor,Hard,3rd Round,3,Rune H.,Muller A.,Rune H.,9,40,3250,1271,1.25,4,6-2 6-4
Canadian Open,8/1/2025,Masters 1000,Outdoor,Hard,3rd Round,3,Medvedev D.,Popyrin A.,Popyrin A.,14,26,2720,2050,1.25,3.75,7-5 4-6 4-6
Canadian Open,8/1/2025,Masters 1000,Outdoor,Hard,3rd Round,3,Davidovich Fokina A.,Mensik J.,Davidovich Fokina A.,19,18,2225,2362,1.87,1.95,6-2 6-4
Canadian Open,8/1/2025,Masters 1000,Outdoor,Hard,3rd Round,3,Sonego L.,Rublev A.,Rublev A.,38,11,1281,3110,3,1.4,7-5 4-6 3-6
Canadian Open,8/1/2025,Masters 1000,Outdoor,Hard,3rd Round,3,Lehecka J.,Fils A.,Lehecka J.,27,21,2015,2130,1.7,2.2,3-6 6-3 6-4
Canadian Open,8/1/2025,Masters 1000,Outdoor,Hard,3rd Round,3,Vukic A.,Tiafoe F.,Tiafoe F.,99,12,639,2990,2.75,1.4,3-6 6-4 3-6
Canadian Open,8/1/2025,Masters 1000,Outdoor,Hard,3rd Round,3,Cobolli F.,Marozsan F.,Cobolli F.,17,56,2385,1005,1.95,1.85,6-2 4-6 6-3
Canadian Open,8/2/2025,Masters 1000,Outdoor,Hard,3rd Round,3,Diallo G.,Fritz T.,Fritz T.,36,4,1333,5135,3,1.36,4-6 2-6
Canadian Open,8/2/2025,Masters 1000,Outdoor,Hard,3rd Round,3,Shelton B.,Nakashima B.,Shelton B.,7,32,3520,1700,1.4,3,6-7 6-2 7-6
Canadian Open,8/2/2025,Masters 1000,Outdoor,Hard,4th Round,3,Tien L.,Michelsen A.,Michelsen A.,61,34,940,1555,1.85,1.95,3-6 3-6
Canadian Open,8/2/2025,Masters 1000,Outdoor,Hard,4th Round,3,Khachanov K.,Ruud C.,Khachanov K.,16,13,2590,2905,1.75,2.1,6-4 7-5
Canadian Open,8/3/2025,Masters 1000,Outdoor,Hard,4th Round,3,Rune H.,Popyrin A.,Popyrin A.,9,26,3250,2050,1.45,2.8,6-4 2-6 3-6
Canadian Open,8/3/2025,Masters 1000,Outdoor,Hard,4th Round,3,De Minaur A.,Tiafoe F.,De Minaur A.,8,12,3335,2990,1.25,4,6-2 4-6 6-4
Canadian Open,8/4/2025,Masters 1000,Outdoor,Hard,4th Round,3,Cobolli F.,Shelton B.,Shelton B.,17,7,2385,3520,3,1.4,4-6 6-4 6-7
Canadian Open,8/4/2025,Masters 1000,Outdoor,Hard,4th Round,3,Fritz T.,Lehecka J.,Fritz T.,4,27,5135,2015,1.3,3.4,7-6 6-7 7-6
Canadian Open,8/5/2025,Masters 1000,Outdoor,Hard,Quarterfinals,3,Popyrin A.,Zverev A.,Zverev A.,26,3,2050,6030,3.4,1.29,7-6 4-6 3-6
Canadian Open,8/5/2025,Masters 1000,Outdoor,Hard,Quarterfinals,3,Khachanov K.,Michelsen A.,Khachanov K.,16,34,2590,1555,1.5,2.6,6-4 7-6
Canadian Open,8/6/2025,Masters 1000,Outdoor,Hard,Quarterfinals,3,Rublev A.,Fritz T.,Fritz T.,11,4,3110,5135,2.8,1.4,3-6 6-7
Canadian Open,8/6/2025,Masters 1000,Outdoor,Hard,Quarterfinals,3,Shelton B.,De Minaur A.,Shelton B.,7,8,3520,3335,2.3,1.62,6-3 6-4
Canadian Open,8/7/2025,Masters 1000,Outdoor,Hard,Semifinals,3,Zverev A.,Khachanov K.,Khachanov K.,3,16,6030,2590,1.4,2.9,3-6 6-4 6-7
Canadian Open,8/7/2025,Masters 1000,Outdoor,Hard,Semifinals,3,Shelton B.,Fritz T.,Shelton B.,7,4,3520,5135,2.4,1.57,6-4 6-3
Canadian Open,8/8/2025,Masters 1000,Outdoor,Hard,The Final,3,Khachanov K.,Shelton B.,Shelton B.,16,7,2590,3520,2.63,1.5,7-6 4-6 6-7
Western & Southern Financial Group Masters,8/7/2025,Masters 1000,Outdoor,Hard,1st Round,3,Rinderknech A.,Borges N.,Rinderknech A.,70,38,874,1290,2.5,1.5,6-3 6-3
Western & Southern Financial Group Masters,8/7/2025,Masters 1000,Outdoor,Hard,1st Round,3,Bu Y.,Fonseca J.,Fonseca J.,75,52,813,1045,3.25,1.33,6-4 2-6 5-7
Western & Southern Financial Group Masters,8/7/2025,Masters 1000,Outdoor,Hard,1st Round,3,Carballes Baena R.,Gaston H.,Carballes Baena R.,87,123,720,503,1.8,2.05,6-4 5-7 6-3
Western & Southern Financial Group Masters,8/7/2025,Masters 1000,Outdoor,Hard,1st Round,3,Arnaldi M.,Bonzi B.,Bonzi B.,37,63,1315,907,1.45,2.8,7-6 3-6 4-6
Western & Southern Financial Group Masters,8/7/2025,Masters 1000,Outdoor,Hard,1st Round,3,Martinez P.,Jarry N.,Martinez P.,66,100,890,638,4,1.25,1-6 6-4 6-3
Western & Southern Financial Group Masters,8/7/2025,Masters 1000,Outdoor,Hard,1st Round,3,Mpetshi G.,Wong C.,Wong C.,42,177,1185,307,1.53,2.4,3-6 2-6
Western & Southern Financial Group Masters,8/7/2025,Masters 1000,Outdoor,Hard,1st Round,3,Bergs Z.,Fearnley J.,Bergs Z.,54,57,1034,1004,2.1,1.75,6-1 6-4
Western & Southern Financial Group Masters,8/7/2025,Masters 1000,Outdoor,Hard,1st Round,3,Kopriva V.,Galan D.E.,Galan D.E.,81,144,760,430,2.1,1.7,2-6 4-6
Western & Southern Financial Group Masters,8/7/2025,Masters 1000,Outdoor,Hard,1st Round,3,Safiullin R.,Tabilo A.,Safiullin R.,80,103,761,605,1.4,3,6-3 6-3
Western & Southern Financial Group Masters,8/7/2025,Masters 1000,Outdoor,Hard,1st Round,3,Nishioka Y.,Atmane T.,Atmane T.,130,136,469,460,1.7,2.1,2-6 2-6
Western & Southern Financial Group Masters,8/7/2025,Masters 1000,Outdoor,Hard,1st Round,3,Etcheverry T.,Shang J.,Etcheverry T.,58,110,985,565,1.57,2.4,6-7 7-6 6-4
Western & Southern Financial Group Masters,8/7/2025,Masters 1000,Outdoor,Hard,1st Round,3,Thompson J.,Mannarino A.,Mannarino A.,50,89,1085,704,2.2,1.67,2-6 2-6
Western & Southern Financial Group Masters,8/8/2025,Masters 1000,Outdoor,Hard,1st Round,3,Moutet C.,McDonald M.,Moutet C.,44,95,1156,669,1.6,2.38,7-5 6-3
Western & Southern Financial Group Masters,8/8/2025,Masters 1000,Outdoor,Hard,1st Round,3,Smith C.,Marozsan F.,Marozsan F.,138,51,453,1045,2.2,1.67,1-6 6-4 4-6
Western & Southern Financial Group Masters,8/8/2025,Masters 1000,Outdoor,Hard,1st Round,3,Baez S.,Goffin D.,Baez S.,43,64,1170,899,2.9,1.4,6-1 6-3
Western & Southern Financial Group Masters,8/8/2025,Masters 1000,Outdoor,Hard,1st Round,3,Holt B.,Boyer T.,Boyer T.,106,116,594,530,2.1,1.75,3-6 6-7
Western & Southern Financial Group Masters,8/8/2025,Masters 1000,Outdoor,Hard,1st Round,3,Nardi L.,Tirante T.A.,Nardi L.,98,135,655,461,2.4,1.53,6-4 7-6
Western & Southern Financial Group Masters,8/8/2025,Masters 1000,Outdoor,Hard,1st Round,3,Nishikori K.,Ugo Carabelli C.,Ugo Carabelli C.,65,47,893,1118,1.5,2.5,5-7 3-6
Western & Southern Financial Group Masters,8/8/2025,Masters 1000,Outdoor,Hard,1st Round,3,Blockx A.,Giron M.,Blockx A.,119,61,514,960,2.3,1.62,6-2 3-6 6-3
Western & Southern Financial Group Masters,8/8/2025,Masters 1000,Outdoor,Hard,1st Round,3,Coric B.,Nava E.,Nava E.,90,105,690,597,2.5,1.53,3-6 5-7
Western & Southern Financial Group Masters,8/8/2025,Masters 1000,Outdoor,Hard,1st Round,3,Quinn E.,Kecmanovic M.,Quinn E.,82,49,749,1086,2,1.75,7-6 6-4
Western & Southern Financial Group Masters,8/8/2025,Masters 1000,Outdoor,Hard,1st Round,3,Munar J.,Comesana F.,Comesana F.,48,71,1107,869,1.4,2.8,4-6 4-6
Western & Southern Financial Group Masters,8/8/2025,Masters 1000,Outdoor,Hard,1st Round,3,Brooksby J.,Muller A.,Brooksby J.,101,41,637,1196,1.73,2.1,7-6 5-7 6-1
Western & Southern Financial Group Masters,8/8/2025,Masters 1000,Outdoor,Hard,1st Round,3,Dellien H.,Opelka R.,Opelka R.,108,73,589,852,6,1.13,5-7 6-7
Western & Southern Financial Group Masters,8/8/2025,Masters 1000,Outdoor,Hard,1st Round,3,Walton A.,Navone M.,Walton A.,85,78,726,785,1.83,2,4-6 7-6 6-1
Western & Southern Financial Group Masters,8/8/2025,Masters 1000,Outdoor,Hard,1st Round,3,Kovacevic A.,Medjedovic H.,Medjedovic H.,67,72,889,864,1.9,1.91,2-6 3-6
Western & Southern Financial Group Masters,8/8/2025,Masters 1000,Outdoor,Hard,1st Round,3,Bautista Agut R.,Altmaier D.,Bautista Agut R.,53,60,1036,967,1.6,2.38,7-6 7-6
Western & Southern Financial Group Masters,8/8/2025,Masters 1000,Outdoor,Hard,1st Round,3,Kypson P.,Landaluce M.,Landaluce M.,212,142,258,440,1.67,2.2,6-3 3-6 2-6
Western & Southern Financial Group Masters,8/9/2025,Masters 1000,Outdoor,Hard,1st Round,3,Tien L.,Riedi L.,Tien L.,55,522,1028,74,1.4,3,6-3 6-4
Western & Southern Financial Group Masters,8/9/2025,Masters 1000,Outdoor,Hard,1st Round,3,Bellucci M.,Dzumhur D.,Dzumhur D.,74,56,840,1028,1.8,2,6-7 6-7
Western & Southern Financial Group Masters,8/9/2025,Masters 1000,Outdoor,Hard,1st Round,3,Royer V.,Ofner S.,Royer V.,104,141,601,443,1.91,1.91,5-7 6-3 6-3
Western & Southern Financial Group Masters,8/9/2025,Masters 1000,Outdoor,Hard,1st Round,3,Vukic A.,Basavareddy N.,Basavareddy N.,94,109,679,585,1.75,2.1,6-7 5-7
Western & Southern Financial Group Masters,8/9/2025,Masters 1000,Outdoor,Hard,2nd Round,3,Rune H.,Safiullin R.,Rune H.,9,80,3340,761,1.33,3.1,7-5 7-6
Western & Southern Financial Group Masters,8/9/2025,Masters 1000,Outdoor,Hard,2nd Round,3,Ruud C.,Rinderknech A.,Rinderknech A.,13,70,2995,874,1.36,3,7-6 4-6 2-6
Western & Southern Financial Group Masters,8/9/2025,Masters 1000,Outdoor,Hard,2nd Round,3,Bonzi B.,Musetti L.,Bonzi B.,63,10,907,3235,3.2,1.36,5-7 6-4 7-6
Western & Southern Financial Group Masters,8/9/2025,Masters 1000,Outdoor,Hard,2nd Round,3,Moutet C.,Michelsen A.,Michelsen A.,44,33,1156,1655,2.05,1.8,6-3 3-6 4-6
Western & Southern Financial Group Masters,8/9/2025,Masters 1000,Outdoor,Hard,2nd Round,3,Auger-Aliassime F.,Etcheverry T.,Auger-Aliassime F.,28,58,1825,985,1.4,2.8,6-2 7-6
Western & Southern Financial Group Masters,8/9/2025,Masters 1000,Outdoor,Hard,2nd Round,3,Martinez P.,Paul T.,Paul T.,66,16,890,2610,6.5,1.12,2-6 2-6
Western & Southern Financial Group Masters,8/9/2025,Masters 1000,Outdoor,Hard,2nd Round,3,Tsitsipas S.,Marozsan F.,Tsitsipas S.,29,51,1790,1045,2,1.75,7-6 6-2
Western & Southern Financial Group Masters,8/9/2025,Masters 1000,Outdoor,Hard,2nd Round,3,Machac T.,Mannarino A.,Mannarino A.,24,89,2110,704,1.57,2.3,3-6 3-6
Western & Southern Financial Group Masters,8/9/2025,Masters 1000,Outdoor,Hard,2nd Round,3,Diallo G.,Baez S.,Diallo G.,35,43,1367,1170,1.25,4,7-5 6-4
Western & Southern Financial Group Masters,8/9/2025,Masters 1000,Outdoor,Hard,2nd Round,3,Galan D.E.,Sinner J.,Sinner J.,144,1,430,12030,15,1.02,1-6 1-6
Western & Southern Financial Group Masters,8/9/2025,Masters 1000,Outdoor,Hard,2nd Round,3,Humbert U.,Wong C.,Humbert U.,25,177,2085,307,1.5,2.5,6-3 6-4
Western & Southern Financial Group Masters,8/9/2025,Masters 1000,Outdoor,Hard,2nd Round,3,Bergs Z.,Sonego L.,Sonego L.,54,36,1034,1321,2.2,1.67,3-6 6-7
Western & Southern Financial Group Masters,8/9/2025,Masters 1000,Outdoor,Hard,2nd Round,3,Atmane T.,Cobolli F.,Atmane T.,136,22,460,2155,3.4,1.3,6-4 3-6 7-6
Western & Southern Financial Group Masters,8/10/2025,Masters 1000,Outdoor,Hard,2nd Round,3,Carballes Baena R.,Tiafoe F.,Tiafoe F.,87,14,720,2890,4.33,1.22,4-6 3-6
Western & Southern Financial Group Masters,8/10/2025,Masters 1000,Outdoor,Hard,2nd Round,3,Fritz T.,Nava E.,Fritz T.,4,105,5525,597,1.16,6.34,6-4 6-4
Western & Southern Financial Group Masters,8/10/2025,Masters 1000,Outdoor,Hard,2nd Round,3,De Minaur A.,Opelka R.,Opelka R.,8,73,3480,852,1.2,4.33,6-7 4-6
Western & Southern Financial Group Masters,8/10/2025,Masters 1000,Outdoor,Hard,2nd Round,3,Lehecka J.,Boyer T.,Lehecka J.,26,116,2065,530,1.17,5,4-6 6-1 6-4
Western & Southern Financial Group Masters,8/10/2025,Masters 1000,Outdoor,Hard,2nd Round,3,Tien L.,Rublev A.,Rublev A.,55,11,1028,3210,2.63,1.44,6-7 3-6
Western & Southern Financial Group Masters,8/10/2025,Masters 1000,Outdoor,Hard,2nd Round,3,Bautista Agut R.,Norrie C.,Bautista Agut R.,53,39,1036,1277,2.2,1.67,6-4 6-3
Western & Southern Financial Group Masters,8/10/2025,Masters 1000,Outdoor,Hard,2nd Round,3,Quinn E.,Mensik J.,Mensik J.,82,17,749,2396,2.7,1.53,4-6 2-6
Western & Southern Financial Group Masters,8/10/2025,Masters 1000,Outdoor,Hard,2nd Round,3,Popyrin A.,Landaluce M.,Popyrin A.,19,142,2250,440,1.3,3.25,7-6 6-3
Western & Southern Financial Group Masters,8/10/2025,Masters 1000,Outdoor,Hard,2nd Round,3,Dzumhur D.,Alcaraz C.,Alcaraz C.,56,2,1028,8590,13,1.03,1-6 6-2 3-6
Western & Southern Financial Group Masters,8/10/2025,Masters 1000,Outdoor,Hard,2nd Round,3,Brooksby J.,Cazaux A.,Brooksby J.,101,76,637,800,1.87,1.87,7-5 6-1
Western & Southern Financial Group Masters,8/10/2025,Masters 1000,Outdoor,Hard,2nd Round,3,Medvedev D.,Walton A.,Walton A.,15,85,2760,726,1.17,5,7-6 4-6 1-6
Western & Southern Financial Group Masters,8/10/2025,Masters 1000,Outdoor,Hard,2nd Round,3,Nardi L.,Shapovalov D.,Nardi L.,98,30,655,1746,3.6,1.3,6-7 6-3 6-4
Western & Southern Financial Group Masters,8/10/2025,Masters 1000,Outdoor,Hard,2nd Round,3,Griekspoor T.,Medjedovic H.,Medjedovic H.,32,72,1675,864,1.83,2,4-6 6-7
Western & Southern Financial Group Masters,8/10/2025,Masters 1000,Outdoor,Hard,2nd Round,3,Khachanov K.,Royer V.,Khachanov K.,12,104,3190,601,1.25,3.75,6-4 7-6
Western & Southern Financial Group Masters,8/11/2025,Masters 1000,Outdoor,Hard,2nd Round,3,Blockx A.,Nakashima B.,Nakashima B.,119,31,514,1700,3.1,1.33,6-4 3-6 6-7
Western & Southern Financial Group Masters,8/11/2025,Masters 1000,Outdoor,Hard,2nd Round,3,Zverev A.,Basavareddy N.,Zverev A.,3,109,6380,585,1.15,5.5,6-3 6-3
Western & Southern Financial Group Masters,8/11/2025,Masters 1000,Outdoor,Hard,3rd Round,3,Michelsen A.,Rune H.,Rune H.,33,9,1655,3340,2.5,1.53,6-7 3-6
Western & Southern Financial Group Masters,8/11/2025,Masters 1000,Outdoor,Hard,3rd Round,3,Tiafoe F.,Humbert U.,Tiafoe F.,14,25,2890,2085,1.62,2.2,6-4 6-4
Western & Southern Financial Group Masters,8/11/2025,Masters 1000,Outdoor,Hard,3rd Round,3,Tsitsipas S.,Bonzi B.,Bonzi B.,29,63,1790,907,1.5,2.6,7-6 3-6 4-6
Western & Southern Financial Group Masters,8/11/2025,Masters 1000,Outdoor,Hard,3rd Round,3,Fritz T.,Sonego L.,Fritz T.,4,36,5525,1321,1.18,5,7-6 7-5
Western & Southern Financial Group Masters,8/12/2025,Masters 1000,Outdoor,Hard,3rd Round,3,Fonseca J.,Atmane T.,Atmane T.,52,136,1045,460,1.25,3.6,3-6 4-6
Western & Southern Financial Group Masters,8/12/2025,Masters 1000,Outdoor,Hard,3rd Round,3,Sinner J.,Diallo G.,Sinner J.,1,35,12030,1367,1.04,9,6-2 7-6
Western & Southern Financial Group Masters,8/12/2025,Masters 1000,Outdoor,Hard,3rd Round,3,Paul T.,Mannarino A.,Mannarino A.,16,89,2610,704,1.3,3.6,7-5 3-6 4-6
Western & Southern Financial Group Masters,8/12/2025,Masters 1000,Outdoor,Hard,3rd Round,3,Comesana F.,Opelka R.,Comesana F.,71,73,869,852,2.6,1.5,6-7 6-4 7-5
Western & Southern Financial Group Masters,8/12/2025,Masters 1000,Outdoor,Hard,3rd Round,3,Popyrin A.,Rublev A.,Rublev A.,19,11,2250,3210,2.63,1.5,7-6 6-7 5-7
Western & Southern Financial Group Masters,8/12/2025,Masters 1000,Outdoor,Hard,3rd Round,3,Alcaraz C.,Medjedovic H.,Alcaraz C.,2,72,8590,864,1.13,6,6-4 6-4
Western & Southern Financial Group Masters,8/12/2025,Masters 1000,Outdoor,Hard,3rd Round,3,Brooksby J.,Khachanov K.,Khachanov K.,101,12,637,3190,2.8,1.44,3-6 3-6
Western & Southern Financial Group Masters,8/12/2025,Masters 1000,Outdoor,Hard,3rd Round,3,Lehecka J.,Walton A.,Lehecka J.,26,85,2065,726,1.25,4,7-6 7-6
Western & Southern Financial Group Masters,8/13/2025,Masters 1000,Outdoor,Hard,3rd Round,3,Nakashima B.,Zverev A.,Zverev A.,31,3,1700,6380,3.6,1.3,4-6 4-6
Western & Southern Financial Group Masters,8/13/2025,Masters 1000,Outdoor,Hard,3rd Round,3,Shelton B.,Bautista Agut R.,Shelton B.,6,53,4320,1036,1.18,5,7-6 6-3
Western & Southern Financial Group Masters,8/13/2025,Masters 1000,Outdoor,Hard,4th Round,3,Mannarino A.,Sinner J.,Sinner J.,89,1,704,12030,13,1.03,4-6 6-7
Western & Southern Financial Group Masters,8/13/2025,Masters 1000,Outdoor,Hard,4th Round,3,Auger-Aliassime F.,Bonzi B.,Auger-Aliassime F.,28,63,1825,907,1.36,3.2,6-4 6-3
Western & Southern Financial Group Masters,8/13/2025,Masters 1000,Outdoor,Hard,4th Round,3,Fritz T.,Atmane T.,Atmane T.,4,136,5525,460,1.13,6,6-3 5-7 3-6
Western & Southern Financial Group Masters,8/14/2025,Masters 1000,Outdoor,Hard,4th Round,3,Alcaraz C.,Nardi L.,Alcaraz C.,2,98,8590,655,1.06,9,6-1 6-4
Western & Southern Financial Group Masters,8/14/2025,Masters 1000,Outdoor,Hard,4th Round,3,Comesana F.,Rublev A.,Rublev A.,71,11,869,3210,4.33,1.2,2-6 3-6
Western & Southern Financial Group Masters,8/14/2025,Masters 1000,Outdoor,Hard,4th Round,3,Shelton B.,Lehecka J.,Shelton B.,6,26,4320,2065,1.67,2.2,6-4 6-4
Western & Southern Financial Group Masters,8/14/2025,Masters 1000,Outdoor,Hard,Quarterfinals,3,Auger-Aliassime F.,Sinner J.,Sinner J.,28,1,1825,12030,7,1.1,0-6 2-6
Western & Southern Financial Group Masters,8/15/2025,Masters 1000,Outdoor,Hard,Quarterfinals,3,Atmane T.,Rune H.,Atmane T.,136,9,460,3340,3.75,1.29,6-2 6-3
Western & Southern Financial Group Masters,8/15/2025,Masters 1000,Outdoor,Hard,Quarterfinals,3,Rublev A.,Alcaraz C.,Alcaraz C.,11,2,3210,8590,4.33,1.22,3-6 6-4 5-7
Western & Southern Financial Group Masters,8/16/2025,Masters 1000,Outdoor,Hard,Quarterfinals,3,Zverev A.,Shelton B.,Zverev A.,3,6,6380,4320,1.67,2.2,6-2 6-2
Western & Southern Financial Group Masters,8/16/2025,Masters 1000,Outdoor,Hard,Semifinals,3,Atmane T.,Sinner J.,Sinner J.,136,1,460,12030,8,1.08,6-7 2-6
Western & Southern Financial Group Masters,8/16/2025,Masters 1000,Outdoor,Hard,Semifinals,3,Alcaraz C.,Zverev A.,Alcaraz C.,2,3,8590,6380,1.57,2.4,6-4 6-3
US Open,8/24/2025,Grand Slam,Outdoor,Hard,1st Round,5,Shevchenko A.,Davidovich Fokina A.,Davidovich Fokina A.,91,18,692,2185,5.5,1.14,1-6 1-6 2-6
US Open,8/24/2025,Grand Slam,Outdoor,Hard,1st Round,5,Rinderknech A.,Carballes Baena R.,Rinderknech A.,82,87,782,740,1.5,2.63,7-6 7-5 4-6 6-2
US Open,8/24/2025,Grand Slam,Outdoor,Hard,1st Round,5,Jarry N.,Mensik J.,Mensik J.,102,16,628,2430,3.2,1.36,6-7 3-6 4-6
US Open,8/24/2025,Grand Slam,Outdoor,Hard,1st Round,5,Shelton B.,Buse I.,Shelton B.,6,135,4280,473,1.03,17,6-3 6-2 6-4
US Open,8/24/2025,Grand Slam,Outdoor,Hard,1st Round,5,Nava E.,Fritz T.,Fritz T.,968,4,21,5575,8,1.08,5-7 2-6 3-6
US Open,8/24/2025,Grand Slam,Outdoor,Hard,1st Round,5,Blanchet U.,Marozsan F.,Blanchet U.,184,53,295,975,4,1.25,6-4 3-6 7-6 6-2
US Open,8/24/2025,Grand Slam,Outdoor,Hard,1st Round,5,Dostanic S.,Spizzirri E.,Spizzirri E.,389,127,127,493,2.75,1.44,5-7 4-6 6-7
US Open,8/24/2025,Grand Slam,Outdoor,Hard,1st Round,5,Darderi L.,Hijikata R.,Darderi L.,34,103,1379,623,1.57,2.38,6-2 6-1 6-2
US Open,8/24/2025,Grand Slam,Outdoor,Hard,1st Round,5,Coric B.,Lehecka J.,Lehecka J.,105,21,595,2115,6,1.13,6-3 4-6 6-7 1-6
US Open,8/24/2025,Grand Slam,Outdoor,Hard,1st Round,5,Mannarino A.,Griekspoor T.,Mannarino A.,77,30,811,1655,2.3,1.62,7-5 6-4 6-0
US Open,8/24/2025,Grand Slam,Outdoor,Hard,1st Round,5,Nardi L.,Machac T.,Machac T.,86,22,755,2110,3,1.4,3-6 1-6 1-6
US Open,8/24/2025,Grand Slam,Outdoor,Hard,1st Round,5,Svajda Z.,Piros Z.,Svajda Z.,145,156,421,362,1.4,3,6-4 6-2 7-5
US Open,8/24/2025,Grand Slam,Outdoor,Hard,1st Round,5,Quinn E.,Kym J.,Kym J.,84,175,771,309,1.67,2.2,3-6 2-6 6-3 6-7
US Open,8/24/2025,Grand Slam,Outdoor,Hard,1st Round,5,Carreno Busta P.,Llamas Ruiz P.,Carreno Busta P.,137,361,468,136,1.53,2.5,7-6 6-4 6-2
US Open,8/24/2025,Grand Slam,Outdoor,Hard,1st Round,5,Ugo Carabelli C.,Etcheverry T.,Etcheverry T.,43,59,1123,940,3.5,1.3,3-6 2-6 0-6
US Open,8/24/2025,Grand Slam,Outdoor,Hard,1st Round,5,Thompson J.,Moutet C.,Thompson J.,58,40,945,1146,3.4,1.33,6-2 6-4 1-6 6-3
US Open,8/24/2025,Grand Slam,Outdoor,Hard,1st Round,5,Navone M.,Giron M.,Giron M.,78,55,810,960,1.8,2,0-6 5-7 6-4 7-5 4-6
US Open,8/25/2025,Grand Slam,Outdoor,Hard,1st Round,5,Nakashima B.,De Jong J.,Nakashima B.,31,83,1570,774,1.25,4,6-2 6-7 2-6 6-2 7-6
US Open,8/25/2025,Grand Slam,Outdoor,Hard,1st Round,5,Tien L.,Djokovic N.,Djokovic N.,50,7,1000,4130,5.5,1.14,1-6 6-7 2-6
US Open,8/25/2025,Grand Slam,Outdoor,Hard,1st Round,5,Bonzi B.,Medvedev D.,Bonzi B.,51,13,999,2760,4.5,1.2,6-3 7-5 6-7 0-6 6-4
US Open,8/25/2025,Grand Slam,Outdoor,Hard,1st Round,5,Baez S.,Harris L.,Harris L.,39,353,1175,139,2.5,1.53,3-6 5-7 4-6
US Open,8/25/2025,Grand Slam,Outdoor,Hard,1st Round,5,Damm M.,Blanch Dar.,Damm M.,431,364,106,136,2,1.8,6-3 6-4 6-4
US Open,8/25/2025,Grand Slam,Outdoor,Hard,1st Round,5,Kovacevic A.,Wong C.,Wong C.,71,173,862,315,1.73,2.1,4-6 5-7 6-7
US Open,8/25/2025,Grand Slam,Outdoor,Hard,1st Round,5,Walton A.,Humbert U.,Walton A.,85,23,763,2085,2.75,1.44,6-4 7-6 5-7 6-1
US Open,8/25/2025,Grand Slam,Outdoor,Hard,1st Round,5,Tseng C.H.,Bergs Z.,Bergs Z.,118,48,529,1039,3.2,1.36,3-6 4-6 3-6
US Open,8/25/2025,Grand Slam,Outdoor,Hard,1st Round,5,Norrie C.,Korda S.,Norrie C.,35,75,1297,835,2.38,1.57,7-5 6-4
US Open,8/25/2025,Grand Slam,Outdoor,Hard,1st Round,5,Kecmanovic M.,Fonseca J.,Fonseca J.,42,45,1126,1095,2.38,1.57,6-7 6-7 3-6
US Open,8/25/2025,Grand Slam,Outdoor,Hard,1st Round,5,Draper J.,Gomez F.A.,Draper J.,5,203,4440,268,1.02,19,6-4 7-5 6-7 6-2
US Open,8/25/2025,Grand Slam,Outdoor,Hard,1st Round,5,Galan D.E.,Collignon R.,Collignon R.,131,107,480,583,1.91,1.91,4-6 4-6 4-6
US Open,8/25/2025,Grand Slam,Outdoor,Hard,1st Round,5,Comesana F.,Michelsen A.,Comesana F.,54,32,962,1525,3.5,1.3,1-6 6-3 6-4 6-4
US Open,8/25/2025,Grand Slam,Outdoor,Hard,1st Round,5,Passaro F.,Cobolli F.,Cobolli F.,120,26,524,2040,4.33,1.22,5-7 6-4 4-6 6-3 3-6
US Open,8/25/2025,Grand Slam,Outdoor,Hard,1st Round,5,Bellucci M.,Shang J.,Bellucci M.,65,111,914,550,1.67,2.2,7-6 1-6 6-3
US Open,8/25/2025,Grand Slam,Outdoor,Hard,1st Round,5,Vukic A.,Brooksby J.,Brooksby J.,95,92,668,687,3,1.4,3-6 7-6 4-6 6-3 4-6
US Open,8/25/2025,Grand Slam,Outdoor,Hard,1st Round,5,Rune H.,Van De Zandschulp B.,Rune H.,11,73,3050,849,1.3,3.5,6-3 7-6 7-6
US Open,8/25/2025,Grand Slam,Outdoor,Hard,1st Round,5,Nishioka Y.,Tiafoe F.,Tiafoe F.,149,17,399,2340,7,1.1,3-6 6-7 3-6
US Open,8/25/2025,Grand Slam,Outdoor,Hard,1st Round,5,Munar J.,Faria J.,Munar J.,44,117,1117,530,1.25,4,6-0 6-3 5-7 6-2
US Open,8/25/2025,Grand Slam,Outdoor,Hard,1st Round,5,Dellien H.,Majchrzak K.,Majchrzak K.,121,76,524,819,11,1.05,1-6 4-6 7-6 4-6
US Open,8/25/2025,Grand Slam,Outdoor,Hard,1st Round,5,Struff J.L.,McDonald M.,Struff J.L.,144,100,428,642,1.91,1.91,3-6 7-6 6-3 6-3
US Open,8/25/2025,Grand Slam,Outdoor,Hard,1st Round,5,Duckworth J.,Boyer T.,Boyer T.,106,113,584,546,1.73,2.1,3-6 5-7 4-6
US Open,8/25/2025,Grand Slam,Outdoor,Hard,1st Round,5,Khachanov K.,Basavareddy N.,Khachanov K.,9,104,3240,604,1.25,4,6-7 6-3 7-5 6-1
US Open,8/25/2025,Grand Slam,Outdoor,Hard,1st Round,5,Prizmic D.,Rublev A.,Rublev A.,124,15,514,2610,3.75,1.29,4-6 4-6 4-6
US Open,8/26/2025,Grand Slam,Outdoor,Hard,1st Round,5,Ruud C.,Ofner S.,Ruud C.,12,140,2905,453,1.22,4.33,6-1 6-2 7-6
US Open,8/26/2025,Grand Slam,Outdoor,Hard,1st Round,5,Dzumhur D.,Diallo G.,Diallo G.,61,33,933,1388,3.75,1.29,6-7 6-4 5-7 5-7
US Open,8/26/2025,Grand Slam,Outdoor,Hard,1st Round,5,Alcaraz C.,Opelka R.,Alcaraz C.,2,67,9590,895,1.04,13,6-4 7-5 6-4
US Open,8/26/2025,Grand Slam,Outdoor,Hard,1st Round,5,Fucsovics M.,Shapovalov D.,Shapovalov D.,63,29,916,1748,2,1.8,4-6 4-6 0-6
US Open,8/26/2025,Grand Slam,Outdoor,Hard,1st Round,5,Cerundolo F.,Arnaldi M.,Cerundolo F.,19,64,2135,915,1.73,2.1,3-6 2-6 7-5 6-4 6-3
US Open,8/26/2025,Grand Slam,Outdoor,Hard,1st Round,5,Mpetshi G.,Musetti L.,Musetti L.,37,10,1275,3205,3,1.4,7-6 3-6 4-6 4-6
US Open,8/26/2025,Grand Slam,Outdoor,Hard,1st Round,5,Goffin D.,Halys Q.,Goffin D.,80,70,784,873,2.5,1.53,6-7 6-4 6-3 7-5
US Open,8/26/2025,Grand Slam,Outdoor,Hard,1st Round,5,Cilic M.,Bublik A.,Bublik A.,62,24,922,2055,2.75,1.44,4-6 1-6 4-6
US Open,8/26/2025,Grand Slam,Outdoor,Hard,1st Round,5,Riedi L.,Martinez P.,Riedi L.,435,66,104,913,1.57,2.38,6-4 6-2 6-3
US Open,8/26/2025,Grand Slam,Outdoor,Hard,1st Round,5,Kopriva V.,Sinner J.,Sinner J.,89,1,732,11480,51,1,1-6 1-6 2-6
US Open,8/26/2025,Grand Slam,Outdoor,Hard,1st Round,5,Royer V.,Bu Y.,Royer V.,98,74,643,841,2.38,1.57,6-1 6-4 7-6
US Open,8/26/2025,Grand Slam,Outdoor,Hard,1st Round,5,Ruusuvuori E.,Popyrin A.,Popyrin A.,752,36,36,1290,11,1.05,3-6 4-6 6-7
US Open,8/26/2025,Grand Slam,Outdoor,Hard,1st Round,5,Auger-Aliassime F.,Harris B.,Auger-Aliassime F.,27,151,1965,382,1.08,8,6-4 7-6 6-4
US Open,8/26/2025,Grand Slam,Outdoor,Hard,1st Round,5,Gaston H.,Mochizuki S.,Mochizuki S.,125,112,513,550,2.38,1.57,4-6 3-6 4-6
US Open,8/26/2025,Grand Slam,Outdoor,Hard,1st Round,5,Altmaier D.,Medjedovic H.,Altmaier D.,56,57,952,950,3.5,1.3,7-5 6-7 7-6 6-7 6-4
US Open,8/26/2025,Grand Slam,Outdoor,Hard,1st Round,5,Sonego L.,Schoolkate T.,Schoolkate T.,46,96,1090,654,1.36,3.4,3-6 6-7 6-1 6-1 6-7
US Open,8/26/2025,Grand Slam,Outdoor,Hard,1st Round,5,Tsitsipas S.,Muller A.,Tsitsipas S.,28,38,1790,1208,1.44,2.75,4-6 6-0 6-1 7-6
US Open,8/26/2025,Grand Slam,Outdoor,Hard,1st Round,5,O Connell C.,De Minaur A.,De Minaur A.,81,8,784,3545,13,1.04,3-6 4-6 4-6
US Open,8/26/2025,Grand Slam,Outdoor,Hard,1st Round,5,Borges N.,Holt B.,Borges N.,41,110,1145,554,1.36,3.2,6-4 6-2 6-3
US Open,8/26/2025,Grand Slam,Outdoor,Hard,1st Round,5,Monfils G.,Safiullin R.,Safiullin R.,49,94,1015,676,1.91,1.91,4-6 6-2 1-6 6-3 4-6
US Open,8/27/2025,Grand Slam,Outdoor,Hard,1st Round,5,Fearnley J.,Bautista Agut R.,Fearnley J.,60,47,939,1075,2.2,1.67,7-5 6-2 5-7 6-4
US Open,8/27/2025,Grand Slam,Outdoor,Hard,1st Round,5,Moller E.,Paul T.,Paul T.,109,14,560,2610,15,1.03,3-6 3-6 1-6
US Open,8/27/2025,Grand Slam,Outdoor,Hard,1st Round,5,Zverev A.,Tabilo A.,Zverev A.,3,122,6230,517,1.03,17,6-2 7-6 6-4
US Open,8/27/2025,Grand Slam,Outdoor,Hard,2nd Round,5,Etcheverry T.,Lehecka J.,Lehecka J.,59,21,940,2115,4,1.25,6-3 0-6 2-6 4-6
US Open,8/27/2025,Grand Slam,Outdoor,Hard,2nd Round,5,Kym J.,Nakashima B.,Kym J.,175,31,309,1570,3.5,1.3,4-6 7-6 7-5 3-6 7-6
US Open,8/27/2025,Grand Slam,Outdoor,Hard,2nd Round,5,Svajda Z.,Djokovic N.,Djokovic N.,145,7,421,4130,11,1.05,7-6 3-6 3-6 1-6
US Open,8/27/2025,Grand Slam,Outdoor,Hard,2nd Round,5,Machac T.,Fonseca J.,Machac T.,22,45,2110,1095,2,1.8,7-6 6-2 6-3
US Open,8/27/2025,Grand Slam,Outdoor,Hard,2nd Round,5,Ruud C.,Collignon R.,Collignon R.,12,107,2905,583,1.17,5,4-6 6-3 6-3 4-6 5-7
US Open,8/27/2025,Grand Slam,Outdoor,Hard,2nd Round,5,Bonzi B.,Giron M.,Bonzi B.,51,55,999,960,1.91,1.91,2-6 4-6 7-5 6-3 6-4
US Open,8/27/2025,Grand Slam,Outdoor,Hard,2nd Round,5,Harris L.,Fritz T.,Fritz T.,353,4,139,5575,10,1.06,6-4 6-7 2-6 4-6
US Open,8/27/2025,Grand Slam,Outdoor,Hard,2nd Round,5,Norrie C.,Comesana F.,Norrie C.,35,54,1297,962,1.5,2.63,7-6 6-3 6-7 7-6
US Open,8/27/2025,Grand Slam,Outdoor,Hard,2nd Round,5,Davidovich Fokina A.,Rinderknech A.,Rinderknech A.,18,82,2185,782,1.17,5,4-6 6-3 6-2 2-6 3-6
US Open,8/27/2025,Grand Slam,Outdoor,Hard,2nd Round,5,Blanchet U.,Mensik J.,Blanchet U.,184,16,295,2430,4.5,1.2,6-7 7-6 3-6 6-4 7-6
US Open,8/27/2025,Grand Slam,Outdoor,Hard,2nd Round,5,Damm M.,Tiafoe F.,Tiafoe F.,431,17,106,2340,6,1.13,4-6 5-7 7-6 5-7
US Open,8/27/2025,Grand Slam,Outdoor,Hard,2nd Round,5,Darderi L.,Spizzirri E.,Darderi L.,34,127,1379,493,1.57,2.38,6-0 7-6 2-6 6-4
US Open,8/27/2025,Grand Slam,Outdoor,Hard,2nd Round,5,Thompson J.,Mannarino A.,Mannarino A.,58,77,945,811,2.5,1.53,4-6 7-6 3-6 3-6
US Open,8/28/2025,Grand Slam,Outdoor,Hard,2nd Round,5,Struff J.L.,Rune H.,Struff J.L.,144,11,428,3050,3.4,1.33,7-6 2-6 6-3 4-6 7-5
US Open,8/28/2025,Grand Slam,Outdoor,Hard,2nd Round,5,Bellucci M.,Alcaraz C.,Alcaraz C.,65,2,914,9590,21,1.02,1-6 0-6 3-6
US Open,8/28/2025,Grand Slam,Outdoor,Hard,2nd Round,5,Shelton B.,Carreno Busta P.,Shelton B.,6,137,4280,468,1.07,9,6-4 6-2 6-4
US Open,8/28/2025,Grand Slam,Outdoor,Hard,2nd Round,5,Boyer T.,Rublev A.,Rublev A.,113,15,546,2610,11,1.05,3-6 3-6 7-5 6-7
US Open,8/28/2025,Grand Slam,Outdoor,Hard,2nd Round,5,Musetti L.,Goffin D.,Musetti L.,10,80,3205,784,1.14,5.5,6-4 6-0 6-2
US Open,8/28/2025,Grand Slam,Outdoor,Hard,2nd Round,5,Walton A.,Wong C.,Wong C.,85,173,763,315,1.57,2.38,6-7 2-6 6-4 4-6
US Open,8/28/2025,Grand Slam,Outdoor,Hard,2nd Round,5,Majchrzak K.,Khachanov K.,Majchrzak K.,76,9,819,3240,4.5,1.2,2-6 6-7 6-4 7-5 7-6
US Open,8/28/2025,Grand Slam,Outdoor,Hard,2nd Round,5,Royer V.,Shapovalov D.,Shapovalov D.,98,29,643,1748,3.2,1.36,6-7 6-3 6-7 3-6
US Open,8/28/2025,Grand Slam,Outdoor,Hard,2nd Round,5,Riedi L.,Cerundolo F.,Riedi L.,435,19,104,2135,2.75,1.44,3-6 4-6 6-4 6-4 6-2
US Open,8/28/2025,Grand Slam,Outdoor,Hard,2nd Round,5,Brooksby J.,Cobolli F.,Cobolli F.,92,26,687,2040,2.3,1.62,7-5 3-6 4-6 6-2 6-7
US Open,8/28/2025,Grand Slam,Outdoor,Hard,2nd Round,5,Sinner J.,Popyrin A.,Sinner J.,1,36,11480,1290,1.02,21,6-3 6-2 6-2
US Open,8/28/2025,Grand Slam,Outdoor,Hard,2nd Round,5,Diallo G.,Munar J.,Munar J.,33,44,1388,1117,1.91,1.91,5-7 3-6 5-7
US Open,8/28/2025,Grand Slam,Outdoor,Hard,2nd Round,5,Bublik A.,Schoolkate T.,Bublik A.,24,96,2055,654,1.2,4.5,6-3 6-3 6-3
US Open,8/29/2025,Grand Slam,Outdoor,Hard,2nd Round,5,Fearnley J.,Zverev A.,Zverev A.,60,3,939,6230,9,1.07,4-6 4-6 4-6
US Open,8/29/2025,Grand Slam,Outdoor,Hard,2nd Round,5,Altmaier D.,Tsitsipas S.,Altmaier D.,56,28,952,1790,3.5,1.3,7-6 1-6 4-6 6-3 7-5
US Open,8/29/2025,Grand Slam,Outdoor,Hard,2nd Round,5,Safiullin R.,Auger-Aliassime F.,Auger-Aliassime F.,94,27,676,1965,3.4,1.33,1-6 6-7 6-7
US Open,8/29/2025,Grand Slam,Outdoor,Hard,2nd Round,5,De Minaur A.,Mochizuki S.,De Minaur A.,8,112,3545,550,1.03,15,6-2 6-4 6-2
US Open,8/29/2025,Grand Slam,Outdoor,Hard,2nd Round,5,Borges N.,Paul T.,Paul T.,41,14,1145,2610,4,1.25,6-7 3-6 7-5 7-5 5-7
US Open,8/29/2025,Grand Slam,Outdoor,Hard,3rd Round,5,Lehecka J.,Collignon R.,Lehecka J.,21,107,2115,583,1.13,6,6-4 6-4 6-4
US Open,8/29/2025,Grand Slam,Outdoor,Hard,3rd Round,5,Bonzi B.,Rinderknech A.,Rinderknech A.,51,82,999,782,1.8,2,6-4 3-6 3-6 2-6
US Open,8/29/2025,Grand Slam,Outdoor,Hard,3rd Round,5,Alcaraz C.,Darderi L.,Alcaraz C.,2,34,9590,1379,1.01,26,6-2 6-4 6-0
US Open,8/29/2025,Grand Slam,Outdoor,Hard,3rd Round,5,Tiafoe F.,Struff J.L.,Struff J.L.,17,144,2340,428,1.36,3.2,4-6 3-6 6-7
US Open,8/30/2025,Grand Slam,Outdoor,Hard,3rd Round,5,Djokovic N.,Norrie C.,Djokovic N.,7,35,4130,1297,1.08,8,6-4 6-7 6-2 6-3
US Open,8/30/2025,Grand Slam,Outdoor,Hard,3rd Round,5,Blanchet U.,Machac T.,Machac T.,184,22,295,2110,5.5,1.14,5-7 3-6 1-6
US Open,8/30/2025,Grand Slam,Outdoor,Hard,3rd Round,5,Fritz T.,Kym J.,Fritz T.,4,175,5575,309,1.06,10,7-6 6-7 6-4 6-4
US Open,8/30/2025,Grand Slam,Outdoor,Hard,3rd Round,5,Bergs Z.,Munar J.,Munar J.,48,44,1039,1117,2.75,1.44,1-6 4-6 4-6
US Open,8/30/2025,Grand Slam,Outdoor,Hard,3rd Round,5,Sinner J.,Shapovalov D.,Sinner J.,1,29,11480,1748,1.02,21,5-7 6-4 6-3 6-3
US Open,8/30/2025,Grand Slam,Outdoor,Hard,3rd Round,5,Wong C.,Rublev A.,Rublev A.,173,15,315,2610,8,1.08,6-2 4-6 3-6 6-4 3-6
US Open,8/31/2025,Grand Slam,Outdoor,Hard,3rd Round,5,Auger-Aliassime F.,Zverev A.,Auger-Aliassime F.,27,3,1965,6230,3.75,1.29,4-6 7-6 6-4 6-4
US Open,8/31/2025,Grand Slam,Outdoor,Hard,3rd Round,5,Paul T.,Bublik A.,Bublik A.,14,24,2610,2055,1.91,1.91,6-7 7-6 3-6 7-6 1-6
US Open,8/31/2025,Grand Slam,Outdoor,Hard,4th Round,5,Lehecka J.,Mannarino A.,Lehecka J.,21,77,2115,811,1.33,3.4,7-6 6-4 2-6 6-2
US Open,8/31/2025,Grand Slam,Outdoor,Hard,4th Round,5,Rinderknech A.,Alcaraz C.,Alcaraz C.,82,2,782,9590,23,1.01,6-7 3-6 4-6
US Open,8/31/2025,Grand Slam,Outdoor,Hard,4th Round,5,Fritz T.,Machac T.,Fritz T.,4,22,5575,2110,1.36,3.2,6-4 6-3 6-3
US Open,9/1/2025,Grand Slam,Outdoor,Hard,4th Round,5,Struff J.L.,Djokovic N.,Djokovic N.,144,7,428,4130,5.5,1.14,3-6 3-6 2-6
US Open,9/1/2025,Grand Slam,Outdoor,Hard,4th Round,5,De Minaur A.,Riedi L.,De Minaur A.,8,435,3545,104,1.05,11,6-3 6-2 6-1
US Open,9/1/2025,Grand Slam,Outdoor,Hard,4th Round,5,Rublev A.,Auger-Aliassime F.,Auger-Aliassime F.,15,27,2610,1965,1.73,2.1,5-7 3-6 4-6
US Open,9/1/2025,Grand Slam,Outdoor,Hard,4th Round,5,Musetti L.,Munar J.,Musetti L.,10,44,3205,1117,1.44,2.75,6-3 6-0 6-1
US Open,9/2/2025,Grand Slam,Outdoor,Hard,4th Round,5,Bublik A.,Sinner J.,Sinner J.,24,1,2055,11480,8,1.08,1-6 1-6 1-6
US Open,9/2/2025,Grand Slam,Outdoor,Hard,Quarterfinals,5,Alcaraz C.,Lehecka J.,Alcaraz C.,2,21,9590,2115,1.05,11,6-4 6-2 6-4
US Open,9/3/2025,Grand Slam,Outdoor,Hard,Quarterfinals,5,Fritz T.,Djokovic N.,Djokovic N.,4,7,5575,4130,2.75,1.44,3-6 5-7 6-3 4-6
US Open,9/3/2025,Grand Slam,Outdoor,Hard,Quarterfinals,5,Auger-Aliassime F.,De Minaur A.,Auger-Aliassime F.,27,8,1965,3545,2.2,1.67,4-6 7-6 7-5 7-6
US Open,9/4/2025,Grand Slam,Outdoor,Hard,Quarterfinals,5,Musetti L.,Sinner J.,Sinner J.,10,1,3205,11480,15,1.03,1-6 4-6 2-6
US Open,9/5/2025,Grand Slam,Outdoor,Hard,Semifinals,5,Alcaraz C.,Djokovic N.,Alcaraz C.,2,7,9590,4130,1.25,4,6-4 7-6 6-2
US Open,9/6/2025,Grand Slam,Outdoor,Hard,Semifinals,5,Auger-Aliassime F.,Sinner J.,Sinner J.,27,1,1965,11480,17,1.03,1-6 6-3 3-6 4-6
US Open,9/7/2025,Grand Slam,Outdoor,Hard,The Final,5,Alcaraz C.,Sinner J.,Alcaraz C.,2,1,9590,11480,2.15,1.75,6-2 3-6 6-1 6-4
